-- phpMyAdmin SQL Dump
-- version 5.2.2
-- https://www.phpmyadmin.net/
--
-- Host: localhost:3306
-- Generation Time: Oct 29, 2025 at 06:29 PM
-- Server version: 10.11.14-MariaDB-cll-lve
-- PHP Version: 8.4.13

SET SQL_MODE = "NO_AUTO_VALUE_ON_ZERO";
START TRANSACTION;
SET time_zone = "+00:00";


/*!40101 SET @OLD_CHARACTER_SET_CLIENT=@@CHARACTER_SET_CLIENT */;
/*!40101 SET @OLD_CHARACTER_SET_RESULTS=@@CHARACTER_SET_RESULTS */;
/*!40101 SET @OLD_COLLATION_CONNECTION=@@COLLATION_CONNECTION */;
/*!40101 SET NAMES utf8mb4 */;

--
-- Database: `bktcedu_jss`
--

-- --------------------------------------------------------

--
-- Table structure for table `attendance`
--

CREATE TABLE `attendance` (
  `id` int(11) NOT NULL,
  `student_id` int(11) DEFAULT NULL,
  `date` date DEFAULT NULL,
  `status` enum('Present','Absent','Late') DEFAULT 'Present'
) ENGINE=InnoDB DEFAULT CHARSET=utf8mb4 COLLATE=utf8mb4_general_ci;

-- --------------------------------------------------------

--
-- Table structure for table `classes`
--

CREATE TABLE `classes` (
  `id` int(11) NOT NULL,
  `class_name` varchar(50) NOT NULL,
  `class_code` varchar(2) NOT NULL
) ENGINE=InnoDB DEFAULT CHARSET=utf8mb4 COLLATE=utf8mb4_general_ci;

--
-- Dumping data for table `classes`
--

INSERT INTO `classes` (`id`, `class_name`, `class_code`) VALUES
(1, 'Six', '06'),
(2, 'Seven', '07'),
(3, 'Eight', '08'),
(4, 'Nine', '09'),
(5, 'Ten', '10');

-- --------------------------------------------------------

--
-- Table structure for table `exams`
--

CREATE TABLE `exams` (
  `id` int(11) NOT NULL,
  `exam_name` varchar(100) DEFAULT NULL,
  `exam_type` varchar(255) DEFAULT NULL,
  `class_id` int(11) DEFAULT NULL,
  `created_by` varchar(50) DEFAULT NULL,
  `created_at` timestamp NOT NULL DEFAULT current_timestamp()
) ENGINE=InnoDB DEFAULT CHARSET=utf8mb4 COLLATE=utf8mb4_unicode_ci;

--
-- Dumping data for table `exams`
--

INSERT INTO `exams` (`id`, `exam_name`, `exam_type`, `class_id`, `created_by`, `created_at`) VALUES
(1, 'Half Yearly Exam-2025', 'Half Yearly', 2, NULL, '2025-07-16 13:59:06'),
(4, 'Half Yearly Exam-2025', 'Half Yearly', 3, NULL, '2025-07-17 15:22:47'),
(5, 'Test nine', 'Half Yearly', 4, NULL, '2025-10-04 16:27:32');

-- --------------------------------------------------------

--
-- Table structure for table `exam_subjects`
--

CREATE TABLE `exam_subjects` (
  `id` int(11) NOT NULL,
  `exam_id` int(11) DEFAULT NULL,
  `subject_id` int(11) DEFAULT NULL,
  `exam_date` date DEFAULT NULL,
  `exam_time` time DEFAULT NULL,
  `creative_marks` int(11) DEFAULT 0,
  `objective_marks` int(11) DEFAULT 0,
  `practical_marks` int(11) DEFAULT 0,
  `total_marks` int(11) GENERATED ALWAYS AS (`creative_marks` + `objective_marks` + `practical_marks`) STORED,
  `creative_pass` int(11) DEFAULT NULL,
  `objective_pass` int(11) DEFAULT NULL,
  `practical_pass` int(11) DEFAULT NULL,
  `year` year(4) NOT NULL,
  `pass_type` enum('total','individual') DEFAULT 'total',
  `active` enum('Yes','No') DEFAULT 'Yes'
) ENGINE=InnoDB DEFAULT CHARSET=utf8mb4 COLLATE=utf8mb4_unicode_ci;

--
-- Dumping data for table `exam_subjects`
--

INSERT INTO `exam_subjects` (`id`, `exam_id`, `subject_id`, `exam_date`, `exam_time`, `creative_marks`, `objective_marks`, `practical_marks`, `creative_pass`, `objective_pass`, `practical_pass`, `year`, `pass_type`, `active`) VALUES
(1, 1, 11, '2025-07-16', '10:10:00', 70, 30, 0, 23, 10, 0, '0000', 'total', 'Yes'),
(2, 1, 12, '2025-07-16', '19:52:00', 35, 15, 0, 11, 5, 0, '0000', 'total', 'Yes'),
(3, 1, 13, '2025-07-16', '19:55:00', 100, 0, 0, 33, 0, 0, '0000', 'total', 'Yes'),
(4, 1, 14, '2025-07-16', '19:55:00', 50, 0, 0, 16, 0, 0, '0000', 'total', 'Yes'),
(5, 1, 15, '2025-07-16', '19:58:00', 70, 30, 0, 23, 10, 0, '0000', 'total', 'Yes'),
(6, 1, 16, '2025-07-16', '19:58:00', 70, 30, 0, 23, 10, 0, '0000', 'total', 'Yes'),
(7, 1, 17, '2025-07-16', '19:58:00', 70, 30, 0, 23, 10, 0, '0000', 'total', 'Yes'),
(8, 1, 20, '2025-07-17', '19:58:00', 0, 0, 50, 0, 0, 16, '0000', 'total', 'Yes'),
(9, 1, 18, '2025-07-16', '19:58:00', 70, 30, 0, 23, 10, 0, '0000', 'total', 'Yes'),
(10, 1, 19, '2025-07-16', '19:59:00', 25, 0, 25, 8, 0, 8, '0000', 'total', 'Yes'),
(31, 4, 21, '2025-07-17', '21:23:00', 70, 30, 0, 23, 10, 0, '0000', 'total', 'Yes'),
(32, 4, 22, '2025-07-18', '21:20:00', 35, 15, 0, 11, 5, 0, '0000', 'total', 'Yes'),
(33, 4, 23, '2025-07-18', '21:20:00', 100, 0, 0, 33, 0, 0, '0000', 'total', 'Yes'),
(34, 4, 24, '2025-07-25', '21:20:00', 50, 0, 0, 16, 0, 0, '0000', 'total', 'Yes'),
(35, 4, 25, '2025-07-18', '21:20:00', 70, 30, 0, 23, 10, 0, '0000', 'total', 'Yes'),
(36, 4, 27, '2025-07-25', '21:20:00', 70, 30, 0, 23, 10, 0, '0000', 'total', 'Yes'),
(37, 4, 28, '2025-07-18', '21:20:00', 70, 30, 0, 23, 10, 0, '0000', 'total', 'Yes'),
(38, 4, 30, '2025-07-18', '21:20:00', 0, 0, 50, 0, 0, 16, '0000', 'total', 'Yes'),
(39, 4, 26, '2025-07-22', '21:20:00', 70, 30, 0, 23, 10, 0, '0000', 'total', 'Yes'),
(40, 4, 29, '2025-07-12', '21:20:00', 25, 0, 25, 8, 0, 8, '0000', 'total', 'Yes'),
(41, 5, NULL, '2025-10-04', '22:27:00', 0, 0, 0, 0, 0, 0, '0000', 'total', 'Yes'),
(42, 5, NULL, '2025-10-04', '22:27:00', 0, 0, 0, 0, 0, 0, '0000', 'total', 'Yes'),
(43, 5, NULL, '2025-10-04', '22:27:00', 0, 0, 0, 0, 0, 0, '0000', 'total', 'Yes'),
(44, 5, NULL, '2025-10-04', '00:00:00', 0, 0, 0, 0, 0, 0, '0000', 'total', 'Yes'),
(45, 5, NULL, '2025-10-04', '00:00:00', 0, 0, 0, 0, 0, 0, '0000', 'total', 'Yes'),
(46, 5, NULL, '2025-10-04', '00:00:00', 0, 0, 0, 0, 0, 0, '0000', 'total', 'Yes'),
(47, 5, NULL, '2025-10-04', '00:00:00', 0, 0, 0, 0, 0, 0, '0000', 'total', 'Yes'),
(48, 5, NULL, '2025-10-04', '00:00:00', 0, 0, 0, 0, 0, 0, '0000', 'total', 'Yes'),
(49, 5, NULL, '2025-10-04', '00:00:00', 0, 0, 0, 0, 0, 0, '0000', 'total', 'Yes'),
(50, 5, NULL, '2025-10-04', '00:00:00', 0, 0, 0, 0, 0, 0, '0000', 'total', 'Yes'),
(51, 5, NULL, '2025-10-04', '00:00:00', 0, 0, 0, 0, 0, 0, '0000', 'total', 'Yes'),
(52, 5, NULL, '2025-10-04', '00:00:00', 0, 0, 0, 0, 0, 0, '0000', 'total', 'Yes'),
(53, 5, NULL, '2025-10-04', '00:00:00', 0, 0, 0, 0, 0, 0, '0000', 'total', 'Yes'),
(54, 5, NULL, '2025-10-04', '00:00:00', 0, 0, 0, 0, 0, 0, '0000', 'total', 'Yes'),
(55, 5, NULL, '2025-10-19', '00:00:00', 0, 0, 0, 0, 0, 0, '0000', 'total', 'Yes'),
(56, 5, NULL, '2025-10-18', '00:00:00', 0, 0, 0, 0, 0, 0, '0000', 'total', 'Yes'),
(57, 5, NULL, '2025-10-10', '00:00:00', 0, 0, 0, 0, 0, 0, '0000', 'total', 'Yes'),
(58, 5, NULL, '2025-10-17', '00:00:00', 0, 0, 0, 0, 0, 0, '0000', 'total', 'Yes'),
(59, 5, NULL, '2025-10-17', '00:00:00', 0, 0, 0, 0, 0, 0, '0000', 'total', 'Yes'),
(60, 5, NULL, '2025-10-12', '00:00:00', 0, 0, 0, 0, 0, 0, '0000', 'total', 'Yes');

-- --------------------------------------------------------

--
-- Table structure for table `fees`
--

CREATE TABLE `fees` (
  `id` int(11) NOT NULL,
  `student_id` int(11) DEFAULT NULL,
  `month` varchar(20) DEFAULT NULL,
  `year` int(11) DEFAULT NULL,
  `amount` decimal(10,2) DEFAULT NULL,
  `status` enum('Paid','Unpaid') DEFAULT 'Unpaid',
  `created_at` timestamp NOT NULL DEFAULT current_timestamp()
) ENGINE=InnoDB DEFAULT CHARSET=utf8mb4 COLLATE=utf8mb4_general_ci;

-- --------------------------------------------------------

--
-- Table structure for table `marks`
--

CREATE TABLE `marks` (
  `id` int(11) NOT NULL,
  `student_id` int(20) DEFAULT NULL,
  `exam_id` int(11) DEFAULT NULL,
  `subject_id` int(11) DEFAULT NULL,
  `creative_marks` float DEFAULT 0,
  `objective_marks` float DEFAULT 0,
  `practical_marks` float DEFAULT 0,
  `total_marks` float GENERATED ALWAYS AS (`creative_marks` + `objective_marks` + `practical_marks`) STORED,
  `created_at` timestamp NOT NULL DEFAULT current_timestamp()
) ENGINE=InnoDB DEFAULT CHARSET=utf8mb4 COLLATE=utf8mb4_unicode_ci;

--
-- Dumping data for table `marks`
--

INSERT INTO `marks` (`id`, `student_id`, `exam_id`, `subject_id`, `creative_marks`, `objective_marks`, `practical_marks`, `created_at`) VALUES
(1, 2507035, 1, 11, 32, 19, 0, '2025-07-16 16:36:57'),
(2, 2507040, 1, 11, 34, 23, 0, '2025-07-16 16:37:05'),
(3, 2507036, 1, 11, 24, 12, 0, '2025-07-16 16:37:07'),
(4, 2507037, 1, 11, 22, 12, 0, '2025-07-16 16:37:15'),
(5, 2507089, 1, 11, 14, 11, 0, '2025-07-16 16:37:21'),
(6, 2507038, 1, 11, 25, 22, 0, '2025-07-16 16:37:23'),
(7, 2507039, 1, 11, 21, 16, 0, '2025-07-16 16:37:27'),
(8, 2507001, 1, 11, 62, 27, 0, '2025-07-16 16:52:21'),
(9, 2507001, 1, 12, 31, 11, 0, '2025-07-16 16:52:32'),
(10, 2507001, 1, 13, 63, 0, 0, '2025-07-16 16:52:42'),
(11, 2507001, 1, 14, 42, 0, 0, '2025-07-16 16:52:49'),
(12, 2507001, 1, 15, 57, 23, 0, '2025-07-16 16:52:54'),
(13, 2507002, 1, 15, 42, 21, 0, '2025-07-16 16:52:56'),
(14, 2507001, 1, 16, 64, 17, 0, '2025-07-16 16:53:02'),
(15, 2507002, 1, 16, 63, 20, 0, '2025-07-16 16:53:05'),
(16, 2507001, 1, 17, 59, 25, 0, '2025-07-16 16:53:12'),
(17, 2507002, 1, 17, 58, 21, 0, '2025-07-16 16:53:15'),
(18, 2507001, 1, 18, 58, 24, 0, '2025-07-16 16:54:10'),
(19, 2507002, 1, 18, 56, 21, 0, '2025-07-16 16:54:12'),
(20, 2507001, 1, 19, 23, 0, 23, '2025-07-16 16:54:18'),
(21, 2507002, 1, 19, 20, 0, 20, '2025-07-16 16:54:22'),
(22, 2507001, 1, 20, 0, 0, 50, '2025-07-16 16:54:28'),
(23, 2507002, 1, 20, 0, 0, 50, '2025-07-16 16:54:28'),
(24, 2507003, 1, 20, 0, 0, 50, '2025-07-16 16:55:34'),
(25, 2507002, 1, 11, 55, 22, 0, '2025-07-16 18:01:07'),
(26, 2507003, 1, 11, 50, 21, 0, '2025-07-16 18:01:11'),
(27, 2507004, 1, 11, 56, 28, 0, '2025-07-16 18:01:15'),
(28, 2507005, 1, 11, 37, 18, 0, '2025-07-16 18:01:18'),
(29, 2507006, 1, 11, 37, 21, 0, '2025-07-16 18:01:21'),
(30, 2507007, 1, 11, 31, 21, 0, '2025-07-16 18:01:38'),
(31, 2507008, 1, 11, 46, 26, 0, '2025-07-16 18:01:54'),
(32, 2507009, 1, 11, 42, 14, 0, '2025-07-16 18:01:57'),
(33, 2507010, 1, 11, 38, 26, 0, '2025-07-16 18:01:59'),
(34, 2507011, 1, 11, 33, 23, 0, '2025-07-16 18:02:08'),
(35, 2507012, 1, 11, 46, 21, 0, '2025-07-16 18:12:41'),
(36, 2507013, 1, 11, 45, 29, 0, '2025-07-16 18:12:46'),
(37, 2507014, 1, 11, 40, 20, 0, '2025-07-16 18:13:00'),
(38, 2507015, 1, 11, 41, 22, 0, '2025-07-16 18:13:04'),
(39, 2507016, 1, 11, 26, 25, 0, '2025-07-16 18:13:06'),
(40, 2507017, 1, 11, 11, 14, 0, '2025-07-16 18:13:11'),
(41, 2507018, 1, 11, 43, 14, 0, '2025-07-16 18:13:14'),
(42, 2507019, 1, 11, 43, 22, 0, '2025-07-16 18:13:18'),
(43, 2507020, 1, 11, 42, 13, 0, '2025-07-16 18:13:23'),
(44, 2507021, 1, 11, 40, 24, 0, '2025-07-16 18:13:26'),
(45, 2507022, 1, 11, 40, 23, 0, '2025-07-16 18:13:30'),
(46, 2507023, 1, 11, 32, 21, 0, '2025-07-16 18:25:48'),
(47, 2507024, 1, 11, 32, 21, 0, '2025-07-16 18:25:53'),
(48, 2507025, 1, 11, 35, 25, 0, '2025-07-16 18:25:58'),
(49, 2507026, 1, 11, 28, 20, 0, '2025-07-16 18:26:09'),
(50, 2507027, 1, 11, 36, 19, 0, '2025-07-16 18:26:13'),
(51, 2507028, 1, 11, 30, 20, 0, '2025-07-16 18:26:16'),
(52, 2507029, 1, 11, 29, 17, 0, '2025-07-16 18:26:22'),
(53, 2507030, 1, 11, 35, 22, 0, '2025-07-16 18:26:32'),
(54, 2507031, 1, 11, 30, 21, 0, '2025-07-16 18:26:37'),
(55, 2507032, 1, 11, 27, 19, 0, '2025-07-16 18:26:40'),
(56, 2507033, 1, 11, 31, 24, 0, '2025-07-16 18:26:44'),
(57, 2507034, 1, 11, 34, 14, 0, '2025-07-16 18:26:47'),
(58, 2502140, 1, 11, 37, 23, 0, '2025-07-16 18:26:54'),
(59, 2507041, 1, 11, 30, 22, 0, '2025-07-16 18:27:04'),
(60, 2507042, 1, 11, 35, 19, 0, '2025-07-16 18:27:06'),
(61, 2507043, 1, 11, 26, 17, 0, '2025-07-16 18:27:31'),
(62, 2507044, 1, 11, 40, 18, 0, '2025-07-16 18:40:40'),
(63, 2507045, 1, 11, 27, 17, 0, '2025-07-16 18:40:42'),
(64, 2507046, 1, 11, 32, 18, 0, '2025-07-16 18:40:48'),
(65, 2507047, 1, 11, 31, 13, 0, '2025-07-16 18:40:50'),
(66, 2507048, 1, 11, 42, 12, 0, '2025-07-16 18:40:52'),
(67, 2507049, 1, 11, 32, 25, 0, '2025-07-16 18:40:54'),
(68, 2507050, 1, 11, 34, 18, 0, '2025-07-16 18:40:56'),
(69, 2507051, 1, 11, 40, 13, 0, '2025-07-16 18:40:58'),
(70, 2507052, 1, 11, 29, 23, 0, '2025-07-16 18:41:04'),
(71, 2507053, 1, 11, 37, 13, 0, '2025-07-16 18:41:07'),
(72, 2507054, 1, 11, 37, 17, 0, '2025-07-16 18:41:09'),
(73, 2507055, 1, 11, 21, 19, 0, '2025-07-16 18:41:11'),
(74, 2507056, 1, 11, 18, 14, 0, '2025-07-16 18:41:21'),
(75, 2507057, 1, 11, 34, 15, 0, '2025-07-16 18:41:26'),
(76, 2507058, 1, 11, 24, 13, 0, '2025-07-16 18:41:55'),
(77, 2507059, 1, 11, 29, 25, 0, '2025-07-16 18:41:57'),
(78, 2507060, 1, 11, 13, 16, 0, '2025-07-16 18:41:59'),
(79, 2507061, 1, 11, 36, 19, 0, '2025-07-16 18:42:01'),
(80, 2507062, 1, 11, 21, 18, 0, '2025-07-16 18:42:03'),
(81, 2507063, 1, 11, 44, 11, 0, '2025-07-16 18:42:05'),
(82, 2507064, 1, 11, 34, 15, 0, '2025-07-16 18:42:07'),
(83, 2507065, 1, 11, 40, 23, 0, '2025-07-16 18:42:10'),
(84, 2507066, 1, 11, 43, 20, 0, '2025-07-16 18:42:21'),
(85, 2507067, 1, 11, 21, 15, 0, '2025-07-16 18:42:24'),
(86, 2507068, 1, 11, 20, 10, 0, '2025-07-16 18:42:35'),
(87, 2507069, 1, 11, 39, 23, 0, '2025-07-16 18:42:40'),
(88, 2507070, 1, 11, 25, 16, 0, '2025-07-16 18:42:45'),
(89, 2507071, 1, 11, 24, 22, 0, '2025-07-16 18:42:46'),
(90, 2507072, 1, 11, 28, 15, 0, '2025-07-16 18:42:48'),
(91, 2507073, 1, 11, 39, 13, 0, '2025-07-16 18:42:51'),
(92, 2507074, 1, 11, 24, 14, 0, '2025-07-16 18:42:54'),
(93, 2507075, 1, 11, 24, 13, 0, '2025-07-16 18:42:58'),
(94, 2507076, 1, 11, 21, 17, 0, '2025-07-16 18:43:11'),
(95, 2507077, 1, 11, 44, 22, 0, '2025-07-16 18:43:14'),
(96, 2507078, 1, 11, 32, 21, 0, '2025-07-16 18:43:24'),
(97, 2507079, 1, 11, 24, 16, 0, '2025-07-16 18:43:36'),
(98, 2507080, 1, 11, 22, 14, 0, '2025-07-16 18:43:37'),
(99, 2507081, 1, 11, 26, 14, 0, '2025-07-16 18:43:39'),
(100, 2507082, 1, 11, 26, 15, 0, '2025-07-16 18:43:41'),
(101, 2507083, 1, 11, 25, 17, 0, '2025-07-16 18:43:42'),
(102, 2507084, 1, 11, 8, 12, 0, '2025-07-16 18:43:45'),
(103, 2507085, 1, 11, 16, 12, 0, '2025-07-16 18:43:47'),
(104, 2507086, 1, 11, 17, 13, 0, '2025-07-16 18:43:53'),
(105, 2507087, 1, 11, 29, 23, 0, '2025-07-16 18:43:55'),
(106, 2507088, 1, 11, 27, 17, 0, '2025-07-16 18:43:57'),
(107, 2507090, 1, 11, 12, 10, 0, '2025-07-16 18:44:05'),
(108, 2507091, 1, 11, 15, 11, 0, '2025-07-16 18:44:08'),
(109, 2507092, 1, 11, 14, 9, 0, '2025-07-16 18:44:09'),
(110, 2507093, 1, 11, 16, 11, 0, '2025-07-16 18:44:11'),
(111, 2507094, 1, 11, 19, 18, 0, '2025-07-16 18:44:13'),
(112, 2507095, 1, 11, 25, 14, 0, '2025-07-16 18:44:15'),
(113, 2507096, 1, 11, 10, 11, 0, '2025-07-16 18:44:17'),
(114, 2507097, 1, 11, 18, 14, 0, '2025-07-16 18:44:19'),
(115, 2507098, 1, 11, 25, 13, 0, '2025-07-16 18:44:21'),
(116, 2507099, 1, 11, 15, 15, 0, '2025-07-16 18:44:23'),
(117, 2507100, 1, 11, 26, 15, 0, '2025-07-16 18:44:25'),
(118, 2507101, 1, 11, 10, 8, 0, '2025-07-16 18:44:27'),
(119, 2507102, 1, 11, 25, 12, 0, '2025-07-16 18:44:29'),
(120, 2507103, 1, 11, 6, 21, 0, '2025-07-16 18:44:31'),
(121, 2507104, 1, 11, 10, 7, 0, '2025-07-16 18:44:35'),
(122, 2507105, 1, 11, 15, 19, 0, '2025-07-16 18:44:37'),
(123, 2507106, 1, 11, 6, 8, 0, '2025-07-16 18:44:39'),
(124, 2507107, 1, 11, 6, 3, 0, '2025-07-16 18:44:58'),
(125, 2507108, 1, 11, 23, 17, 0, '2025-07-16 18:46:43'),
(126, 2507109, 1, 11, 10, 12, 0, '2025-07-16 18:46:45'),
(127, 2507110, 1, 11, 20, 15, 0, '2025-07-16 18:46:47'),
(128, 2507111, 1, 11, 18, 12, 0, '2025-07-16 18:46:48'),
(129, 2507112, 1, 11, 25, 10, 0, '2025-07-16 18:46:51'),
(130, 2507113, 1, 11, 13, 10, 0, '2025-07-16 18:46:57'),
(131, 2507114, 1, 11, 29, 16, 0, '2025-07-16 18:47:05'),
(132, 2507115, 1, 11, 25, 16, 0, '2025-07-16 18:47:07'),
(133, 2507116, 1, 11, 12, 12, 0, '2025-07-16 18:47:11'),
(134, 2507117, 1, 11, 16, 12, 0, '2025-07-16 18:47:22'),
(135, 2507118, 1, 11, 25, 8, 0, '2025-07-16 18:47:24'),
(136, 2507119, 1, 11, 12, 21, 0, '2025-07-16 18:47:26'),
(137, 2507120, 1, 11, 3, 10, 0, '2025-07-16 18:47:30'),
(138, 2507121, 1, 11, 0, 14, 0, '2025-07-16 18:47:37'),
(139, 2507122, 1, 11, 30, 9, 0, '2025-07-16 18:47:40'),
(140, 2507123, 1, 11, 12, 9, 0, '2025-07-16 18:47:43'),
(141, 2507124, 1, 11, 8, 10, 0, '2025-07-16 18:48:10'),
(142, 2507125, 1, 11, 3, 7, 0, '2025-07-16 18:48:31'),
(143, 2507126, 1, 11, 6, 8, 0, '2025-07-16 18:48:33'),
(144, 2507127, 1, 11, 20, 15, 0, '2025-07-16 18:48:35'),
(145, 2507128, 1, 11, 13, 12, 0, '2025-07-16 18:48:39'),
(146, 2507129, 1, 11, 24, 18, 0, '2025-07-16 18:48:50'),
(147, 2507130, 1, 11, 10, 9, 0, '2025-07-16 18:48:52'),
(148, 2507131, 1, 11, 45, 26, 0, '2025-07-16 18:48:54'),
(149, 2507132, 1, 11, 26, 21, 0, '2025-07-16 18:48:57'),
(150, 2507133, 1, 11, 33, 9, 0, '2025-07-16 18:48:58'),
(151, 2507134, 1, 11, 32, 17, 0, '2025-07-16 18:49:01'),
(152, 2507135, 1, 11, 31, 13, 0, '2025-07-16 18:49:06'),
(153, 2507136, 1, 11, 8, 14, 0, '2025-07-16 18:49:15'),
(154, 2507137, 1, 11, 6, 8, 0, '2025-07-16 18:49:21'),
(155, 2507138, 1, 11, 17, 12, 0, '2025-07-16 18:49:24'),
(156, 2507139, 1, 11, 10, 8, 0, '2025-07-16 18:49:26'),
(157, 2507140, 1, 11, 22, 14, 0, '2025-07-16 18:49:28'),
(158, 2507036, 1, 12, 16, 8, 0, '2025-07-16 18:51:35'),
(159, 2507056, 1, 12, 23, 1, 0, '2025-07-16 18:51:38'),
(160, 2507037, 1, 12, 18, 5, 0, '2025-07-16 18:51:43'),
(161, 2507103, 1, 12, 11, 4, 0, '2025-07-16 18:51:49'),
(162, 2507038, 1, 12, 30, 8, 0, '2025-07-16 18:51:50'),
(163, 2507124, 1, 12, 6, 3, 0, '2025-07-16 18:51:58'),
(164, 2507039, 1, 12, 20, 11, 0, '2025-07-16 18:52:07'),
(165, 2507078, 1, 12, 19, 6, 0, '2025-07-16 18:52:19'),
(166, 2507092, 1, 12, 12, 0, 0, '2025-07-16 18:52:29'),
(167, 2507135, 1, 12, 7, 11, 0, '2025-07-16 18:53:41'),
(168, 2507002, 1, 12, 30, 8, 0, '2025-07-16 18:53:55'),
(169, 2507003, 1, 12, 31, 13, 0, '2025-07-16 18:53:58'),
(170, 2507004, 1, 12, 31, 12, 0, '2025-07-16 18:54:01'),
(171, 2507005, 1, 12, 29, 9, 0, '2025-07-16 18:54:03'),
(172, 2507006, 1, 12, 31, 9, 0, '2025-07-16 18:54:04'),
(173, 2507007, 1, 12, 24, 10, 0, '2025-07-16 18:54:06'),
(174, 2507008, 1, 12, 26, 11, 0, '2025-07-16 18:54:08'),
(175, 2507009, 1, 12, 29, 9, 0, '2025-07-16 18:54:09'),
(176, 2507010, 1, 12, 30, 9, 0, '2025-07-16 18:54:12'),
(177, 2507011, 1, 12, 28, 11, 0, '2025-07-16 18:54:13'),
(178, 2507012, 1, 12, 25, 13, 0, '2025-07-16 18:54:17'),
(179, 2507013, 1, 12, 32, 9, 0, '2025-07-16 18:54:19'),
(180, 2507014, 1, 12, 23, 15, 0, '2025-07-16 18:54:21'),
(181, 2507015, 1, 12, 18, 9, 0, '2025-07-16 18:55:17'),
(182, 2507016, 1, 12, 29, 7, 0, '2025-07-16 18:55:19'),
(183, 2507018, 1, 12, 13, 7, 0, '2025-07-16 18:55:21'),
(184, 2507019, 1, 12, 26, 3, 0, '2025-07-16 18:55:23'),
(185, 2507020, 1, 12, 23, 11, 0, '2025-07-16 18:55:25'),
(186, 2507021, 1, 12, 28, 10, 0, '2025-07-16 18:55:27'),
(187, 2507022, 1, 12, 29, 4, 0, '2025-07-16 18:55:29'),
(188, 2507023, 1, 12, 24, 8, 0, '2025-07-16 18:55:32'),
(189, 2507024, 1, 12, 19, 9, 0, '2025-07-16 18:55:34'),
(190, 2507025, 1, 12, 23, 7, 0, '2025-07-16 18:55:36'),
(191, 2507026, 1, 12, 23, 6, 0, '2025-07-16 18:55:39'),
(192, 2507027, 1, 12, 21, 4, 0, '2025-07-16 18:55:40'),
(193, 2507028, 1, 12, 28, 5, 0, '2025-07-16 18:55:43'),
(194, 2507029, 1, 12, 26, 7, 0, '2025-07-16 18:55:46'),
(195, 2507030, 1, 12, 25, 9, 0, '2025-07-16 18:55:51'),
(196, 2507031, 1, 12, 26, 9, 0, '2025-07-16 18:55:52'),
(197, 2507032, 1, 12, 29, 3, 0, '2025-07-16 18:55:54'),
(198, 2507033, 1, 12, 25, 9, 0, '2025-07-16 18:55:55'),
(199, 2507034, 1, 12, 27, 6, 0, '2025-07-16 18:55:59'),
(200, 2502140, 1, 12, 23, 7, 0, '2025-07-16 18:56:02'),
(201, 2507035, 1, 12, 15, 11, 0, '2025-07-16 18:56:04'),
(202, 2507040, 1, 12, 26, 8, 0, '2025-07-16 18:56:08'),
(203, 2507041, 1, 12, 15, 6, 0, '2025-07-16 18:56:32'),
(204, 2507042, 1, 12, 22, 5, 0, '2025-07-16 19:06:39'),
(205, 2507043, 1, 12, 25, 7, 0, '2025-07-16 19:06:40'),
(206, 2507044, 1, 12, 18, 9, 0, '2025-07-16 19:06:43'),
(207, 2507045, 1, 12, 11, 5, 0, '2025-07-16 19:06:45'),
(208, 2507046, 1, 12, 20, 10, 0, '2025-07-16 19:06:46'),
(209, 2507047, 1, 12, 23, 8, 0, '2025-07-16 19:07:10'),
(210, 2507048, 1, 12, 25, 6, 0, '2025-07-16 19:07:27'),
(211, 2507049, 1, 12, 20, 10, 0, '2025-07-16 19:07:28'),
(212, 2507050, 1, 12, 25, 6, 0, '2025-07-16 19:07:30'),
(213, 2507051, 1, 12, 20, 8, 0, '2025-07-16 19:07:32'),
(214, 2507052, 1, 12, 26, 9, 0, '2025-07-16 19:07:38'),
(215, 2507053, 1, 12, 27, 6, 0, '2025-07-16 19:07:43'),
(216, 2507054, 1, 12, 23, 5, 0, '2025-07-16 19:07:45'),
(217, 2507055, 1, 12, 14, 6, 0, '2025-07-16 19:07:47'),
(218, 2507057, 1, 12, 20, 7, 0, '2025-07-16 19:07:55'),
(219, 2507058, 1, 12, 24, 5, 0, '2025-07-16 19:07:57'),
(220, 2507059, 1, 12, 13, 8, 0, '2025-07-16 19:07:58'),
(221, 2507060, 1, 12, 18, 5, 0, '2025-07-16 19:08:01'),
(222, 2507061, 1, 12, 17, 7, 0, '2025-07-16 19:08:03'),
(223, 2507062, 1, 12, 10, 3, 0, '2025-07-16 19:08:05'),
(224, 2507063, 1, 12, 19, 8, 0, '2025-07-16 19:08:10'),
(225, 2507064, 1, 12, 20, 5, 0, '2025-07-16 19:08:11'),
(226, 2507065, 1, 12, 28, 6, 0, '2025-07-16 19:08:13'),
(227, 2507066, 1, 12, 22, 8, 0, '2025-07-16 19:08:14'),
(228, 2507067, 1, 12, 20, 4, 0, '2025-07-16 19:08:16'),
(229, 2507068, 1, 12, 10, 6, 0, '2025-07-16 19:08:18'),
(230, 2507069, 1, 12, 19, 8, 0, '2025-07-16 19:08:19'),
(231, 2507070, 1, 12, 16, 11, 0, '2025-07-16 19:08:29'),
(232, 2507071, 1, 12, 16, 5, 0, '2025-07-16 19:08:31'),
(233, 2507072, 1, 12, 16, 6, 0, '2025-07-16 19:08:32'),
(234, 2507073, 1, 12, 7, 5, 0, '2025-07-16 19:08:34'),
(235, 2507074, 1, 12, 17, 9, 0, '2025-07-16 19:08:36'),
(236, 2507075, 1, 12, 15, 5, 0, '2025-07-16 19:08:38'),
(237, 2507076, 1, 12, 8, 5, 0, '2025-07-16 19:08:41'),
(238, 2507077, 1, 12, 27, 4, 0, '2025-07-16 19:08:44'),
(239, 2507079, 1, 12, 17, 6, 0, '2025-07-16 19:08:47'),
(240, 2507080, 1, 12, 10, 5, 0, '2025-07-16 19:08:49'),
(241, 2507081, 1, 12, 21, 7, 0, '2025-07-16 19:08:52'),
(242, 2507082, 1, 12, 18, 5, 0, '2025-07-16 19:08:53'),
(243, 2507083, 1, 12, 12, 7, 0, '2025-07-16 19:08:55'),
(244, 2507084, 1, 12, 8, 8, 0, '2025-07-16 19:08:57'),
(245, 2507085, 1, 12, 11, 1, 0, '2025-07-16 19:09:01'),
(246, 2507086, 1, 12, 4, 7, 0, '2025-07-16 19:09:02'),
(247, 2507087, 1, 12, 19, 9, 0, '2025-07-16 19:09:07'),
(248, 2507088, 1, 12, 10, 5, 0, '2025-07-16 19:09:10'),
(249, 2507089, 1, 12, 6, 6, 0, '2025-07-16 19:09:15'),
(250, 2507090, 1, 12, 11, 7, 0, '2025-07-16 19:09:18'),
(251, 2507091, 1, 12, 9, 7, 0, '2025-07-16 19:09:19'),
(252, 2507093, 1, 12, 12, 4, 0, '2025-07-16 19:09:23'),
(253, 2507094, 1, 12, 15, 6, 0, '2025-07-16 19:09:26'),
(254, 2507095, 1, 12, 11, 7, 0, '2025-07-16 19:09:28'),
(255, 2507096, 1, 12, 9, 8, 0, '2025-07-16 19:09:29'),
(256, 2507097, 1, 12, 14, 6, 0, '2025-07-16 19:09:31'),
(257, 2507098, 1, 12, 14, 4, 0, '2025-07-16 19:09:35'),
(258, 2507099, 1, 12, 4, 5, 0, '2025-07-16 19:09:38'),
(259, 2507100, 1, 12, 16, 6, 0, '2025-07-16 19:09:40'),
(260, 2507101, 1, 12, 5, 3, 0, '2025-07-16 19:09:41'),
(261, 2507102, 1, 12, 10, 5, 0, '2025-07-16 19:09:43'),
(262, 2507104, 1, 12, 3, 4, 0, '2025-07-16 19:09:46'),
(263, 2507105, 1, 12, 5, 5, 0, '2025-07-16 19:09:48'),
(264, 2507106, 1, 12, 7, 5, 0, '2025-07-16 19:09:49'),
(265, 2507107, 1, 12, 5, 4, 0, '2025-07-16 19:09:52'),
(266, 2507108, 1, 12, 12, 7, 0, '2025-07-16 19:09:56'),
(267, 2507109, 1, 12, 5, 5, 0, '2025-07-16 19:09:58'),
(268, 2507110, 1, 12, 7, 3, 0, '2025-07-16 19:09:59'),
(269, 2507111, 1, 12, 14, 5, 0, '2025-07-16 19:10:01'),
(270, 2507112, 1, 12, 11, 8, 0, '2025-07-16 19:10:02'),
(271, 2507113, 1, 12, 13, 6, 0, '2025-07-16 19:10:04'),
(272, 2507114, 1, 12, 16, 5, 0, '2025-07-16 19:10:06'),
(273, 2507115, 1, 12, 10, 5, 0, '2025-07-16 19:10:08'),
(274, 2507116, 1, 12, 4, 0, 0, '2025-07-16 19:10:10'),
(275, 2507117, 1, 12, 8, 2, 0, '2025-07-16 19:10:16'),
(276, 2507118, 1, 12, 15, 7, 0, '2025-07-16 19:10:19'),
(277, 2507119, 1, 12, 10, 7, 0, '2025-07-16 19:10:21'),
(278, 2507120, 1, 12, 5, 6, 0, '2025-07-16 19:10:25'),
(279, 2507121, 1, 12, 7, 4, 0, '2025-07-16 19:10:27'),
(280, 2507122, 1, 12, 21, 4, 0, '2025-07-16 19:10:28'),
(281, 2507123, 1, 12, 10, 4, 0, '2025-07-16 19:10:31'),
(282, 2507125, 1, 12, 10, 0, 0, '2025-07-16 19:10:42'),
(283, 2507126, 1, 12, 10, 3, 0, '2025-07-16 19:10:48'),
(284, 2507127, 1, 12, 9, 7, 0, '2025-07-16 19:10:56'),
(285, 2507128, 1, 12, 4, 6, 0, '2025-07-16 19:10:58'),
(286, 2507129, 1, 12, 14, 3, 0, '2025-07-16 19:11:00'),
(287, 2507130, 1, 12, 4, 7, 0, '2025-07-16 19:11:02'),
(288, 2507131, 1, 12, 25, 7, 0, '2025-07-16 19:11:06'),
(289, 2507132, 1, 12, 16, 7, 0, '2025-07-16 19:11:08'),
(290, 2507133, 1, 12, 14, 6, 0, '2025-07-16 19:11:11'),
(291, 2507134, 1, 12, 17, 5, 0, '2025-07-16 19:11:13'),
(292, 2507136, 1, 12, 5, 12, 0, '2025-07-16 19:11:18'),
(293, 2507137, 1, 12, 2, 6, 0, '2025-07-16 19:11:19'),
(294, 2507138, 1, 12, 9, 6, 0, '2025-07-16 19:11:21'),
(295, 2507139, 1, 12, 5, 3, 0, '2025-07-16 19:11:25'),
(296, 2507140, 1, 12, 20, 7, 0, '2025-07-16 19:11:27'),
(297, 2507002, 1, 13, 56, 0, 0, '2025-07-16 19:12:23'),
(298, 2507003, 1, 13, 65, 0, 0, '2025-07-16 19:12:25'),
(299, 2507004, 1, 13, 50, 0, 0, '2025-07-16 19:12:27'),
(300, 2507005, 1, 13, 60, 0, 0, '2025-07-16 19:12:28'),
(301, 2507006, 1, 13, 58, 0, 0, '2025-07-16 19:12:43'),
(302, 2507036, 1, 13, 33, 0, 0, '2025-07-16 19:12:52'),
(303, 2507037, 1, 13, 36, 0, 0, '2025-07-16 19:13:02'),
(304, 2507038, 1, 13, 63, 0, 0, '2025-07-16 19:13:07'),
(305, 2507039, 1, 13, 35, 0, 0, '2025-07-16 19:13:09'),
(306, 2507078, 1, 13, 31, 0, 0, '2025-07-16 19:13:25'),
(307, 2507092, 1, 13, 11, 0, 0, '2025-07-16 19:13:35'),
(308, 2507135, 1, 13, 17, 0, 0, '2025-07-16 19:13:37'),
(309, 2507007, 1, 13, 63, 0, 0, '2025-07-16 19:13:58'),
(310, 2507008, 1, 13, 46, 0, 0, '2025-07-16 19:14:03'),
(311, 2507009, 1, 13, 52, 0, 0, '2025-07-16 19:14:05'),
(312, 2507010, 1, 13, 53, 0, 0, '2025-07-16 19:14:06'),
(313, 2507011, 1, 13, 61, 0, 0, '2025-07-16 19:14:08'),
(314, 2507012, 1, 13, 43, 0, 0, '2025-07-16 19:14:10'),
(315, 2507013, 1, 13, 59, 0, 0, '2025-07-16 19:14:12'),
(316, 2507014, 1, 13, 46, 0, 0, '2025-07-16 19:14:14'),
(317, 2507015, 1, 13, 57, 0, 0, '2025-07-16 19:14:17'),
(318, 2507016, 1, 13, 46, 0, 0, '2025-07-16 19:14:17'),
(319, 2507018, 1, 13, 30, 0, 0, '2025-07-16 19:14:20'),
(320, 2507019, 1, 13, 53, 0, 0, '2025-07-16 19:14:22'),
(321, 2507020, 1, 13, 55, 0, 0, '2025-07-16 19:14:23'),
(322, 2507021, 1, 13, 64, 0, 0, '2025-07-16 19:14:25'),
(323, 2507022, 1, 13, 52, 0, 0, '2025-07-16 19:14:27'),
(324, 2507023, 1, 13, 18, 0, 0, '2025-07-16 19:14:28'),
(325, 2507024, 1, 13, 70, 0, 0, '2025-07-16 19:14:30'),
(326, 2507025, 1, 13, 25, 0, 0, '2025-07-16 19:14:31'),
(327, 2507026, 1, 13, 56, 0, 0, '2025-07-16 19:14:32'),
(328, 2507027, 1, 13, 40, 0, 0, '2025-07-16 19:14:34'),
(329, 2507028, 1, 13, 51, 0, 0, '2025-07-16 19:14:40'),
(330, 2507029, 1, 13, 35, 0, 0, '2025-07-16 19:14:47'),
(331, 2507030, 1, 13, 53, 0, 0, '2025-07-16 19:14:50'),
(332, 2507031, 1, 13, 33, 0, 0, '2025-07-16 19:15:13'),
(333, 2507032, 1, 13, 33, 0, 0, '2025-07-16 19:15:52'),
(334, 2507033, 1, 13, 35, 0, 0, '2025-07-16 19:16:01'),
(335, 2507034, 1, 13, 57, 0, 0, '2025-07-16 19:16:03'),
(336, 2502140, 1, 13, 39, 0, 0, '2025-07-16 19:16:04'),
(337, 2507035, 1, 13, 38, 0, 0, '2025-07-16 19:16:11'),
(338, 2507040, 1, 13, 55, 0, 0, '2025-07-16 19:16:18'),
(339, 2507041, 1, 13, 33, 0, 0, '2025-07-16 19:16:20'),
(340, 2507042, 1, 13, 33, 0, 0, '2025-07-16 19:16:21'),
(341, 2507043, 1, 13, 23, 0, 0, '2025-07-16 19:16:22'),
(342, 2507044, 1, 13, 33, 0, 0, '2025-07-16 19:16:24'),
(343, 2507045, 1, 13, 23, 0, 0, '2025-07-16 19:16:27'),
(344, 2507046, 1, 13, 43, 0, 0, '2025-07-16 19:16:42'),
(345, 2507047, 1, 13, 40, 0, 0, '2025-07-16 19:16:44'),
(346, 2507048, 1, 13, 43, 0, 0, '2025-07-16 19:16:51'),
(347, 2507049, 1, 13, 35, 0, 0, '2025-07-16 19:16:59'),
(348, 2507050, 1, 13, 42, 0, 0, '2025-07-16 19:17:01'),
(349, 2507051, 1, 13, 49, 0, 0, '2025-07-16 19:17:02'),
(350, 2507052, 1, 13, 33, 0, 0, '2025-07-16 19:17:04'),
(351, 2507053, 1, 13, 34, 0, 0, '2025-07-16 19:17:06'),
(352, 2507054, 1, 13, 33, 0, 0, '2025-07-16 19:17:07'),
(353, 2507055, 1, 13, 40, 0, 0, '2025-07-16 19:17:07'),
(354, 2507056, 1, 13, 11, 0, 0, '2025-07-16 19:17:26'),
(355, 2507057, 1, 13, 44, 0, 0, '2025-07-16 19:17:32'),
(356, 2507058, 1, 13, 45, 0, 0, '2025-07-16 19:17:33'),
(357, 2507059, 1, 13, 39, 0, 0, '2025-07-16 19:17:35'),
(358, 2507060, 1, 13, 37, 0, 0, '2025-07-16 19:17:36'),
(359, 2507061, 1, 13, 43, 0, 0, '2025-07-16 19:17:38'),
(360, 2507062, 1, 13, 29, 0, 0, '2025-07-16 19:17:40'),
(361, 2507063, 1, 13, 21, 0, 0, '2025-07-16 19:17:41'),
(362, 2507064, 1, 13, 56, 0, 0, '2025-07-16 19:17:43'),
(363, 2507065, 1, 13, 44, 0, 0, '2025-07-16 19:17:44'),
(364, 2507066, 1, 13, 47, 0, 0, '2025-07-16 19:17:46'),
(365, 2507067, 1, 13, 33, 0, 0, '2025-07-16 19:17:47'),
(366, 2507068, 1, 13, 22, 0, 0, '2025-07-16 19:17:50'),
(367, 2507069, 1, 13, 43, 0, 0, '2025-07-16 19:17:51'),
(368, 2507070, 1, 13, 36, 0, 0, '2025-07-16 19:17:53'),
(369, 2507071, 1, 13, 28, 0, 0, '2025-07-16 19:17:54'),
(370, 2507072, 1, 13, 30, 0, 0, '2025-07-16 19:17:55'),
(371, 2507073, 1, 13, 18, 0, 0, '2025-07-16 19:17:56'),
(372, 2507074, 1, 13, 22, 0, 0, '2025-07-16 19:17:57'),
(373, 2507075, 1, 13, 27, 0, 0, '2025-07-16 19:17:59'),
(374, 2507076, 1, 13, 34, 0, 0, '2025-07-16 19:18:01'),
(375, 2507077, 1, 13, 34, 0, 0, '2025-07-16 19:18:07'),
(376, 2507079, 1, 13, 26, 0, 0, '2025-07-16 19:18:09'),
(377, 2507080, 1, 13, 18, 0, 0, '2025-07-16 19:18:11'),
(378, 2507081, 1, 13, 27, 0, 0, '2025-07-16 19:18:12'),
(379, 2507082, 1, 13, 33, 0, 0, '2025-07-16 19:18:13'),
(380, 2507083, 1, 13, 33, 0, 0, '2025-07-16 19:18:16'),
(381, 2507084, 1, 13, 20, 0, 0, '2025-07-16 19:18:17'),
(382, 2507085, 1, 13, 25, 0, 0, '2025-07-16 19:18:18'),
(383, 2507086, 1, 13, 25, 0, 0, '2025-07-16 19:18:19'),
(384, 2507087, 1, 13, 22, 0, 0, '2025-07-16 19:18:22'),
(385, 2507088, 1, 13, 26, 0, 0, '2025-07-16 19:18:23'),
(386, 2507089, 1, 13, 36, 0, 0, '2025-07-16 19:18:32'),
(387, 2507090, 1, 13, 16, 0, 0, '2025-07-16 19:18:51'),
(388, 2507091, 1, 13, 14, 0, 0, '2025-07-16 19:18:55'),
(389, 2507093, 1, 13, 21, 0, 0, '2025-07-16 19:18:58'),
(390, 2507094, 1, 13, 22, 0, 0, '2025-07-16 19:18:59'),
(391, 2507095, 1, 13, 33, 0, 0, '2025-07-16 19:19:03'),
(392, 2507096, 1, 13, 29, 0, 0, '2025-07-16 19:19:04'),
(393, 2507097, 1, 13, 26, 0, 0, '2025-07-16 19:19:05'),
(394, 2507098, 1, 13, 33, 0, 0, '2025-07-16 19:19:08'),
(395, 2507099, 1, 13, 11, 0, 0, '2025-07-16 19:19:09'),
(396, 2507100, 1, 13, 24, 0, 0, '2025-07-16 19:19:10'),
(397, 2507101, 1, 13, 38, 0, 0, '2025-07-16 19:19:13'),
(398, 2507102, 1, 13, 8, 0, 0, '2025-07-16 19:19:14'),
(399, 2507103, 1, 13, 23, 0, 0, '2025-07-16 19:19:18'),
(400, 2507104, 1, 13, 8, 0, 0, '2025-07-16 19:19:20'),
(401, 2507105, 1, 13, 20, 0, 0, '2025-07-16 19:19:21'),
(402, 2507106, 1, 13, 4, 0, 0, '2025-07-16 19:19:22'),
(403, 2507107, 1, 13, 2, 0, 0, '2025-07-16 19:19:23'),
(404, 2507108, 1, 13, 10, 0, 0, '2025-07-16 19:19:26'),
(405, 2507109, 1, 13, 6, 0, 0, '2025-07-16 19:19:27'),
(406, 2507110, 1, 13, 30, 0, 0, '2025-07-16 19:19:28'),
(407, 2507111, 1, 13, 18, 0, 0, '2025-07-16 19:19:30'),
(408, 2507112, 1, 13, 26, 0, 0, '2025-07-16 19:19:31'),
(409, 2507113, 1, 13, 26, 0, 0, '2025-07-16 19:19:32'),
(410, 2507114, 1, 13, 20, 0, 0, '2025-07-16 19:19:34'),
(411, 2507115, 1, 13, 24, 0, 0, '2025-07-16 19:19:35'),
(412, 2507116, 1, 13, 3, 0, 0, '2025-07-16 19:19:41'),
(413, 2507117, 1, 13, 20, 0, 0, '2025-07-16 19:19:57'),
(414, 2507118, 1, 13, 13, 0, 0, '2025-07-16 19:19:59'),
(415, 2507119, 1, 13, 33, 0, 0, '2025-07-16 19:20:01'),
(416, 2507120, 1, 13, 11, 0, 0, '2025-07-16 19:20:02'),
(417, 2507121, 1, 13, 3, 0, 0, '2025-07-16 19:20:03'),
(418, 2507122, 1, 13, 30, 0, 0, '2025-07-16 19:20:04'),
(419, 2507123, 1, 13, 7, 0, 0, '2025-07-16 19:20:06'),
(420, 2507124, 1, 13, 18, 0, 0, '2025-07-16 19:20:10'),
(421, 2507125, 1, 13, 3, 0, 0, '2025-07-16 19:20:13'),
(422, 2507126, 1, 13, 5, 0, 0, '2025-07-16 19:20:14'),
(423, 2507127, 1, 13, 29, 0, 0, '2025-07-16 19:20:15'),
(424, 2507128, 1, 13, 25, 0, 0, '2025-07-16 19:20:17'),
(425, 2507129, 1, 13, 18, 0, 0, '2025-07-16 19:20:19'),
(426, 2507130, 1, 13, 18, 0, 0, '2025-07-16 19:20:23'),
(427, 2507131, 1, 13, 58, 0, 0, '2025-07-16 19:20:49'),
(428, 2507132, 1, 13, 41, 0, 0, '2025-07-16 19:20:55'),
(429, 2507133, 1, 13, 49, 0, 0, '2025-07-16 19:20:57'),
(430, 2507134, 1, 13, 33, 0, 0, '2025-07-16 19:20:58'),
(431, 2507136, 1, 13, 15, 0, 0, '2025-07-16 19:21:02'),
(432, 2507137, 1, 13, 17, 0, 0, '2025-07-16 19:21:04'),
(433, 2507138, 1, 13, 15, 0, 0, '2025-07-16 19:21:05'),
(434, 2507139, 1, 13, 15, 0, 0, '2025-07-16 19:21:06'),
(435, 2507140, 1, 13, 20, 0, 0, '2025-07-16 19:21:17'),
(436, 2507002, 1, 14, 32, 0, 0, '2025-07-17 05:41:17'),
(437, 2507003, 1, 14, 37, 0, 0, '2025-07-17 05:41:25'),
(438, 2507004, 1, 14, 37, 0, 0, '2025-07-17 05:41:41'),
(439, 2507003, 1, 15, 56, 21, 0, '2025-07-17 05:41:59'),
(440, 2507004, 1, 15, 50, 19, 0, '2025-07-17 05:42:03'),
(441, 2507005, 1, 14, 21, 0, 0, '2025-07-17 05:44:07'),
(442, 2507006, 1, 14, 40, 0, 0, '2025-07-17 05:44:12'),
(443, 2507007, 1, 14, 32, 0, 0, '2025-07-17 05:44:20'),
(444, 2507008, 1, 14, 29, 0, 0, '2025-07-17 05:44:26'),
(445, 2507009, 1, 14, 31, 0, 0, '2025-07-17 05:45:08'),
(446, 2507010, 1, 14, 25, 0, 0, '2025-07-17 05:46:08'),
(447, 2507011, 1, 14, 20, 0, 0, '2025-07-17 05:46:13'),
(448, 2507012, 1, 14, 28, 0, 0, '2025-07-17 05:46:21'),
(449, 2507013, 1, 14, 35, 0, 0, '2025-07-17 05:46:25'),
(450, 2507014, 1, 14, 21, 0, 0, '2025-07-17 05:46:28'),
(451, 2507015, 1, 14, 26, 0, 0, '2025-07-17 05:46:38'),
(452, 2507016, 1, 14, 26, 0, 0, '2025-07-17 05:46:42'),
(453, 2507018, 1, 14, 10, 0, 0, '2025-07-17 05:46:53'),
(454, 2507019, 1, 14, 30, 0, 0, '2025-07-17 05:47:19'),
(455, 2507020, 1, 14, 25, 0, 0, '2025-07-17 05:47:31'),
(456, 2507021, 1, 14, 30, 0, 0, '2025-07-17 05:47:48'),
(457, 2507022, 1, 14, 17, 0, 0, '2025-07-17 05:48:00'),
(458, 2507023, 1, 14, 15, 0, 0, '2025-07-17 05:48:05'),
(459, 2507024, 1, 14, 31, 0, 0, '2025-07-17 05:48:10'),
(460, 2507025, 1, 14, 31, 0, 0, '2025-07-17 05:48:13'),
(461, 2507026, 1, 14, 23, 0, 0, '2025-07-17 05:48:16'),
(462, 2507027, 1, 14, 25, 0, 0, '2025-07-17 05:48:44'),
(463, 2507028, 1, 14, 27, 0, 0, '2025-07-17 05:48:50'),
(464, 2507029, 1, 14, 10, 0, 0, '2025-07-17 05:48:53'),
(465, 2507030, 1, 14, 24, 0, 0, '2025-07-17 05:49:14'),
(466, 2507031, 1, 14, 22, 0, 0, '2025-07-17 05:49:21'),
(467, 2507032, 1, 14, 13, 0, 0, '2025-07-17 05:50:36'),
(468, 2507033, 1, 14, 24, 0, 0, '2025-07-17 05:50:42'),
(469, 2507034, 1, 14, 17, 0, 0, '2025-07-17 05:50:47'),
(470, 2502140, 1, 14, 28, 0, 0, '2025-07-17 05:50:51'),
(471, 2507035, 1, 14, 21, 0, 0, '2025-07-17 05:50:56'),
(472, 2507040, 1, 14, 26, 0, 0, '2025-07-17 05:51:00'),
(473, 2507041, 1, 14, 17, 0, 0, '2025-07-17 05:51:09'),
(474, 2507036, 1, 14, 19, 0, 0, '2025-07-17 05:51:15'),
(475, 2507056, 1, 14, 9, 0, 0, '2025-07-17 05:51:20'),
(476, 2507037, 1, 14, 12, 0, 0, '2025-07-17 05:51:32'),
(477, 2507132, 1, 14, 23, 0, 0, '2025-07-17 05:51:41'),
(478, 2507039, 1, 14, 18, 0, 0, '2025-07-17 05:52:36'),
(479, 2507042, 1, 14, 18, 0, 0, '2025-07-17 05:53:09'),
(480, 2507043, 1, 14, 17, 0, 0, '2025-07-17 05:53:13'),
(481, 2507044, 1, 14, 21, 0, 0, '2025-07-17 05:53:16'),
(482, 2507045, 1, 14, 17, 0, 0, '2025-07-17 05:53:19'),
(483, 2507046, 1, 14, 17, 0, 0, '2025-07-17 05:53:23'),
(484, 2507047, 1, 14, 24, 0, 0, '2025-07-17 05:53:44'),
(485, 2507048, 1, 14, 18, 0, 0, '2025-07-17 05:53:47'),
(486, 2507049, 1, 14, 20, 0, 0, '2025-07-17 05:54:11'),
(487, 2507050, 1, 14, 23, 0, 0, '2025-07-17 05:54:44'),
(488, 2507051, 1, 14, 29, 0, 0, '2025-07-17 05:54:47'),
(489, 2507052, 1, 14, 17, 0, 0, '2025-07-17 05:54:49'),
(490, 2507053, 1, 14, 24, 0, 0, '2025-07-17 05:54:52'),
(491, 2507054, 1, 14, 22, 0, 0, '2025-07-17 05:54:54'),
(492, 2507055, 1, 14, 21, 0, 0, '2025-07-17 05:55:14'),
(493, 2507057, 1, 14, 17, 0, 0, '2025-07-17 05:55:42'),
(494, 2507058, 1, 14, 17, 0, 0, '2025-07-17 05:55:45'),
(495, 2507059, 1, 14, 4, 0, 0, '2025-07-17 05:55:47'),
(496, 2507060, 1, 14, 19, 0, 0, '2025-07-17 05:55:52'),
(497, 2507061, 1, 14, 15, 0, 0, '2025-07-17 05:55:54'),
(498, 2507062, 1, 14, 14, 0, 0, '2025-07-17 05:55:59'),
(499, 2507063, 1, 14, 5, 0, 0, '2025-07-17 05:56:03'),
(500, 2507064, 1, 14, 13, 0, 0, '2025-07-17 05:56:07'),
(501, 2507065, 1, 14, 25, 0, 0, '2025-07-17 05:56:10'),
(502, 2507066, 1, 14, 17, 0, 0, '2025-07-17 05:56:14'),
(503, 2507067, 1, 14, 11, 0, 0, '2025-07-17 05:56:17'),
(504, 2507068, 1, 14, 6, 0, 0, '2025-07-17 05:56:34'),
(505, 2507069, 1, 14, 17, 0, 0, '2025-07-17 05:56:38'),
(506, 2507070, 1, 14, 13, 0, 0, '2025-07-17 05:56:43'),
(507, 2507071, 1, 14, 11, 0, 0, '2025-07-17 05:56:45'),
(508, 2507072, 1, 14, 13, 0, 0, '2025-07-17 05:56:47'),
(509, 2507073, 1, 14, 7, 0, 0, '2025-07-17 05:56:52'),
(510, 2507074, 1, 14, 12, 0, 0, '2025-07-17 05:56:57'),
(511, 2507075, 1, 14, 7, 0, 0, '2025-07-17 05:56:59'),
(512, 2507076, 1, 14, 10, 0, 0, '2025-07-17 05:57:02'),
(513, 2507077, 1, 14, 14, 0, 0, '2025-07-17 05:57:04'),
(514, 2507079, 1, 14, 9, 0, 0, '2025-07-17 05:57:19'),
(515, 2507078, 1, 14, 17, 0, 0, '2025-07-17 05:57:26'),
(516, 2507134, 1, 14, 10, 0, 0, '2025-07-17 05:57:30'),
(517, 2507080, 1, 14, 18, 0, 0, '2025-07-17 05:59:48'),
(518, 2507081, 1, 14, 6, 0, 0, '2025-07-17 06:00:31'),
(519, 2507082, 1, 14, 10, 0, 0, '2025-07-17 06:00:59'),
(520, 2507083, 1, 14, 9, 0, 0, '2025-07-17 06:01:02'),
(521, 2507084, 1, 14, 8, 0, 0, '2025-07-17 06:01:05'),
(522, 2507085, 1, 14, 4, 0, 0, '2025-07-17 06:01:10'),
(523, 2507086, 1, 14, 8, 0, 0, '2025-07-17 06:01:12'),
(524, 2507087, 1, 14, 7, 0, 0, '2025-07-17 06:01:15'),
(525, 2507088, 1, 14, 4, 0, 0, '2025-07-17 06:01:22'),
(526, 2507089, 1, 14, 7, 0, 0, '2025-07-17 06:02:03'),
(527, 2507090, 1, 14, 6, 0, 0, '2025-07-17 06:02:06'),
(528, 2507091, 1, 14, 7, 0, 0, '2025-07-17 06:02:09'),
(529, 2507092, 1, 14, 4, 0, 0, '2025-07-17 06:02:12'),
(530, 2507093, 1, 14, 7, 0, 0, '2025-07-17 06:02:14'),
(531, 2507094, 1, 14, 17, 0, 0, '2025-07-17 06:02:20'),
(532, 2507095, 1, 14, 19, 0, 0, '2025-07-17 06:02:22'),
(533, 2507096, 1, 14, 5, 0, 0, '2025-07-17 06:02:25'),
(534, 2507097, 1, 14, 4, 0, 0, '2025-07-17 06:02:26'),
(535, 2507098, 1, 14, 9, 0, 0, '2025-07-17 06:02:30'),
(536, 2507099, 1, 14, 4, 0, 0, '2025-07-17 06:02:31'),
(537, 2507100, 1, 14, 5, 0, 0, '2025-07-17 06:02:35'),
(538, 2507101, 1, 14, 3, 0, 0, '2025-07-17 06:02:39'),
(539, 2507102, 1, 14, 6, 0, 0, '2025-07-17 06:02:42'),
(540, 2507103, 1, 14, 3, 0, 0, '2025-07-17 06:03:34'),
(541, 2507104, 1, 14, 6, 0, 0, '2025-07-17 06:04:36'),
(542, 2507105, 1, 14, 3, 0, 0, '2025-07-17 06:04:40'),
(543, 2507106, 1, 14, 7, 0, 0, '2025-07-17 06:04:51'),
(544, 2507107, 1, 14, 3, 0, 0, '2025-07-17 06:04:54'),
(545, 2507108, 1, 14, 4, 0, 0, '2025-07-17 06:04:57'),
(546, 2507109, 1, 14, 6, 0, 0, '2025-07-17 06:04:59'),
(547, 2507110, 1, 14, 2, 0, 0, '2025-07-17 06:05:04'),
(548, 2507111, 1, 14, 3, 0, 0, '2025-07-17 06:05:06'),
(549, 2507112, 1, 14, 7, 0, 0, '2025-07-17 06:05:09'),
(550, 2507113, 1, 14, 4, 0, 0, '2025-07-17 06:05:13'),
(551, 2507114, 1, 14, 5, 0, 0, '2025-07-17 06:05:16'),
(552, 2507115, 1, 14, 8, 0, 0, '2025-07-17 06:05:17'),
(553, 2507116, 1, 14, 3, 0, 0, '2025-07-17 06:05:20'),
(554, 2507117, 1, 14, 5, 0, 0, '2025-07-17 06:05:29'),
(555, 2507118, 1, 14, 3, 0, 0, '2025-07-17 06:05:48'),
(556, 2507119, 1, 14, 7, 0, 0, '2025-07-17 06:05:50'),
(557, 2507120, 1, 14, 5, 0, 0, '2025-07-17 06:05:52'),
(558, 2507121, 1, 14, 2, 0, 0, '2025-07-17 06:06:00'),
(559, 2507122, 1, 14, 7, 0, 0, '2025-07-17 06:06:02'),
(560, 2507123, 1, 14, 5, 0, 0, '2025-07-17 06:06:08'),
(561, 2507038, 1, 14, 35, 0, 0, '2025-07-17 06:06:12'),
(562, 2507124, 1, 14, 2, 0, 0, '2025-07-17 06:06:15'),
(563, 2507125, 1, 14, 2, 0, 0, '2025-07-17 06:06:19'),
(564, 2507126, 1, 14, 3, 0, 0, '2025-07-17 06:06:22'),
(565, 2507127, 1, 14, 6, 0, 0, '2025-07-17 06:06:24'),
(566, 2507128, 1, 14, 5, 0, 0, '2025-07-17 06:06:27'),
(567, 2507129, 1, 14, 7, 0, 0, '2025-07-17 06:06:29'),
(568, 2507130, 1, 14, 7, 0, 0, '2025-07-17 06:06:31'),
(569, 2507131, 1, 14, 23, 0, 0, '2025-07-17 06:06:34'),
(570, 2507133, 1, 14, 21, 0, 0, '2025-07-17 06:06:49'),
(571, 2507135, 1, 14, 5, 0, 0, '2025-07-17 06:06:57'),
(572, 2507136, 1, 14, 6, 0, 0, '2025-07-17 06:07:16'),
(573, 2507137, 1, 14, 3, 0, 0, '2025-07-17 06:07:20'),
(574, 2507138, 1, 14, 8, 0, 0, '2025-07-17 06:07:24'),
(575, 2507139, 1, 14, 5, 0, 0, '2025-07-17 06:07:26'),
(576, 2507140, 1, 14, 4, 0, 0, '2025-07-17 06:07:28'),
(577, 2507005, 1, 15, 27, 12, 0, '2025-07-17 06:12:07'),
(578, 2507006, 1, 15, 30, 18, 0, '2025-07-17 06:12:24'),
(579, 2507007, 1, 15, 46, 12, 0, '2025-07-17 06:12:31'),
(580, 2507008, 1, 15, 42, 19, 0, '2025-07-17 06:12:36'),
(581, 2507009, 1, 15, 48, 21, 0, '2025-07-17 06:12:41'),
(582, 2507010, 1, 15, 33, 21, 0, '2025-07-17 06:12:44'),
(583, 2507011, 1, 15, 27, 16, 0, '2025-07-17 06:12:51'),
(584, 2507012, 1, 15, 35, 18, 0, '2025-07-17 06:13:00'),
(585, 2507013, 1, 15, 27, 18, 0, '2025-07-17 06:13:09'),
(586, 2507014, 1, 15, 23, 15, 0, '2025-07-17 06:13:28'),
(587, 2507015, 1, 15, 30, 13, 0, '2025-07-17 06:13:33'),
(588, 2507016, 1, 15, 26, 14, 0, '2025-07-17 06:13:37'),
(589, 2507018, 1, 15, 33, 12, 0, '2025-07-17 06:13:42'),
(590, 2507019, 1, 15, 33, 14, 0, '2025-07-17 06:13:47'),
(591, 2507020, 1, 15, 18, 11, 0, '2025-07-17 06:13:51'),
(592, 2507021, 1, 15, 16, 10, 0, '2025-07-17 06:13:56'),
(593, 2507022, 1, 15, 46, 13, 0, '2025-07-17 06:14:00'),
(594, 2507023, 1, 15, 23, 12, 0, '2025-07-17 06:14:07'),
(595, 2507024, 1, 15, 46, 21, 0, '2025-07-17 06:14:11'),
(596, 2507025, 1, 15, 16, 17, 0, '2025-07-17 06:14:15'),
(597, 2507026, 1, 15, 4, 10, 0, '2025-07-17 06:14:20'),
(598, 2507027, 1, 15, 41, 13, 0, '2025-07-17 06:14:27'),
(599, 2507028, 1, 15, 23, 13, 0, '2025-07-17 06:14:31'),
(600, 2507029, 1, 15, 29, 12, 0, '2025-07-17 06:14:36'),
(601, 2507030, 1, 15, 24, 12, 0, '2025-07-17 06:14:45'),
(602, 2507031, 1, 15, 18, 7, 0, '2025-07-17 06:14:52'),
(603, 2507032, 1, 15, 12, 13, 0, '2025-07-17 06:14:58'),
(604, 2507033, 1, 15, 19, 18, 0, '2025-07-17 06:15:20'),
(605, 2507034, 1, 15, 28, 10, 0, '2025-07-17 06:15:28'),
(606, 2502140, 1, 15, 23, 18, 0, '2025-07-17 06:15:35'),
(607, 2507035, 1, 15, 9, 12, 0, '2025-07-17 06:15:40'),
(608, 2507040, 1, 15, 37, 12, 0, '2025-07-17 06:15:45'),
(609, 2507041, 1, 15, 29, 18, 0, '2025-07-17 06:15:52'),
(610, 2507042, 1, 15, 27, 12, 0, '2025-07-17 06:16:15'),
(611, 2507043, 1, 15, 26, 10, 0, '2025-07-17 06:16:20'),
(612, 2507044, 1, 15, 12, 8, 0, '2025-07-17 06:16:23'),
(613, 2507045, 1, 15, 11, 11, 0, '2025-07-17 06:16:27'),
(614, 2507046, 1, 15, 26, 12, 0, '2025-07-17 06:16:30'),
(615, 2507047, 1, 15, 30, 16, 0, '2025-07-17 06:16:36'),
(616, 2507048, 1, 15, 14, 15, 0, '2025-07-17 06:16:40'),
(617, 2507049, 1, 15, 13, 13, 0, '2025-07-17 06:16:43'),
(618, 2507050, 1, 15, 28, 10, 0, '2025-07-17 06:16:51'),
(619, 2507051, 1, 15, 38, 14, 0, '2025-07-17 06:17:08'),
(620, 2507052, 1, 15, 12, 14, 0, '2025-07-17 06:17:11'),
(621, 2507053, 1, 15, 23, 14, 0, '2025-07-17 06:17:16'),
(622, 2507054, 1, 15, 20, 7, 0, '2025-07-17 06:17:28'),
(623, 2507055, 1, 15, 12, 12, 0, '2025-07-17 06:17:31'),
(624, 2507036, 1, 15, 23, 12, 0, '2025-07-17 06:17:45'),
(625, 2507056, 1, 15, 23, 13, 0, '2025-07-17 06:17:55'),
(626, 2507057, 1, 15, 27, 11, 0, '2025-07-17 06:18:01'),
(627, 2507058, 1, 15, 21, 8, 0, '2025-07-17 06:18:06'),
(628, 2507059, 1, 15, 36, 13, 0, '2025-07-17 06:18:13'),
(629, 2507060, 1, 15, 18, 12, 0, '2025-07-17 06:18:20'),
(630, 2507061, 1, 15, 17, 12, 0, '2025-07-17 06:19:14'),
(631, 2507062, 1, 15, 12, 11, 0, '2025-07-17 06:19:18'),
(632, 2507063, 1, 15, 13, 12, 0, '2025-07-17 06:19:21'),
(633, 2507064, 1, 15, 7, 4, 0, '2025-07-17 06:19:26'),
(634, 2507065, 1, 15, 33, 10, 0, '2025-07-17 06:19:29'),
(635, 2507066, 1, 15, 24, 15, 0, '2025-07-17 06:19:33'),
(636, 2507067, 1, 15, 4, 10, 0, '2025-07-17 06:19:41'),
(637, 2507068, 1, 15, 24, 13, 0, '2025-07-17 06:19:53'),
(638, 2507069, 1, 15, 30, 18, 0, '2025-07-17 06:20:07'),
(639, 2507070, 1, 15, 7, 7, 0, '2025-07-17 06:20:13'),
(640, 2507071, 1, 15, 13, 15, 0, '2025-07-17 06:20:20'),
(641, 2507072, 1, 15, 15, 5, 0, '2025-07-17 06:20:36'),
(642, 2507073, 1, 15, 15, 11, 0, '2025-07-17 06:20:41'),
(643, 2507074, 1, 15, 9, 16, 0, '2025-07-17 06:20:46'),
(644, 2507075, 1, 15, 10, 12, 0, '2025-07-17 06:20:51'),
(645, 2507076, 1, 15, 8, 10, 0, '2025-07-17 06:20:54'),
(646, 2507077, 1, 15, 29, 8, 0, '2025-07-17 06:20:58'),
(647, 2507079, 1, 15, 4, 10, 0, '2025-07-17 06:21:03'),
(648, 2507080, 1, 15, 2, 9, 0, '2025-07-17 06:21:06'),
(649, 2507081, 1, 15, 0, 11, 0, '2025-07-17 06:21:20'),
(650, 2507082, 1, 15, 12, 8, 0, '2025-07-17 06:21:37'),
(651, 2507083, 1, 15, 16, 12, 0, '2025-07-17 06:21:53'),
(652, 2507084, 1, 15, 2, 6, 0, '2025-07-17 06:21:57'),
(653, 2507085, 1, 15, 10, 11, 0, '2025-07-17 06:21:59'),
(654, 2507086, 1, 15, 2, 13, 0, '2025-07-17 06:22:07'),
(655, 2507087, 1, 15, 14, 12, 0, '2025-07-17 06:22:22'),
(656, 2507088, 1, 15, 6, 9, 0, '2025-07-17 06:22:27'),
(657, 2507037, 1, 15, 12, 14, 0, '2025-07-17 06:22:39'),
(658, 2507089, 1, 15, 10, 11, 0, '2025-07-17 06:23:09'),
(659, 2507090, 1, 15, 2, 8, 0, '2025-07-17 06:23:13'),
(660, 2507091, 1, 15, 6, 10, 0, '2025-07-17 06:23:25'),
(661, 2507092, 1, 15, 4, 8, 0, '2025-07-17 06:23:29'),
(662, 2507093, 1, 15, 7, 12, 0, '2025-07-17 06:23:33'),
(663, 2507094, 1, 15, 4, 3, 0, '2025-07-17 06:23:43'),
(664, 2507095, 1, 15, 2, 11, 0, '2025-07-17 06:27:35'),
(665, 2507096, 1, 15, 18, 4, 0, '2025-07-17 06:27:48'),
(666, 2507097, 1, 15, 8, 13, 0, '2025-07-17 06:27:57'),
(667, 2507098, 1, 15, 8, 13, 0, '2025-07-17 06:28:04'),
(668, 2507099, 1, 15, 3, 8, 0, '2025-07-17 06:28:08'),
(669, 2507100, 1, 15, 8, 8, 0, '2025-07-17 06:28:13'),
(670, 2507101, 1, 15, 3, 10, 0, '2025-07-17 06:28:17'),
(671, 2507102, 1, 15, 6, 10, 0, '2025-07-17 06:28:20'),
(672, 2507103, 1, 15, 0, 9, 0, '2025-07-17 06:28:25'),
(673, 2507104, 1, 15, 0, 8, 0, '2025-07-17 06:28:34'),
(674, 2507105, 1, 15, 19, 8, 0, '2025-07-17 06:28:41'),
(675, 2507106, 1, 15, 5, 5, 0, '2025-07-17 06:28:50'),
(676, 2507107, 1, 15, 2, 3, 0, '2025-07-17 06:28:56'),
(677, 2507108, 1, 15, 7, 15, 0, '2025-07-17 06:29:11'),
(678, 2507109, 1, 15, 3, 10, 0, '2025-07-17 06:29:35'),
(679, 2507110, 1, 15, 3, 9, 0, '2025-07-17 06:29:46'),
(680, 2507111, 1, 15, 4, 13, 0, '2025-07-17 06:30:00'),
(681, 2507112, 1, 15, 7, 10, 0, '2025-07-17 06:30:09'),
(682, 2507113, 1, 15, 8, 9, 0, '2025-07-17 06:30:19'),
(683, 2507114, 1, 15, 8, 11, 0, '2025-07-17 06:30:25'),
(684, 2507115, 1, 15, 7, 11, 0, '2025-07-17 06:30:30'),
(685, 2507116, 1, 15, 3, 6, 0, '2025-07-17 06:30:40'),
(686, 2507117, 1, 15, 6, 9, 0, '2025-07-17 06:30:45'),
(687, 2507118, 1, 15, 8, 4, 0, '2025-07-17 06:30:49'),
(688, 2507119, 1, 15, 0, 11, 0, '2025-07-17 06:30:56'),
(689, 2507120, 1, 15, 10, 11, 0, '2025-07-17 06:31:14'),
(690, 2507121, 1, 15, 0, 7, 0, '2025-07-17 06:31:31'),
(691, 2507122, 1, 15, 10, 10, 0, '2025-07-17 06:31:40'),
(692, 2507123, 1, 15, 2, 8, 0, '2025-07-17 06:31:48'),
(693, 2507038, 1, 15, 19, 16, 0, '2025-07-17 06:32:08'),
(694, 2507124, 1, 15, 4, 10, 0, '2025-07-17 06:32:13'),
(695, 2507078, 1, 15, 11, 10, 0, '2025-07-17 06:32:18'),
(696, 2507125, 1, 15, 1, 8, 0, '2025-07-17 06:32:23'),
(697, 2507126, 1, 15, 0, 10, 0, '2025-07-17 06:32:27'),
(698, 2507127, 1, 15, 8, 4, 0, '2025-07-17 06:32:31'),
(699, 2507128, 1, 15, 5, 5, 0, '2025-07-17 06:32:34'),
(700, 2507129, 1, 15, 7, 12, 0, '2025-07-17 06:32:40'),
(701, 2507130, 1, 15, 14, 5, 0, '2025-07-17 06:32:45'),
(702, 2507131, 1, 15, 41, 21, 0, '2025-07-17 06:32:51'),
(703, 2507132, 1, 15, 7, 13, 0, '2025-07-17 06:33:05'),
(704, 2507133, 1, 15, 23, 14, 0, '2025-07-17 06:33:10'),
(705, 2507134, 1, 15, 15, 10, 0, '2025-07-17 06:33:15'),
(706, 2507135, 1, 15, 4, 6, 0, '2025-07-17 06:34:06'),
(707, 2507039, 1, 15, 15, 13, 0, '2025-07-17 06:34:11'),
(708, 2507136, 1, 15, 0, 8, 0, '2025-07-17 06:34:20'),
(709, 2507137, 1, 15, 0, 6, 0, '2025-07-17 06:34:30'),
(710, 2507138, 1, 15, 0, 9, 0, '2025-07-17 06:34:40'),
(711, 2507139, 1, 15, 6, 9, 0, '2025-07-17 06:34:48'),
(712, 2507140, 1, 15, 6, 6, 0, '2025-07-17 06:34:51'),
(713, 2507003, 1, 16, 54, 18, 0, '2025-07-17 06:37:19'),
(714, 2507004, 1, 16, 57, 21, 0, '2025-07-17 06:37:22'),
(715, 2507005, 1, 16, 49, 12, 0, '2025-07-17 06:37:31'),
(716, 2507006, 1, 16, 57, 17, 0, '2025-07-17 06:37:34'),
(717, 2507007, 1, 16, 57, 16, 0, '2025-07-17 06:37:37'),
(718, 2507008, 1, 16, 48, 19, 0, '2025-07-17 06:37:40'),
(719, 2507009, 1, 16, 41, 17, 0, '2025-07-17 06:37:44'),
(720, 2507010, 1, 16, 60, 20, 0, '2025-07-17 06:37:45'),
(721, 2507011, 1, 16, 61, 14, 0, '2025-07-17 06:38:06'),
(722, 2507012, 1, 16, 59, 14, 0, '2025-07-17 06:38:11'),
(723, 2507013, 1, 16, 37, 19, 0, '2025-07-17 06:38:16'),
(724, 2507014, 1, 16, 36, 13, 0, '2025-07-17 06:38:21'),
(725, 2507015, 1, 16, 50, 14, 0, '2025-07-17 06:38:30'),
(726, 2507016, 1, 16, 46, 17, 0, '2025-07-17 06:38:43'),
(727, 2507018, 1, 16, 36, 14, 0, '2025-07-17 06:38:49'),
(728, 2507019, 1, 16, 45, 15, 0, '2025-07-17 06:38:58'),
(729, 2507020, 1, 16, 60, 10, 0, '2025-07-17 06:39:01'),
(730, 2507021, 1, 16, 53, 21, 0, '2025-07-17 06:39:04'),
(731, 2507022, 1, 16, 57, 13, 0, '2025-07-17 06:39:12'),
(732, 2507023, 1, 16, 49, 12, 0, '2025-07-17 06:39:16'),
(733, 2507024, 1, 16, 48, 21, 0, '2025-07-17 06:39:19'),
(734, 2507025, 1, 16, 53, 17, 0, '2025-07-17 06:39:29'),
(735, 2507026, 1, 16, 50, 15, 0, '2025-07-17 06:39:33'),
(736, 2507027, 1, 16, 38, 13, 0, '2025-07-17 06:39:37'),
(737, 2507028, 1, 16, 56, 14, 0, '2025-07-17 06:39:44'),
(738, 2507029, 1, 16, 39, 19, 0, '2025-07-17 06:39:51'),
(739, 2507030, 1, 16, 57, 15, 0, '2025-07-17 06:40:10'),
(740, 2507031, 1, 16, 56, 12, 0, '2025-07-17 06:40:13'),
(741, 2507032, 1, 16, 48, 10, 0, '2025-07-17 06:40:19'),
(742, 2507033, 1, 16, 48, 17, 0, '2025-07-17 06:40:23'),
(743, 2507034, 1, 16, 59, 10, 0, '2025-07-17 06:40:34'),
(744, 2502140, 1, 16, 51, 24, 0, '2025-07-17 06:40:37'),
(745, 2507035, 1, 16, 37, 11, 0, '2025-07-17 06:40:41'),
(746, 2507040, 1, 16, 44, 17, 0, '2025-07-17 06:40:48'),
(747, 2507041, 1, 16, 39, 11, 0, '2025-07-17 06:41:01'),
(748, 2507042, 1, 16, 33, 13, 0, '2025-07-17 06:41:11'),
(749, 2507043, 1, 16, 45, 12, 0, '2025-07-17 06:41:16'),
(750, 2507044, 1, 16, 54, 9, 0, '2025-07-17 06:41:20'),
(751, 2507045, 1, 16, 14, 10, 0, '2025-07-17 06:41:36'),
(752, 2507046, 1, 16, 27, 13, 0, '2025-07-17 06:42:22'),
(753, 2507047, 1, 16, 40, 12, 0, '2025-07-17 06:42:29'),
(754, 2507048, 1, 16, 40, 15, 0, '2025-07-17 06:42:35'),
(755, 2507049, 1, 16, 28, 20, 0, '2025-07-17 06:42:38'),
(756, 2507050, 1, 16, 59, 14, 0, '2025-07-17 06:42:50'),
(757, 2507051, 1, 16, 42, 11, 0, '2025-07-17 06:42:55'),
(758, 2507052, 1, 16, 51, 21, 0, '2025-07-17 06:43:00'),
(759, 2507053, 1, 16, 49, 16, 0, '2025-07-17 06:43:04'),
(760, 2507054, 1, 16, 46, 4, 0, '2025-07-17 06:43:07'),
(761, 2507055, 1, 16, 30, 17, 0, '2025-07-17 06:43:10'),
(762, 2507036, 1, 16, 22, 11, 0, '2025-07-17 06:43:14'),
(763, 2507056, 1, 16, 29, 11, 0, '2025-07-17 06:43:29'),
(764, 2507057, 1, 16, 58, 12, 0, '2025-07-17 06:43:42'),
(765, 2507058, 1, 16, 32, 7, 0, '2025-07-17 06:43:53'),
(766, 2507059, 1, 16, 33, 18, 0, '2025-07-17 06:44:00'),
(767, 2507060, 1, 16, 39, 12, 0, '2025-07-17 06:44:07'),
(768, 2507061, 1, 16, 50, 12, 0, '2025-07-17 06:44:09'),
(769, 2507062, 1, 16, 25, 7, 0, '2025-07-17 06:44:13'),
(770, 2507063, 1, 16, 38, 11, 0, '2025-07-17 06:44:17'),
(771, 2507064, 1, 16, 52, 16, 0, '2025-07-17 06:44:21'),
(772, 2507065, 1, 16, 42, 19, 0, '2025-07-17 06:44:24'),
(773, 2507066, 1, 16, 45, 10, 0, '2025-07-17 06:44:28'),
(774, 2507067, 1, 16, 31, 9, 0, '2025-07-17 06:44:32'),
(775, 2507068, 1, 16, 13, 10, 0, '2025-07-17 06:45:07'),
(776, 2507069, 1, 16, 31, 22, 0, '2025-07-17 06:45:11'),
(777, 2507070, 1, 16, 55, 10, 0, '2025-07-17 06:45:25'),
(778, 2507071, 1, 16, 35, 14, 0, '2025-07-17 06:45:29'),
(779, 2507072, 1, 16, 56, 11, 0, '2025-07-17 06:45:35'),
(780, 2507073, 1, 16, 34, 6, 0, '2025-07-17 06:45:43'),
(781, 2507074, 1, 16, 32, 10, 0, '2025-07-17 06:45:49'),
(782, 2507075, 1, 16, 22, 15, 0, '2025-07-17 06:45:51'),
(783, 2507076, 1, 16, 37, 8, 0, '2025-07-17 06:45:56'),
(784, 2507077, 1, 16, 48, 15, 0, '2025-07-17 06:45:59'),
(785, 2507079, 1, 16, 26, 18, 0, '2025-07-17 06:46:12'),
(786, 2507080, 1, 16, 26, 10, 0, '2025-07-17 06:46:24'),
(787, 2507081, 1, 16, 19, 14, 0, '2025-07-17 06:46:27'),
(788, 2507082, 1, 16, 29, 13, 0, '2025-07-17 06:46:32'),
(789, 2507083, 1, 16, 29, 18, 0, '2025-07-17 06:46:37'),
(790, 2507084, 1, 16, 19, 16, 0, '2025-07-17 06:46:42'),
(791, 2507085, 1, 16, 20, 12, 0, '2025-07-17 06:46:45'),
(792, 2507086, 1, 16, 21, 15, 0, '2025-07-17 06:46:48'),
(793, 2507087, 1, 16, 34, 15, 0, '2025-07-17 06:46:55'),
(794, 2507088, 1, 16, 32, 16, 0, '2025-07-17 06:47:01'),
(795, 2507037, 1, 16, 29, 6, 0, '2025-07-17 06:47:04'),
(796, 2507089, 1, 16, 14, 15, 0, '2025-07-17 06:47:11'),
(797, 2507090, 1, 16, 7, 11, 0, '2025-07-17 06:47:41'),
(798, 2507091, 1, 16, 20, 10, 0, '2025-07-17 06:47:44'),
(799, 2507092, 1, 16, 31, 10, 0, '2025-07-17 06:47:47'),
(800, 2507093, 1, 16, 32, 16, 0, '2025-07-17 06:48:01'),
(801, 2507094, 1, 16, 19, 18, 0, '2025-07-17 06:48:09'),
(802, 2507095, 1, 16, 25, 10, 0, '2025-07-17 06:48:21'),
(803, 2507096, 1, 16, 13, 10, 0, '2025-07-17 06:48:24'),
(804, 2507097, 1, 16, 22, 17, 0, '2025-07-17 06:48:28'),
(805, 2507098, 1, 16, 13, 15, 0, '2025-07-17 06:48:32'),
(806, 2507099, 1, 16, 28, 9, 0, '2025-07-17 06:48:35'),
(807, 2507100, 1, 16, 18, 13, 0, '2025-07-17 06:48:40'),
(808, 2507101, 1, 16, 15, 8, 0, '2025-07-17 06:48:47'),
(809, 2507102, 1, 16, 33, 16, 0, '2025-07-17 06:48:51'),
(810, 2507103, 1, 16, 27, 16, 0, '2025-07-17 06:48:55'),
(811, 2507104, 1, 16, 19, 8, 0, '2025-07-17 06:49:00'),
(812, 2507105, 1, 16, 14, 7, 0, '2025-07-17 06:49:05'),
(813, 2507106, 1, 16, 11, 12, 0, '2025-07-17 06:49:07'),
(814, 2507107, 1, 16, 18, 10, 0, '2025-07-17 06:49:10'),
(815, 2507108, 1, 16, 25, 15, 0, '2025-07-17 06:49:15'),
(816, 2507109, 1, 16, 18, 11, 0, '2025-07-17 06:49:22'),
(817, 2507110, 1, 16, 35, 11, 0, '2025-07-17 06:49:25'),
(818, 2507111, 1, 16, 25, 13, 0, '2025-07-17 06:49:32'),
(819, 2507112, 1, 16, 24, 16, 0, '2025-07-17 06:49:35'),
(820, 2507113, 1, 16, 24, 6, 0, '2025-07-17 06:49:38'),
(821, 2507114, 1, 16, 43, 16, 0, '2025-07-17 06:49:42'),
(822, 2507115, 1, 16, 29, 10, 0, '2025-07-17 06:49:44'),
(823, 2507116, 1, 16, 11, 7, 0, '2025-07-17 06:49:47'),
(824, 2507117, 1, 16, 27, 9, 0, '2025-07-17 06:49:51'),
(825, 2507118, 1, 16, 44, 7, 0, '2025-07-17 06:49:58'),
(826, 2507119, 1, 16, 12, 15, 0, '2025-07-17 06:50:08'),
(827, 2507120, 1, 16, 21, 12, 0, '2025-07-17 06:50:11'),
(828, 2507121, 1, 16, 8, 11, 0, '2025-07-17 06:50:15'),
(829, 2507122, 1, 16, 45, 15, 0, '2025-07-17 06:50:18'),
(830, 2507123, 1, 16, 37, 8, 0, '2025-07-17 06:50:22'),
(831, 2507038, 1, 16, 50, 13, 0, '2025-07-17 06:51:40'),
(832, 2507124, 1, 16, 17, 17, 0, '2025-07-17 06:51:50'),
(833, 2507078, 1, 16, 41, 8, 0, '2025-07-17 06:52:01'),
(834, 2507125, 1, 16, 11, 9, 0, '2025-07-17 06:52:05'),
(835, 2507126, 1, 16, 8, 9, 0, '2025-07-17 06:52:13'),
(836, 2507127, 1, 16, 28, 17, 0, '2025-07-17 06:52:17'),
(837, 2507128, 1, 16, 21, 8, 0, '2025-07-17 06:52:20'),
(838, 2507129, 1, 16, 20, 15, 0, '2025-07-17 06:52:23'),
(839, 2507130, 1, 16, 23, 11, 0, '2025-07-17 06:52:26'),
(840, 2507131, 1, 16, 59, 17, 0, '2025-07-17 06:52:30'),
(841, 2507132, 1, 16, 42, 16, 0, '2025-07-17 06:52:35'),
(842, 2507133, 1, 16, 38, 15, 0, '2025-07-17 06:52:39'),
(843, 2507134, 1, 16, 42, 16, 0, '2025-07-17 06:52:43'),
(844, 2507135, 1, 16, 34, 13, 0, '2025-07-17 06:53:19'),
(845, 2507039, 1, 16, 46, 9, 0, '2025-07-17 06:53:24'),
(846, 2507136, 1, 16, 20, 13, 0, '2025-07-17 06:53:46'),
(847, 2507137, 1, 16, 25, 16, 0, '2025-07-17 06:54:41'),
(848, 2507138, 1, 16, 34, 11, 0, '2025-07-17 06:55:05'),
(849, 2507139, 1, 16, 15, 11, 0, '2025-07-17 06:55:10'),
(850, 2507140, 1, 16, 27, 17, 0, '2025-07-17 06:55:13'),
(851, 2507036, 1, 18, 23, 11, 0, '2025-07-17 06:56:03'),
(852, 2507056, 1, 18, 17, 18, 0, '2025-07-17 06:56:11'),
(853, 2507088, 1, 18, 0, 12, 0, '2025-07-17 06:56:13'),
(854, 2507037, 1, 18, 14, 10, 0, '2025-07-17 06:56:17'),
(855, 2507038, 1, 18, 45, 15, 0, '2025-07-17 06:56:27'),
(856, 2507039, 1, 18, 18, 15, 0, '2025-07-17 06:56:37'),
(857, 2507078, 1, 18, 9, 10, 0, '2025-07-17 06:56:51'),
(858, 2507003, 1, 18, 45, 24, 0, '2025-07-17 06:58:34'),
(859, 2507004, 1, 18, 57, 20, 0, '2025-07-17 06:58:38'),
(860, 2507005, 1, 18, 43, 17, 0, '2025-07-17 06:58:42'),
(861, 2507006, 1, 18, 36, 20, 0, '2025-07-17 06:58:46'),
(862, 2507007, 1, 18, 45, 17, 0, '2025-07-17 06:58:49'),
(863, 2507008, 1, 18, 53, 22, 0, '2025-07-17 06:58:53'),
(864, 2507009, 1, 18, 43, 20, 0, '2025-07-17 06:59:01'),
(865, 2507010, 1, 18, 52, 25, 0, '2025-07-17 06:59:04'),
(866, 2507011, 1, 18, 61, 15, 0, '2025-07-17 06:59:07'),
(867, 2507012, 1, 18, 47, 13, 0, '2025-07-17 06:59:15'),
(868, 2507013, 1, 18, 47, 21, 0, '2025-07-17 06:59:18'),
(869, 2507014, 1, 18, 33, 17, 0, '2025-07-17 06:59:22'),
(870, 2507015, 1, 18, 41, 21, 0, '2025-07-17 06:59:26'),
(871, 2507016, 1, 18, 53, 18, 0, '2025-07-17 06:59:30'),
(872, 2507018, 1, 18, 18, 21, 0, '2025-07-17 06:59:35'),
(873, 2507019, 1, 18, 39, 13, 0, '2025-07-17 06:59:40'),
(874, 2507020, 1, 18, 27, 13, 0, '2025-07-17 06:59:44'),
(875, 2507021, 1, 18, 58, 18, 0, '2025-07-17 06:59:47'),
(876, 2507022, 1, 18, 57, 15, 0, '2025-07-17 06:59:53'),
(877, 2507023, 1, 18, 45, 15, 0, '2025-07-17 06:59:56'),
(878, 2507024, 1, 18, 36, 24, 0, '2025-07-17 06:59:59'),
(879, 2507025, 1, 18, 21, 17, 0, '2025-07-17 07:00:02'),
(880, 2507026, 1, 18, 47, 13, 0, '2025-07-17 07:00:04'),
(881, 2507027, 1, 18, 26, 17, 0, '2025-07-17 07:00:07'),
(882, 2507028, 1, 18, 48, 15, 0, '2025-07-17 07:00:13'),
(883, 2507029, 1, 18, 33, 16, 0, '2025-07-17 07:00:16'),
(884, 2507030, 1, 18, 49, 10, 0, '2025-07-17 07:00:25'),
(885, 2507031, 1, 18, 49, 11, 0, '2025-07-17 07:00:41'),
(886, 2507032, 1, 18, 26, 18, 0, '2025-07-17 07:00:45'),
(887, 2507033, 1, 18, 23, 19, 0, '2025-07-17 07:00:48'),
(888, 2507034, 1, 18, 36, 10, 0, '2025-07-17 07:00:50'),
(889, 2502140, 1, 18, 40, 19, 0, '2025-07-17 07:00:53'),
(890, 2507035, 1, 18, 33, 19, 0, '2025-07-17 07:00:56'),
(891, 2507040, 1, 18, 46, 15, 0, '2025-07-17 07:00:59'),
(892, 2507041, 1, 18, 19, 11, 0, '2025-07-17 07:01:01'),
(893, 2507042, 1, 18, 17, 19, 0, '2025-07-17 07:01:03'),
(894, 2507043, 1, 18, 22, 12, 0, '2025-07-17 07:01:06'),
(895, 2507044, 1, 18, 57, 12, 0, '2025-07-17 07:01:24'),
(896, 2507045, 1, 18, 15, 17, 0, '2025-07-17 07:01:51'),
(897, 2507046, 1, 18, 19, 13, 0, '2025-07-17 07:01:54'),
(898, 2507047, 1, 18, 28, 17, 0, '2025-07-17 07:01:57'),
(899, 2507048, 1, 18, 28, 16, 0, '2025-07-17 07:02:01'),
(900, 2507049, 1, 18, 14, 11, 0, '2025-07-17 07:02:04'),
(901, 2507050, 1, 18, 30, 15, 0, '2025-07-17 07:02:11'),
(902, 2507051, 1, 18, 10, 14, 0, '2025-07-17 07:02:14'),
(903, 2507052, 1, 18, 38, 19, 0, '2025-07-17 07:02:18'),
(904, 2507053, 1, 18, 34, 14, 0, '2025-07-17 07:02:21'),
(905, 2507054, 1, 18, 44, 13, 0, '2025-07-17 07:02:23'),
(906, 2507055, 1, 18, 19, 15, 0, '2025-07-17 07:02:32'),
(907, 2507057, 1, 18, 28, 15, 0, '2025-07-17 07:02:43'),
(908, 2507058, 1, 18, 10, 15, 0, '2025-07-17 07:02:49'),
(909, 2507059, 1, 18, 24, 14, 0, '2025-07-17 07:03:05'),
(910, 2507060, 1, 18, 27, 14, 0, '2025-07-17 07:03:18'),
(911, 2507061, 1, 18, 32, 10, 0, '2025-07-17 07:03:21'),
(912, 2507062, 1, 18, 21, 9, 0, '2025-07-17 07:03:25'),
(913, 2507063, 1, 18, 11, 12, 0, '2025-07-17 07:03:28'),
(914, 2507064, 1, 18, 19, 10, 0, '2025-07-17 07:03:31'),
(915, 2507065, 1, 18, 29, 14, 0, '2025-07-17 07:03:34'),
(916, 2507066, 1, 18, 40, 12, 0, '2025-07-17 07:03:37'),
(917, 2507067, 1, 18, 8, 11, 0, '2025-07-17 07:03:40'),
(918, 2507068, 1, 18, 1, 10, 0, '2025-07-17 07:03:51'),
(919, 2507069, 1, 18, 1, 15, 0, '2025-07-17 07:03:57'),
(920, 2507070, 1, 18, 30, 12, 0, '2025-07-17 07:04:04');
INSERT INTO `marks` (`id`, `student_id`, `exam_id`, `subject_id`, `creative_marks`, `objective_marks`, `practical_marks`, `created_at`) VALUES
(921, 2507071, 1, 18, 14, 9, 0, '2025-07-17 07:04:06'),
(922, 2507072, 1, 18, 18, 10, 0, '2025-07-17 07:04:09'),
(923, 2507073, 1, 18, 8, 14, 0, '2025-07-17 07:04:13'),
(924, 2507074, 1, 18, 28, 12, 0, '2025-07-17 07:04:16'),
(925, 2507075, 1, 18, 6, 8, 0, '2025-07-17 07:04:18'),
(926, 2507076, 1, 18, 17, 10, 0, '2025-07-17 07:04:24'),
(927, 2507077, 1, 18, 40, 11, 0, '2025-07-17 07:04:27'),
(928, 2507079, 1, 18, 7, 16, 0, '2025-07-17 07:04:36'),
(929, 2507080, 1, 18, 10, 9, 0, '2025-07-17 07:04:37'),
(930, 2507081, 1, 18, 1, 12, 0, '2025-07-17 07:04:48'),
(931, 2507082, 1, 18, 10, 11, 0, '2025-07-17 07:04:51'),
(932, 2507083, 1, 18, 5, 16, 0, '2025-07-17 07:04:58'),
(933, 2507084, 1, 18, 11, 19, 0, '2025-07-17 07:05:03'),
(934, 2507085, 1, 18, 12, 11, 0, '2025-07-17 07:05:05'),
(935, 2507086, 1, 18, 6, 10, 0, '2025-07-17 07:05:09'),
(936, 2507087, 1, 18, 5, 17, 0, '2025-07-17 07:05:14'),
(937, 2507089, 1, 18, 2, 11, 0, '2025-07-17 07:05:28'),
(938, 2507090, 1, 18, 0, 14, 0, '2025-07-17 07:05:31'),
(939, 2507091, 1, 18, 6, 11, 0, '2025-07-17 07:05:35'),
(940, 2507092, 1, 18, 0, 0, 0, '2025-07-17 07:06:12'),
(941, 2507093, 1, 18, 6, 12, 0, '2025-07-17 07:06:40'),
(942, 2507094, 1, 18, 8, 15, 0, '2025-07-17 07:06:44'),
(943, 2507095, 1, 18, 0, 12, 0, '2025-07-17 07:06:48'),
(944, 2507096, 1, 18, 0, 9, 0, '2025-07-17 07:06:54'),
(945, 2507097, 1, 18, 10, 13, 0, '2025-07-17 07:06:57'),
(946, 2507098, 1, 18, 2, 15, 0, '2025-07-17 07:07:01'),
(947, 2507099, 1, 18, 1, 17, 0, '2025-07-17 07:07:03'),
(948, 2507100, 1, 18, 0, 11, 0, '2025-07-17 07:07:07'),
(949, 2507101, 1, 18, 4, 15, 0, '2025-07-17 07:07:10'),
(950, 2507102, 1, 18, 0, 11, 0, '2025-07-17 07:07:13'),
(951, 2507103, 1, 18, 4, 21, 0, '2025-07-17 07:07:18'),
(952, 2507104, 1, 18, 5, 11, 0, '2025-07-17 07:07:23'),
(953, 2507105, 1, 18, 1, 12, 0, '2025-07-17 07:07:33'),
(954, 2507106, 1, 18, 0, 3, 0, '2025-07-17 07:07:35'),
(955, 2507107, 1, 18, 0, 16, 0, '2025-07-17 07:07:38'),
(956, 2507108, 1, 18, 5, 13, 0, '2025-07-17 07:07:43'),
(957, 2507109, 1, 18, 1, 11, 0, '2025-07-17 07:07:46'),
(958, 2507110, 1, 18, 0, 11, 0, '2025-07-17 07:07:49'),
(959, 2507111, 1, 18, 15, 13, 0, '2025-07-17 07:07:52'),
(960, 2507112, 1, 18, 2, 15, 0, '2025-07-17 07:07:56'),
(961, 2507113, 1, 18, 0, 16, 0, '2025-07-17 07:07:59'),
(962, 2507114, 1, 18, 12, 16, 0, '2025-07-17 07:08:03'),
(963, 2507115, 1, 18, 23, 10, 0, '2025-07-17 07:08:08'),
(964, 2507116, 1, 18, 1, 14, 0, '2025-07-17 07:08:11'),
(965, 2507117, 1, 18, 16, 11, 0, '2025-07-17 07:08:14'),
(966, 2507118, 1, 18, 3, 7, 0, '2025-07-17 07:08:18'),
(967, 2507119, 1, 18, 0, 14, 0, '2025-07-17 07:08:23'),
(968, 2507120, 1, 18, 2, 11, 0, '2025-07-17 07:08:27'),
(969, 2507121, 1, 18, 6, 14, 0, '2025-07-17 07:08:31'),
(970, 2507122, 1, 18, 7, 10, 0, '2025-07-17 07:08:35'),
(971, 2507123, 1, 18, 18, 10, 0, '2025-07-17 07:08:46'),
(972, 2507124, 1, 18, 4, 9, 0, '2025-07-17 07:08:59'),
(973, 2507125, 1, 18, 0, 7, 0, '2025-07-17 07:09:03'),
(974, 2507126, 1, 18, 0, 8, 0, '2025-07-17 07:09:06'),
(975, 2507127, 1, 18, 6, 16, 0, '2025-07-17 07:09:09'),
(976, 2507128, 1, 18, 7, 15, 0, '2025-07-17 07:09:13'),
(977, 2507129, 1, 18, 10, 15, 0, '2025-07-17 07:09:17'),
(978, 2507130, 1, 18, 5, 9, 0, '2025-07-17 07:09:20'),
(979, 2507131, 1, 18, 38, 19, 0, '2025-07-17 07:09:24'),
(980, 2507132, 1, 18, 27, 14, 0, '2025-07-17 07:09:28'),
(981, 2507133, 1, 18, 21, 12, 0, '2025-07-17 07:09:37'),
(982, 2507134, 1, 18, 23, 19, 0, '2025-07-17 07:09:40'),
(983, 2507135, 1, 18, 15, 11, 0, '2025-07-17 07:09:52'),
(984, 2507136, 1, 18, 1, 14, 0, '2025-07-17 07:09:57'),
(985, 2507137, 1, 18, 3, 6, 0, '2025-07-17 07:10:00'),
(986, 2507138, 1, 18, 0, 16, 0, '2025-07-17 07:10:05'),
(987, 2507139, 1, 18, 9, 12, 0, '2025-07-17 07:10:08'),
(988, 2507140, 1, 18, 0, 12, 0, '2025-07-17 07:10:11'),
(989, 2507036, 1, 17, 35, 16, 0, '2025-07-17 07:11:06'),
(990, 2507095, 1, 17, 26, 15, 0, '2025-07-17 07:11:25'),
(991, 2507132, 1, 17, 46, 14, 0, '2025-07-17 07:11:43'),
(992, 2507039, 1, 17, 34, 22, 0, '2025-07-17 07:12:14'),
(993, 2507038, 1, 17, 52, 21, 0, '2025-07-17 07:12:39'),
(994, 2507037, 1, 17, 21, 13, 0, '2025-07-17 07:13:27'),
(995, 2507078, 1, 17, 39, 22, 0, '2025-07-17 07:14:41'),
(996, 2507003, 1, 17, 53, 21, 0, '2025-07-17 07:16:01'),
(997, 2507004, 1, 17, 51, 22, 0, '2025-07-17 07:16:02'),
(998, 2507005, 1, 17, 39, 19, 0, '2025-07-17 07:16:19'),
(999, 2507006, 1, 17, 60, 19, 0, '2025-07-17 07:16:35'),
(1000, 2507007, 1, 17, 57, 26, 0, '2025-07-17 07:16:51'),
(1001, 2507008, 1, 17, 56, 23, 0, '2025-07-17 07:16:56'),
(1002, 2507009, 1, 17, 55, 18, 0, '2025-07-17 07:16:59'),
(1003, 2507010, 1, 17, 54, 26, 0, '2025-07-17 07:17:02'),
(1004, 2507011, 1, 17, 57, 19, 0, '2025-07-17 07:17:11'),
(1005, 2507012, 1, 17, 58, 18, 0, '2025-07-17 07:17:35'),
(1006, 2507013, 1, 17, 42, 24, 0, '2025-07-17 07:17:45'),
(1007, 2507014, 1, 17, 42, 21, 0, '2025-07-17 07:17:49'),
(1008, 2507015, 1, 17, 46, 22, 0, '2025-07-17 07:17:53'),
(1009, 2507016, 1, 17, 52, 23, 0, '2025-07-17 07:17:56'),
(1010, 2507018, 1, 17, 27, 14, 0, '2025-07-17 07:17:59'),
(1011, 2507019, 1, 17, 55, 10, 0, '2025-07-17 07:18:02'),
(1012, 2507020, 1, 17, 44, 15, 0, '2025-07-17 07:18:05'),
(1013, 2507021, 1, 17, 57, 26, 0, '2025-07-17 07:18:09'),
(1014, 2507022, 1, 17, 58, 18, 0, '2025-07-17 07:18:13'),
(1015, 2507023, 1, 17, 54, 19, 0, '2025-07-17 07:18:17'),
(1016, 2507024, 1, 17, 44, 25, 0, '2025-07-17 07:18:24'),
(1017, 2507025, 1, 17, 56, 24, 0, '2025-07-17 07:18:28'),
(1018, 2507026, 1, 17, 51, 16, 0, '2025-07-17 07:18:32'),
(1019, 2507027, 1, 17, 47, 18, 0, '2025-07-17 07:18:37'),
(1020, 2507028, 1, 17, 46, 22, 0, '2025-07-17 07:18:40'),
(1021, 2507029, 1, 17, 44, 20, 0, '2025-07-17 07:18:45'),
(1022, 2507030, 1, 17, 54, 20, 0, '2025-07-17 07:18:48'),
(1023, 2507031, 1, 17, 56, 18, 0, '2025-07-17 07:18:51'),
(1024, 2507032, 1, 17, 43, 19, 0, '2025-07-17 07:19:00'),
(1025, 2507033, 1, 17, 40, 20, 0, '2025-07-17 07:19:05'),
(1026, 2507034, 1, 17, 58, 21, 0, '2025-07-17 07:19:08'),
(1027, 2502140, 1, 17, 57, 14, 0, '2025-07-17 07:19:13'),
(1028, 2507035, 1, 17, 35, 19, 0, '2025-07-17 07:19:16'),
(1029, 2507040, 1, 17, 45, 18, 0, '2025-07-17 07:19:26'),
(1030, 2507041, 1, 17, 34, 18, 0, '2025-07-17 07:19:29'),
(1031, 2507042, 1, 17, 41, 22, 0, '2025-07-17 07:19:33'),
(1032, 2507043, 1, 17, 55, 13, 0, '2025-07-17 07:19:36'),
(1033, 2507044, 1, 17, 60, 15, 0, '2025-07-17 07:19:39'),
(1034, 2507045, 1, 17, 16, 13, 0, '2025-07-17 07:19:45'),
(1035, 2507046, 1, 17, 30, 15, 0, '2025-07-17 07:19:49'),
(1036, 2507047, 1, 17, 37, 20, 0, '2025-07-17 07:19:52'),
(1037, 2507048, 1, 17, 40, 13, 0, '2025-07-17 07:19:56'),
(1038, 2507049, 1, 17, 25, 17, 0, '2025-07-17 07:19:59'),
(1039, 2507050, 1, 17, 50, 17, 0, '2025-07-17 07:20:04'),
(1040, 2507051, 1, 17, 41, 19, 0, '2025-07-17 07:20:07'),
(1041, 2507052, 1, 17, 57, 21, 0, '2025-07-17 07:20:10'),
(1042, 2507053, 1, 17, 50, 20, 0, '2025-07-17 07:20:20'),
(1043, 2507054, 1, 17, 54, 16, 0, '2025-07-17 07:20:24'),
(1044, 2507055, 1, 17, 32, 21, 0, '2025-07-17 07:20:27'),
(1045, 2507056, 1, 17, 58, 20, 0, '2025-07-17 07:20:32'),
(1046, 2507057, 1, 17, 45, 18, 0, '2025-07-17 07:20:38'),
(1047, 2507058, 1, 17, 21, 12, 0, '2025-07-17 07:20:41'),
(1048, 2507059, 1, 17, 40, 16, 0, '2025-07-17 07:20:44'),
(1049, 2507060, 1, 17, 41, 19, 0, '2025-07-17 07:20:48'),
(1050, 2507061, 1, 17, 42, 17, 0, '2025-07-17 07:20:51'),
(1051, 2507062, 1, 17, 24, 16, 0, '2025-07-17 07:20:54'),
(1052, 2507063, 1, 17, 36, 11, 0, '2025-07-17 07:20:57'),
(1053, 2507064, 1, 17, 43, 20, 0, '2025-07-17 07:21:00'),
(1054, 2507065, 1, 17, 45, 16, 0, '2025-07-17 07:21:02'),
(1055, 2507066, 1, 17, 52, 17, 0, '2025-07-17 07:21:06'),
(1056, 2507067, 1, 17, 30, 19, 0, '2025-07-17 07:21:12'),
(1057, 2507068, 1, 17, 14, 10, 0, '2025-07-17 07:21:23'),
(1058, 2507069, 1, 17, 38, 20, 0, '2025-07-17 07:21:27'),
(1059, 2507070, 1, 17, 46, 14, 0, '2025-07-17 07:21:32'),
(1060, 2507071, 1, 17, 25, 18, 0, '2025-07-17 07:21:36'),
(1061, 2507072, 1, 17, 42, 19, 0, '2025-07-17 07:21:40'),
(1062, 2507073, 1, 17, 49, 14, 0, '2025-07-17 07:21:41'),
(1063, 2507074, 1, 17, 38, 16, 0, '2025-07-17 07:21:52'),
(1064, 2507075, 1, 17, 25, 16, 0, '2025-07-17 07:21:55'),
(1065, 2507076, 1, 17, 8, 16, 0, '2025-07-17 07:21:58'),
(1066, 2507077, 1, 17, 52, 18, 0, '2025-07-17 07:22:01'),
(1067, 2507079, 1, 17, 23, 19, 0, '2025-07-17 07:22:07'),
(1068, 2507080, 1, 17, 20, 16, 0, '2025-07-17 07:22:11'),
(1069, 2507081, 1, 17, 34, 18, 0, '2025-07-17 07:22:15'),
(1070, 2507082, 1, 17, 37, 18, 0, '2025-07-17 07:22:19'),
(1071, 2507083, 1, 17, 30, 18, 0, '2025-07-17 07:22:20'),
(1072, 2507084, 1, 17, 23, 10, 0, '2025-07-17 07:22:32'),
(1073, 2507085, 1, 17, 12, 12, 0, '2025-07-17 07:22:37'),
(1074, 2507086, 1, 17, 17, 18, 0, '2025-07-17 07:22:50'),
(1075, 2507087, 1, 17, 26, 19, 0, '2025-07-17 07:22:53'),
(1076, 2507088, 1, 17, 34, 15, 0, '2025-07-17 07:23:11'),
(1077, 2507089, 1, 17, 16, 17, 0, '2025-07-17 07:23:20'),
(1078, 2507090, 1, 17, 10, 13, 0, '2025-07-17 07:23:34'),
(1079, 2507091, 1, 17, 30, 17, 0, '2025-07-17 07:23:36'),
(1080, 2507092, 1, 17, 0, 0, 0, '2025-07-17 07:23:40'),
(1081, 2507093, 1, 17, 17, 19, 0, '2025-07-17 07:23:43'),
(1082, 2507094, 1, 17, 22, 14, 0, '2025-07-17 07:23:46'),
(1083, 2507096, 1, 17, 14, 17, 0, '2025-07-17 07:24:48'),
(1084, 2507097, 1, 17, 20, 17, 0, '2025-07-17 07:26:28'),
(1085, 2507098, 1, 17, 27, 17, 0, '2025-07-17 07:26:33'),
(1086, 2507099, 1, 17, 22, 15, 0, '2025-07-17 07:26:37'),
(1087, 2507100, 1, 17, 8, 13, 0, '2025-07-17 07:26:40'),
(1088, 2507101, 1, 17, 16, 11, 0, '2025-07-17 07:26:42'),
(1089, 2507102, 1, 17, 30, 10, 0, '2025-07-17 07:26:45'),
(1090, 2507103, 1, 17, 29, 21, 0, '2025-07-17 07:26:48'),
(1091, 2507104, 1, 17, 24, 16, 0, '2025-07-17 07:26:51'),
(1092, 2507105, 1, 17, 24, 15, 0, '2025-07-17 07:26:58'),
(1093, 2507106, 1, 17, 19, 10, 0, '2025-07-17 07:27:05'),
(1094, 2507107, 1, 17, 7, 7, 0, '2025-07-17 07:27:08'),
(1095, 2507108, 1, 17, 25, 23, 0, '2025-07-17 07:27:11'),
(1096, 2507109, 1, 17, 21, 19, 0, '2025-07-17 07:27:15'),
(1097, 2507110, 1, 17, 19, 16, 0, '2025-07-17 07:27:21'),
(1098, 2507111, 1, 17, 31, 14, 0, '2025-07-17 07:27:24'),
(1099, 2507112, 1, 17, 25, 13, 0, '2025-07-17 07:27:27'),
(1100, 2507113, 1, 17, 21, 14, 0, '2025-07-17 07:27:31'),
(1101, 2507114, 1, 17, 29, 15, 0, '2025-07-17 07:27:34'),
(1102, 2507115, 1, 17, 29, 14, 0, '2025-07-17 07:27:38'),
(1103, 2507116, 1, 17, 22, 11, 0, '2025-07-17 07:27:41'),
(1104, 2507117, 1, 17, 19, 12, 0, '2025-07-17 07:27:47'),
(1105, 2507118, 1, 17, 41, 12, 0, '2025-07-17 07:27:57'),
(1106, 2507119, 1, 17, 13, 17, 0, '2025-07-17 07:28:05'),
(1107, 2507120, 1, 17, 20, 17, 0, '2025-07-17 07:28:11'),
(1108, 2507121, 1, 17, 16, 17, 0, '2025-07-17 07:28:14'),
(1109, 2507122, 1, 17, 36, 19, 0, '2025-07-17 07:28:17'),
(1110, 2507123, 1, 17, 6, 12, 0, '2025-07-17 07:28:21'),
(1111, 2507124, 1, 17, 16, 15, 0, '2025-07-17 07:28:27'),
(1112, 2507125, 1, 17, 11, 14, 0, '2025-07-17 07:28:30'),
(1113, 2507126, 1, 17, 16, 18, 0, '2025-07-17 07:28:33'),
(1114, 2507127, 1, 17, 22, 15, 0, '2025-07-17 07:28:36'),
(1115, 2507128, 1, 17, 22, 15, 0, '2025-07-17 07:28:39'),
(1116, 2507129, 1, 17, 33, 18, 0, '2025-07-17 07:28:45'),
(1117, 2507130, 1, 17, 21, 11, 0, '2025-07-17 07:28:53'),
(1118, 2507131, 1, 17, 53, 26, 0, '2025-07-17 07:28:58'),
(1119, 2507133, 1, 17, 53, 20, 0, '2025-07-17 07:29:09'),
(1120, 2507134, 1, 17, 54, 21, 0, '2025-07-17 07:29:12'),
(1121, 2507135, 1, 17, 37, 17, 0, '2025-07-17 07:29:27'),
(1122, 2507136, 1, 17, 19, 18, 0, '2025-07-17 07:29:31'),
(1123, 2507137, 1, 17, 25, 10, 0, '2025-07-17 07:29:43'),
(1124, 2507138, 1, 17, 37, 10, 0, '2025-07-17 07:29:48'),
(1125, 2507139, 1, 17, 16, 16, 0, '2025-07-17 07:29:51'),
(1126, 2507140, 1, 17, 23, 16, 0, '2025-07-17 07:29:54'),
(1127, 2507036, 1, 19, 20, 0, 20, '2025-07-17 07:31:21'),
(1128, 2507037, 1, 19, 15, 0, 15, '2025-07-17 07:34:38'),
(1129, 2507038, 1, 19, 17, 0, 17, '2025-07-17 07:35:51'),
(1130, 2507039, 1, 19, 12, 0, 12, '2025-07-17 07:36:06'),
(1131, 2507078, 1, 19, 20, 0, 20, '2025-07-17 07:36:40'),
(1132, 2507092, 1, 19, 14, 0, 14, '2025-07-17 07:37:20'),
(1133, 2507135, 1, 19, 12, 0, 12, '2025-07-17 07:37:57'),
(1134, 2507003, 1, 19, 20, 0, 20, '2025-07-17 07:38:58'),
(1135, 2507004, 1, 19, 21, 0, 21, '2025-07-17 07:39:03'),
(1136, 2507005, 1, 19, 17, 0, 17, '2025-07-17 07:39:06'),
(1137, 2507006, 1, 19, 21, 0, 21, '2025-07-17 07:39:09'),
(1138, 2507007, 1, 19, 22, 0, 22, '2025-07-17 07:39:13'),
(1139, 2507008, 1, 19, 18, 0, 18, '2025-07-17 07:39:31'),
(1140, 2507009, 1, 19, 16, 0, 16, '2025-07-17 07:39:35'),
(1141, 2507010, 1, 19, 22, 0, 22, '2025-07-17 07:39:40'),
(1142, 2507011, 1, 19, 17, 0, 17, '2025-07-17 07:39:43'),
(1143, 2507012, 1, 19, 17, 0, 17, '2025-07-17 07:39:48'),
(1144, 2507013, 1, 19, 22, 0, 22, '2025-07-17 07:39:53'),
(1145, 2507014, 1, 19, 19, 0, 19, '2025-07-17 07:39:55'),
(1146, 2507015, 1, 19, 18, 0, 18, '2025-07-17 07:40:06'),
(1147, 2507016, 1, 19, 22, 0, 22, '2025-07-17 07:40:10'),
(1148, 2507018, 1, 19, 20, 0, 20, '2025-07-17 07:40:13'),
(1149, 2507019, 1, 19, 21, 0, 21, '2025-07-17 07:40:14'),
(1150, 2507020, 1, 19, 15, 0, 15, '2025-07-17 07:40:49'),
(1151, 2507021, 1, 19, 23, 0, 23, '2025-07-17 07:42:14'),
(1152, 2507022, 1, 19, 17, 0, 17, '2025-07-17 07:42:21'),
(1153, 2507023, 1, 19, 20, 0, 20, '2025-07-17 07:42:22'),
(1154, 2507024, 1, 19, 18, 0, 18, '2025-07-17 07:42:29'),
(1155, 2507025, 1, 19, 16, 0, 16, '2025-07-17 07:42:35'),
(1156, 2507026, 1, 19, 17, 0, 17, '2025-07-17 07:42:38'),
(1157, 2507027, 1, 19, 20, 0, 20, '2025-07-17 07:42:41'),
(1158, 2507028, 1, 19, 20, 0, 20, '2025-07-17 07:42:43'),
(1159, 2507029, 1, 19, 19, 0, 19, '2025-07-17 07:42:46'),
(1160, 2507030, 1, 19, 18, 0, 18, '2025-07-17 07:42:50'),
(1161, 2507031, 1, 19, 17, 0, 17, '2025-07-17 07:42:53'),
(1162, 2507032, 1, 19, 17, 0, 17, '2025-07-17 07:43:06'),
(1163, 2507033, 1, 19, 18, 0, 18, '2025-07-17 07:43:18'),
(1164, 2507034, 1, 19, 25, 0, 25, '2025-07-17 07:43:22'),
(1165, 2502140, 1, 19, 25, 0, 25, '2025-07-17 07:43:38'),
(1166, 2507035, 1, 19, 21, 0, 21, '2025-07-17 07:43:45'),
(1167, 2507040, 1, 19, 20, 0, 20, '2025-07-17 07:43:58'),
(1168, 2507041, 1, 19, 19, 0, 19, '2025-07-17 07:44:01'),
(1169, 2507042, 1, 19, 18, 0, 18, '2025-07-17 07:44:05'),
(1170, 2507043, 1, 19, 13, 0, 13, '2025-07-17 07:44:07'),
(1171, 2507044, 1, 19, 18, 0, 18, '2025-07-17 07:44:09'),
(1172, 2507045, 1, 19, 15, 0, 15, '2025-07-17 07:44:13'),
(1173, 2507046, 1, 19, 17, 0, 17, '2025-07-17 07:44:15'),
(1174, 2507047, 1, 19, 20, 0, 20, '2025-07-17 07:44:19'),
(1175, 2507048, 1, 19, 19, 0, 19, '2025-07-17 07:44:21'),
(1176, 2507049, 1, 19, 19, 0, 19, '2025-07-17 07:44:25'),
(1177, 2507050, 1, 19, 19, 0, 19, '2025-07-17 07:44:28'),
(1178, 2507051, 1, 19, 21, 0, 21, '2025-07-17 07:44:31'),
(1179, 2507052, 1, 19, 18, 0, 18, '2025-07-17 07:44:33'),
(1180, 2507053, 1, 19, 18, 0, 18, '2025-07-17 07:44:34'),
(1181, 2507054, 1, 19, 16, 0, 16, '2025-07-17 07:44:40'),
(1182, 2507055, 1, 19, 21, 0, 21, '2025-07-17 07:44:43'),
(1183, 2507056, 1, 19, 15, 0, 15, '2025-07-17 07:44:51'),
(1184, 2507057, 1, 19, 17, 0, 17, '2025-07-17 07:44:58'),
(1185, 2507058, 1, 19, 14, 0, 14, '2025-07-17 07:45:05'),
(1186, 2507059, 1, 19, 18, 0, 18, '2025-07-17 07:45:08'),
(1187, 2507060, 1, 19, 16, 0, 16, '2025-07-17 07:45:12'),
(1188, 2507061, 1, 19, 15, 0, 15, '2025-07-17 07:45:17'),
(1189, 2507062, 1, 19, 20, 0, 20, '2025-07-17 07:45:26'),
(1190, 2507063, 1, 19, 10, 0, 10, '2025-07-17 07:45:29'),
(1191, 2507064, 1, 19, 16, 0, 16, '2025-07-17 07:45:37'),
(1192, 2507065, 1, 19, 19, 0, 19, '2025-07-17 07:48:03'),
(1193, 2507066, 1, 19, 15, 0, 15, '2025-07-17 07:48:06'),
(1194, 2507067, 1, 19, 14, 0, 14, '2025-07-17 07:48:07'),
(1195, 2507068, 1, 19, 13, 0, 13, '2025-07-17 07:48:14'),
(1196, 2507069, 1, 19, 14, 0, 14, '2025-07-17 07:48:17'),
(1197, 2507070, 1, 19, 11, 0, 11, '2025-07-17 07:48:21'),
(1198, 2507071, 1, 19, 15, 0, 15, '2025-07-17 07:48:24'),
(1199, 2507072, 1, 19, 11, 0, 11, '2025-07-17 07:48:28'),
(1200, 2507073, 1, 19, 15, 0, 15, '2025-07-17 07:48:31'),
(1201, 2507074, 1, 19, 11, 0, 11, '2025-07-17 07:48:37'),
(1202, 2507075, 1, 19, 12, 0, 12, '2025-07-17 07:48:41'),
(1203, 2507076, 1, 19, 12, 0, 12, '2025-07-17 07:48:44'),
(1204, 2507077, 1, 19, 19, 0, 19, '2025-07-17 07:48:48'),
(1205, 2507079, 1, 19, 14, 0, 14, '2025-07-17 07:48:52'),
(1206, 2507080, 1, 19, 12, 0, 12, '2025-07-17 07:48:56'),
(1207, 2507081, 1, 19, 12, 0, 12, '2025-07-17 07:49:12'),
(1208, 2507082, 1, 19, 15, 0, 15, '2025-07-17 07:49:15'),
(1209, 2507083, 1, 19, 14, 0, 14, '2025-07-17 07:49:20'),
(1210, 2507084, 1, 19, 15, 0, 15, '2025-07-17 07:49:23'),
(1211, 2507085, 1, 19, 12, 0, 12, '2025-07-17 07:49:26'),
(1212, 2507086, 1, 19, 9, 0, 9, '2025-07-17 07:49:30'),
(1213, 2507087, 1, 19, 17, 0, 17, '2025-07-17 07:49:36'),
(1214, 2507088, 1, 19, 12, 0, 12, '2025-07-17 07:49:42'),
(1215, 2507089, 1, 19, 14, 0, 14, '2025-07-17 07:49:48'),
(1216, 2507090, 1, 19, 15, 0, 15, '2025-07-17 07:49:55'),
(1217, 2507091, 1, 19, 14, 0, 14, '2025-07-17 07:49:58'),
(1218, 2507093, 1, 19, 17, 0, 17, '2025-07-17 07:50:03'),
(1219, 2507094, 1, 19, 16, 0, 16, '2025-07-17 07:50:06'),
(1220, 2507095, 1, 19, 16, 0, 16, '2025-07-17 07:50:10'),
(1221, 2507096, 1, 19, 11, 0, 11, '2025-07-17 07:50:14'),
(1222, 2507097, 1, 19, 17, 0, 17, '2025-07-17 07:50:17'),
(1223, 2507098, 1, 19, 12, 0, 12, '2025-07-17 07:50:24'),
(1224, 2507099, 1, 19, 13, 0, 13, '2025-07-17 07:50:28'),
(1225, 2507100, 1, 19, 10, 0, 10, '2025-07-17 07:50:32'),
(1226, 2507101, 1, 19, 10, 0, 10, '2025-07-17 07:50:34'),
(1227, 2507102, 1, 19, 13, 0, 13, '2025-07-17 07:50:37'),
(1228, 2507103, 1, 19, 11, 0, 11, '2025-07-17 07:50:40'),
(1229, 2507104, 1, 19, 9, 0, 9, '2025-07-17 07:50:44'),
(1230, 2507105, 1, 19, 11, 0, 11, '2025-07-17 07:50:46'),
(1231, 2507106, 1, 19, 9, 0, 9, '2025-07-17 07:50:50'),
(1232, 2507107, 1, 19, 12, 0, 12, '2025-07-17 07:50:55'),
(1233, 2507108, 1, 19, 14, 0, 14, '2025-07-17 07:51:06'),
(1234, 2507109, 1, 19, 8, 0, 8, '2025-07-17 07:51:08'),
(1235, 2507110, 1, 19, 9, 0, 9, '2025-07-17 07:51:11'),
(1236, 2507111, 1, 19, 13, 0, 13, '2025-07-17 07:51:14'),
(1237, 2507112, 1, 19, 16, 0, 16, '2025-07-17 07:51:17'),
(1238, 2507113, 1, 19, 13, 0, 13, '2025-07-17 07:51:22'),
(1239, 2507114, 1, 19, 13, 0, 13, '2025-07-17 07:51:25'),
(1240, 2507115, 1, 19, 10, 0, 10, '2025-07-17 07:51:27'),
(1241, 2507116, 1, 19, 9, 0, 9, '2025-07-17 07:51:30'),
(1242, 2507117, 1, 19, 13, 0, 13, '2025-07-17 07:51:47'),
(1243, 2507118, 1, 19, 9, 0, 9, '2025-07-17 07:51:54'),
(1244, 2507119, 1, 19, 14, 0, 14, '2025-07-17 07:51:58'),
(1245, 2507120, 1, 19, 8, 0, 8, '2025-07-17 07:52:09'),
(1246, 2507121, 1, 19, 15, 0, 15, '2025-07-17 07:52:12'),
(1247, 2507122, 1, 19, 9, 0, 9, '2025-07-17 07:52:15'),
(1248, 2507123, 1, 19, 4, 0, 4, '2025-07-17 07:52:17'),
(1249, 2507124, 1, 19, 11, 0, 11, '2025-07-17 07:52:49'),
(1250, 2507125, 1, 19, 10, 0, 10, '2025-07-17 07:52:53'),
(1251, 2507126, 1, 19, 8, 0, 8, '2025-07-17 07:52:55'),
(1252, 2507127, 1, 19, 15, 0, 15, '2025-07-17 07:52:58'),
(1253, 2507128, 1, 19, 13, 0, 13, '2025-07-17 07:53:01'),
(1254, 2507129, 1, 19, 13, 0, 13, '2025-07-17 07:53:04'),
(1255, 2507130, 1, 19, 11, 0, 11, '2025-07-17 07:53:07'),
(1256, 2507131, 1, 19, 18, 0, 18, '2025-07-17 07:53:11'),
(1257, 2507132, 1, 19, 15, 0, 15, '2025-07-17 07:53:14'),
(1258, 2507133, 1, 19, 14, 0, 14, '2025-07-17 07:53:17'),
(1259, 2507134, 1, 19, 14, 0, 14, '2025-07-17 07:53:19'),
(1260, 2507136, 1, 19, 12, 0, 12, '2025-07-17 07:53:24'),
(1261, 2507137, 1, 19, 5, 0, 5, '2025-07-17 07:53:27'),
(1262, 2507138, 1, 19, 12, 0, 12, '2025-07-17 07:53:31'),
(1263, 2507139, 1, 19, 12, 0, 12, '2025-07-17 07:53:43'),
(1264, 2507140, 1, 19, 16, 0, 16, '2025-07-17 07:53:46'),
(1265, 2507004, 1, 20, 0, 0, 50, '2025-07-17 07:54:56'),
(1266, 2507005, 1, 20, 0, 0, 50, '2025-07-17 07:54:58'),
(1267, 2507006, 1, 20, 0, 0, 50, '2025-07-17 07:54:59'),
(1268, 2507007, 1, 20, 0, 0, 50, '2025-07-17 07:55:01'),
(1269, 2507008, 1, 20, 0, 0, 48, '2025-07-17 07:55:04'),
(1270, 2507009, 1, 20, 0, 0, 48, '2025-07-17 07:55:14'),
(1271, 2507010, 1, 20, 0, 0, 48, '2025-07-17 07:55:18'),
(1272, 2507011, 1, 20, 0, 0, 48, '2025-07-17 07:55:21'),
(1273, 2507012, 1, 20, 0, 0, 48, '2025-07-17 07:55:22'),
(1274, 2507013, 1, 20, 0, 0, 50, '2025-07-17 07:55:24'),
(1275, 2507014, 1, 20, 0, 0, 50, '2025-07-17 07:55:28'),
(1276, 2507015, 1, 20, 0, 0, 48, '2025-07-17 07:55:29'),
(1277, 2507016, 1, 20, 0, 0, 48, '2025-07-17 07:55:35'),
(1278, 2507018, 1, 20, 0, 0, 50, '2025-07-17 07:55:38'),
(1279, 2507019, 1, 20, 0, 0, 48, '2025-07-17 07:55:40'),
(1280, 2507020, 1, 20, 0, 0, 48, '2025-07-17 07:55:42'),
(1281, 2507021, 1, 20, 0, 0, 48, '2025-07-17 07:55:44'),
(1282, 2507022, 1, 20, 0, 0, 48, '2025-07-17 07:55:45'),
(1283, 2507023, 1, 20, 0, 0, 50, '2025-07-17 07:55:50'),
(1284, 2507024, 1, 20, 0, 0, 48, '2025-07-17 07:55:52'),
(1285, 2507025, 1, 20, 0, 0, 48, '2025-07-17 07:55:53'),
(1286, 2507026, 1, 20, 0, 0, 50, '2025-07-17 07:55:55'),
(1287, 2507027, 1, 20, 0, 0, 48, '2025-07-17 07:55:56'),
(1288, 2507028, 1, 20, 0, 0, 50, '2025-07-17 07:55:58'),
(1289, 2507029, 1, 20, 0, 0, 48, '2025-07-17 07:56:00'),
(1290, 2507030, 1, 20, 0, 0, 48, '2025-07-17 07:56:02'),
(1291, 2507031, 1, 20, 0, 0, 48, '2025-07-17 07:56:14'),
(1292, 2507032, 1, 20, 0, 0, 48, '2025-07-17 07:56:15'),
(1293, 2507033, 1, 20, 0, 0, 48, '2025-07-17 07:56:16'),
(1294, 2507034, 1, 20, 0, 0, 50, '2025-07-17 07:56:20'),
(1295, 2502140, 1, 20, 0, 0, 48, '2025-07-17 07:56:21'),
(1296, 2507035, 1, 20, 0, 0, 48, '2025-07-17 07:56:25'),
(1297, 2507040, 1, 20, 0, 0, 48, '2025-07-17 07:56:26'),
(1298, 2507041, 1, 20, 0, 0, 48, '2025-07-17 07:56:28'),
(1299, 2507042, 1, 20, 0, 0, 48, '2025-07-17 07:56:29'),
(1300, 2507043, 1, 20, 0, 0, 50, '2025-07-17 07:56:35'),
(1301, 2507044, 1, 20, 0, 0, 50, '2025-07-17 07:56:36'),
(1302, 2507045, 1, 20, 0, 0, 50, '2025-07-17 07:56:41'),
(1303, 2507046, 1, 20, 0, 0, 50, '2025-07-17 07:56:43'),
(1304, 2507047, 1, 20, 0, 0, 48, '2025-07-17 07:56:44'),
(1305, 2507048, 1, 20, 0, 0, 50, '2025-07-17 07:56:45'),
(1306, 2507049, 1, 20, 0, 0, 48, '2025-07-17 07:56:48'),
(1307, 2507050, 1, 20, 0, 0, 50, '2025-07-17 07:56:50'),
(1308, 2507051, 1, 20, 0, 0, 48, '2025-07-17 07:56:54'),
(1309, 2507052, 1, 20, 0, 0, 50, '2025-07-17 07:57:01'),
(1310, 2507053, 1, 20, 0, 0, 48, '2025-07-17 07:57:04'),
(1311, 2507054, 1, 20, 0, 0, 48, '2025-07-17 07:57:06'),
(1312, 2507055, 1, 20, 0, 0, 48, '2025-07-17 07:57:07'),
(1313, 2507036, 1, 20, 0, 0, 48, '2025-07-17 07:57:12'),
(1314, 2507056, 1, 20, 0, 0, 50, '2025-07-17 07:57:16'),
(1315, 2507057, 1, 20, 0, 0, 50, '2025-07-17 07:57:34'),
(1316, 2507058, 1, 20, 0, 0, 50, '2025-07-17 07:57:46'),
(1317, 2507059, 1, 20, 0, 0, 50, '2025-07-17 07:57:48'),
(1318, 2507060, 1, 20, 0, 0, 50, '2025-07-17 07:57:49'),
(1319, 2507061, 1, 20, 0, 0, 50, '2025-07-17 07:57:51'),
(1320, 2507062, 1, 20, 0, 0, 48, '2025-07-17 07:57:53'),
(1321, 2507063, 1, 20, 0, 0, 50, '2025-07-17 07:57:58'),
(1322, 2507064, 1, 20, 0, 0, 48, '2025-07-17 07:58:04'),
(1323, 2507065, 1, 20, 0, 0, 48, '2025-07-17 07:58:06'),
(1324, 2507066, 1, 20, 0, 0, 48, '2025-07-17 07:58:07'),
(1325, 2507067, 1, 20, 0, 0, 50, '2025-07-17 07:58:08'),
(1326, 2507068, 1, 20, 0, 0, 48, '2025-07-17 07:58:10'),
(1327, 2507069, 1, 20, 0, 0, 48, '2025-07-17 07:58:12'),
(1328, 2507070, 1, 20, 0, 0, 48, '2025-07-17 07:58:13'),
(1329, 2507071, 1, 20, 0, 0, 48, '2025-07-17 07:58:15'),
(1330, 2507072, 1, 20, 0, 0, 48, '2025-07-17 07:58:16'),
(1331, 2507073, 1, 20, 0, 0, 48, '2025-07-17 07:58:18'),
(1332, 2507074, 1, 20, 0, 0, 48, '2025-07-17 07:58:20'),
(1333, 2507075, 1, 20, 0, 0, 48, '2025-07-17 07:58:24'),
(1334, 2507076, 1, 20, 0, 0, 48, '2025-07-17 07:58:28'),
(1335, 2507077, 1, 20, 0, 0, 48, '2025-07-17 07:58:29'),
(1336, 2507079, 1, 20, 0, 0, 48, '2025-07-17 07:58:31'),
(1337, 2507080, 1, 20, 0, 0, 48, '2025-07-17 07:58:32'),
(1338, 2507081, 1, 20, 0, 0, 50, '2025-07-17 07:58:36'),
(1339, 2507082, 1, 20, 0, 0, 50, '2025-07-17 07:58:38'),
(1340, 2507083, 1, 20, 0, 0, 48, '2025-07-17 07:58:40'),
(1341, 2507084, 1, 20, 0, 0, 50, '2025-07-17 07:58:41'),
(1342, 2507085, 1, 20, 0, 0, 50, '2025-07-17 07:58:44'),
(1343, 2507086, 1, 20, 0, 0, 48, '2025-07-17 07:58:49'),
(1344, 2507087, 1, 20, 0, 0, 50, '2025-07-17 07:59:07'),
(1345, 2507088, 1, 20, 0, 0, 48, '2025-07-17 07:59:08'),
(1346, 2507037, 1, 20, 0, 0, 48, '2025-07-17 07:59:13'),
(1347, 2507089, 1, 20, 0, 0, 48, '2025-07-17 07:59:16'),
(1348, 2507090, 1, 20, 0, 0, 48, '2025-07-17 07:59:20'),
(1349, 2507091, 1, 20, 0, 0, 48, '2025-07-17 07:59:24'),
(1350, 2507092, 1, 20, 0, 0, 48, '2025-07-17 07:59:25'),
(1351, 2507093, 1, 20, 0, 0, 48, '2025-07-17 07:59:26'),
(1352, 2507094, 1, 20, 0, 0, 50, '2025-07-17 07:59:28'),
(1353, 2507095, 1, 20, 0, 0, 50, '2025-07-17 07:59:32'),
(1354, 2507096, 1, 20, 0, 0, 48, '2025-07-17 07:59:33'),
(1355, 2507097, 1, 20, 0, 0, 48, '2025-07-17 07:59:36'),
(1356, 2507098, 1, 20, 0, 0, 48, '2025-07-17 07:59:37'),
(1357, 2507099, 1, 20, 0, 0, 48, '2025-07-17 07:59:38'),
(1358, 2507100, 1, 20, 0, 0, 48, '2025-07-17 07:59:45'),
(1359, 2507101, 1, 20, 0, 0, 48, '2025-07-17 07:59:46'),
(1360, 2507102, 1, 20, 0, 0, 48, '2025-07-17 07:59:47'),
(1361, 2507103, 1, 20, 0, 0, 50, '2025-07-17 07:59:49'),
(1362, 2507104, 1, 20, 0, 0, 50, '2025-07-17 08:28:25'),
(1363, 2507105, 1, 20, 0, 0, 48, '2025-07-17 08:28:27'),
(1364, 2507106, 1, 20, 0, 0, 48, '2025-07-17 08:28:29'),
(1365, 2507107, 1, 20, 0, 0, 48, '2025-07-17 08:28:32'),
(1366, 2507108, 1, 20, 0, 0, 48, '2025-07-17 08:28:36'),
(1367, 2507109, 1, 20, 0, 0, 48, '2025-07-17 08:28:42'),
(1368, 2507110, 1, 20, 0, 0, 50, '2025-07-17 08:28:43'),
(1369, 2507111, 1, 20, 0, 0, 48, '2025-07-17 08:28:44'),
(1370, 2507112, 1, 20, 0, 0, 48, '2025-07-17 08:28:47'),
(1371, 2507113, 1, 20, 0, 0, 48, '2025-07-17 08:28:50'),
(1372, 2507114, 1, 20, 0, 0, 50, '2025-07-17 08:28:51'),
(1373, 2507115, 1, 20, 0, 0, 48, '2025-07-17 08:28:53'),
(1374, 2507116, 1, 20, 0, 0, 48, '2025-07-17 08:28:55'),
(1375, 2507117, 1, 20, 0, 0, 50, '2025-07-17 08:28:57'),
(1376, 2507118, 1, 20, 0, 0, 50, '2025-07-17 08:29:04'),
(1377, 2507119, 1, 20, 0, 0, 50, '2025-07-17 08:29:08'),
(1378, 2507120, 1, 20, 0, 0, 50, '2025-07-17 08:29:09'),
(1379, 2507121, 1, 20, 0, 0, 50, '2025-07-17 08:29:16'),
(1380, 2507122, 1, 20, 0, 0, 50, '2025-07-17 08:29:17'),
(1381, 2507123, 1, 20, 0, 0, 50, '2025-07-17 08:29:18'),
(1382, 2507038, 1, 20, 0, 0, 50, '2025-07-17 08:29:20'),
(1383, 2507124, 1, 20, 0, 0, 50, '2025-07-17 08:29:21'),
(1384, 2507078, 1, 20, 0, 0, 48, '2025-07-17 08:29:25'),
(1385, 2507125, 1, 20, 0, 0, 50, '2025-07-17 08:29:36'),
(1386, 2507126, 1, 20, 0, 0, 48, '2025-07-17 08:29:43'),
(1387, 2507127, 1, 20, 0, 0, 48, '2025-07-17 08:29:46'),
(1388, 2507128, 1, 20, 0, 0, 50, '2025-07-17 08:29:54'),
(1389, 2507129, 1, 20, 0, 0, 50, '2025-07-17 08:29:56'),
(1390, 2507130, 1, 20, 0, 0, 48, '2025-07-17 08:29:58'),
(1391, 2507131, 1, 20, 0, 0, 50, '2025-07-17 08:30:01'),
(1392, 2507132, 1, 20, 0, 0, 48, '2025-07-17 08:30:02'),
(1393, 2507133, 1, 20, 0, 0, 50, '2025-07-17 08:30:04'),
(1394, 2507134, 1, 20, 0, 0, 48, '2025-07-17 08:30:13'),
(1395, 2507135, 1, 20, 0, 0, 48, '2025-07-17 08:30:15'),
(1396, 2507039, 1, 20, 0, 0, 48, '2025-07-17 08:30:16'),
(1397, 2507136, 1, 20, 0, 0, 48, '2025-07-17 08:30:17'),
(1398, 2507137, 1, 20, 0, 0, 48, '2025-07-17 08:30:20'),
(1399, 2507138, 1, 20, 0, 0, 50, '2025-07-17 08:30:29'),
(1400, 2507139, 1, 20, 0, 0, 50, '2025-07-17 08:30:36'),
(1401, 2507140, 1, 20, 0, 0, 50, '2025-07-17 08:30:37'),
(1402, 2508001, 4, 21, 40, 27, 0, '2025-07-17 15:39:54'),
(1403, 2508002, 4, 21, 49, 18, 0, '2025-07-17 15:40:01'),
(1404, 2508003, 4, 21, 43, 22, 0, '2025-07-17 15:40:04'),
(1405, 2508004, 4, 21, 35, 18, 0, '2025-07-17 15:55:24'),
(1406, 2508005, 4, 21, 33, 22, 0, '2025-07-17 15:55:35'),
(1407, 2508006, 4, 21, 46, 16, 0, '2025-07-17 15:56:03'),
(1408, 2508007, 4, 21, 45, 21, 0, '2025-07-17 15:56:15'),
(1409, 2508008, 4, 21, 37, 20, 0, '2025-07-17 15:56:38'),
(1410, 2508009, 4, 21, 37, 20, 0, '2025-07-17 15:56:52'),
(1411, 2508010, 4, 21, 37, 17, 0, '2025-07-17 15:57:01'),
(1412, 2508011, 4, 21, 29, 23, 0, '2025-07-17 15:57:16'),
(1413, 2508012, 4, 21, 32, 21, 0, '2025-07-17 15:57:30'),
(1414, 2508013, 4, 21, 49, 23, 0, '2025-07-17 15:57:44'),
(1415, 2508014, 4, 21, 34, 12, 0, '2025-07-17 15:57:53'),
(1416, 2508015, 4, 21, 33, 17, 0, '2025-07-17 15:58:14'),
(1417, 2508016, 4, 21, 33, 16, 0, '2025-07-17 15:58:25'),
(1418, 2508017, 4, 21, 28, 18, 0, '2025-07-17 15:58:38'),
(1419, 2508018, 4, 21, 37, 21, 0, '2025-07-17 15:58:54'),
(1420, 2508019, 4, 21, 43, 19, 0, '2025-07-17 15:59:06'),
(1421, 2508020, 4, 21, 29, 20, 0, '2025-07-17 15:59:18'),
(1422, 2508021, 4, 21, 42, 19, 0, '2025-07-17 15:59:33'),
(1423, 2508022, 4, 21, 27, 21, 0, '2025-07-17 15:59:46'),
(1424, 2508023, 4, 21, 33, 20, 0, '2025-07-17 16:00:03'),
(1425, 2508024, 4, 21, 33, 15, 0, '2025-07-17 16:00:13'),
(1426, 2508025, 4, 21, 33, 20, 0, '2025-07-17 16:01:13'),
(1427, 2508026, 4, 21, 30, 19, 0, '2025-07-17 16:01:21'),
(1428, 2508027, 4, 21, 23, 16, 0, '2025-07-17 16:01:40'),
(1429, 2508028, 4, 21, 35, 19, 0, '2025-07-17 16:01:47'),
(1430, 2508029, 4, 21, 42, 24, 0, '2025-07-17 16:02:12'),
(1431, 2508030, 4, 21, 23, 15, 0, '2025-07-17 16:02:20'),
(1432, 2508031, 4, 21, 18, 14, 0, '2025-07-17 16:02:25'),
(1433, 2508149, 4, 21, 39, 23, 0, '2025-07-17 16:03:35'),
(1434, 2508032, 4, 21, 24, 21, 0, '2025-07-17 16:04:27'),
(1435, 2508033, 4, 21, 17, 20, 0, '2025-07-17 16:04:42'),
(1436, 2508034, 4, 21, 27, 18, 0, '2025-07-17 16:04:51'),
(1437, 2508035, 4, 21, 25, 17, 0, '2025-07-17 16:05:03'),
(1438, 2508036, 4, 21, 22, 24, 0, '2025-07-17 16:05:17'),
(1439, 2508037, 4, 21, 33, 16, 0, '2025-07-17 16:05:24'),
(1440, 2508038, 4, 21, 2, 13, 0, '2025-07-17 16:05:41'),
(1441, 2508039, 4, 21, 21, 21, 0, '2025-07-17 16:05:55'),
(1442, 2508040, 4, 21, 14, 15, 0, '2025-07-17 16:06:03'),
(1443, 2508041, 4, 21, 20, 10, 0, '2025-07-17 16:06:14'),
(1444, 2508042, 4, 21, 14, 17, 0, '2025-07-17 16:06:23'),
(1445, 2508043, 4, 21, 25, 12, 0, '2025-07-17 16:06:32'),
(1446, 2508044, 4, 21, 24, 16, 0, '2025-07-17 16:06:48'),
(1447, 2508045, 4, 21, 13, 12, 0, '2025-07-17 16:07:12'),
(1448, 2508046, 4, 21, 9, 12, 0, '2025-07-17 16:07:22'),
(1449, 2508047, 4, 21, 21, 18, 0, '2025-07-17 16:07:34'),
(1450, 2508048, 4, 21, 32, 14, 0, '2025-07-17 16:07:46'),
(1451, 2508049, 4, 21, 22, 13, 0, '2025-07-17 16:07:58'),
(1452, 2508050, 4, 21, 6, 14, 0, '2025-07-17 16:08:18'),
(1453, 2508051, 4, 21, 5, 9, 0, '2025-07-17 16:08:30'),
(1454, 2508052, 4, 21, 6, 10, 0, '2025-07-17 16:08:45'),
(1455, 2508053, 4, 21, 3, 16, 0, '2025-07-17 16:08:55'),
(1456, 2508054, 4, 21, 16, 15, 0, '2025-07-17 16:09:08'),
(1457, 2508055, 4, 21, 24, 17, 0, '2025-07-17 16:09:23'),
(1458, 2508056, 4, 21, 14, 17, 0, '2025-07-17 16:09:34'),
(1459, 2508057, 4, 21, 4, 17, 0, '2025-07-17 16:09:40'),
(1460, 2508058, 4, 21, 13, 7, 0, '2025-07-17 16:09:48'),
(1461, 2508059, 4, 21, 31, 19, 0, '2025-07-17 16:10:43'),
(1462, 2508060, 4, 21, 21, 11, 0, '2025-07-17 16:10:49'),
(1463, 2508061, 4, 21, 9, 19, 0, '2025-07-17 16:11:40'),
(1464, 2508062, 4, 21, 2, 11, 0, '2025-07-17 16:11:49'),
(1465, 2508063, 4, 21, 6, 13, 0, '2025-07-17 16:11:57'),
(1466, 2508064, 4, 21, 7, 15, 0, '2025-07-17 16:12:06'),
(1467, 2508065, 4, 21, 17, 18, 0, '2025-07-17 16:12:13'),
(1468, 2508066, 4, 21, 10, 18, 0, '2025-07-17 16:12:20'),
(1469, 2508067, 4, 21, 7, 13, 0, '2025-07-17 16:12:29'),
(1470, 2508068, 4, 21, 18, 19, 0, '2025-07-17 16:12:39'),
(1471, 2508069, 4, 21, 27, 19, 0, '2025-07-17 16:12:45'),
(1472, 2508070, 4, 21, 17, 11, 0, '2025-07-17 16:13:00'),
(1473, 2508071, 4, 21, 0, 10, 0, '2025-07-17 16:13:09'),
(1474, 2508072, 4, 21, 8, 17, 0, '2025-07-17 16:13:17'),
(1475, 2508073, 4, 21, 8, 15, 0, '2025-07-17 16:13:25'),
(1476, 2508074, 4, 21, 20, 12, 0, '2025-07-17 16:13:32'),
(1477, 2508075, 4, 21, 11, 18, 0, '2025-07-17 16:13:37'),
(1478, 2508076, 4, 21, 15, 13, 0, '2025-07-17 16:13:49'),
(1479, 2508077, 4, 21, 5, 13, 0, '2025-07-17 16:13:58'),
(1480, 2508078, 4, 21, 14, 7, 0, '2025-07-17 16:14:03'),
(1481, 2508079, 4, 21, 24, 19, 0, '2025-07-17 16:14:21'),
(1482, 2508080, 4, 21, 5, 10, 0, '2025-07-17 16:14:33'),
(1483, 2508081, 4, 21, 8, 18, 0, '2025-07-17 16:14:40'),
(1484, 2508082, 4, 21, 14, 13, 0, '2025-07-17 16:14:48'),
(1485, 2508083, 4, 21, 8, 14, 0, '2025-07-17 16:14:55'),
(1486, 2508084, 4, 21, 1, 13, 0, '2025-07-17 16:15:00'),
(1487, 2508085, 4, 21, 8, 11, 0, '2025-07-17 16:15:07'),
(1488, 2508086, 4, 21, 10, 9, 0, '2025-07-17 16:15:12'),
(1489, 2508087, 4, 21, 22, 13, 0, '2025-07-17 16:15:18'),
(1490, 2508088, 4, 21, 24, 16, 0, '2025-07-17 16:15:25'),
(1491, 2508089, 4, 21, 11, 10, 0, '2025-07-17 16:15:33'),
(1492, 2508090, 4, 21, 3, 9, 0, '2025-07-17 16:15:38'),
(1493, 2508091, 4, 21, 3, 16, 0, '2025-07-17 16:15:44'),
(1494, 2508092, 4, 21, 13, 11, 0, '2025-07-17 16:15:50'),
(1495, 2508093, 4, 21, 5, 15, 0, '2025-07-17 16:16:07'),
(1496, 2508094, 4, 21, 4, 13, 0, '2025-07-17 16:16:14'),
(1497, 2508095, 4, 21, 9, 14, 0, '2025-07-17 16:16:20'),
(1498, 2508096, 4, 21, 14, 18, 0, '2025-07-17 16:16:25'),
(1499, 2508097, 4, 21, 4, 10, 0, '2025-07-17 16:16:32'),
(1500, 2508098, 4, 21, 15, 17, 0, '2025-07-17 16:16:48'),
(1501, 2508099, 4, 21, 9, 11, 0, '2025-07-17 16:16:55'),
(1502, 2508100, 4, 21, 8, 11, 0, '2025-07-17 16:17:00'),
(1503, 2508101, 4, 21, 17, 15, 0, '2025-07-17 16:17:06'),
(1504, 2508102, 4, 21, 3, 8, 0, '2025-07-17 16:17:12'),
(1505, 2508103, 4, 21, 0, 9, 0, '2025-07-17 16:17:19'),
(1506, 2508104, 4, 21, 10, 16, 0, '2025-07-17 16:17:26'),
(1507, 2508105, 4, 21, 4, 6, 0, '2025-07-17 16:17:32'),
(1508, 2508106, 4, 21, 9, 14, 0, '2025-07-17 16:17:37'),
(1509, 2508107, 4, 21, 8, 8, 0, '2025-07-17 16:17:48'),
(1510, 2508108, 4, 21, 1, 14, 0, '2025-07-17 16:18:56'),
(1511, 2508150, 4, 21, 4, 19, 0, '2025-07-17 16:19:15'),
(1512, 2508109, 4, 21, 0, 0, 0, '2025-07-17 16:19:46'),
(1513, 2508110, 4, 21, 3, 12, 0, '2025-07-17 16:19:58'),
(1514, 2508111, 4, 21, 13, 12, 0, '2025-07-17 16:20:06'),
(1515, 2508112, 4, 21, 3, 15, 0, '2025-07-17 16:20:28'),
(1516, 2508113, 4, 21, 0, 0, 0, '2025-07-17 16:20:52'),
(1517, 2508114, 4, 21, 15, 8, 0, '2025-07-17 16:20:57'),
(1518, 2508115, 4, 21, 10, 7, 0, '2025-07-17 16:21:14'),
(1519, 2508116, 4, 21, 3, 6, 0, '2025-07-17 16:21:24'),
(1520, 2508117, 4, 21, 9, 11, 0, '2025-07-17 16:21:28'),
(1521, 2508118, 4, 21, 0, 13, 0, '2025-07-17 16:21:32'),
(1522, 2508119, 4, 21, 7, 14, 0, '2025-07-17 16:21:39'),
(1523, 2508120, 4, 21, 6, 4, 0, '2025-07-17 16:21:53'),
(1524, 2508121, 4, 21, 0, 9, 0, '2025-07-17 16:21:57'),
(1525, 2508122, 4, 21, 2, 12, 0, '2025-07-17 16:22:04'),
(1526, 2508123, 4, 21, 9, 13, 0, '2025-07-17 16:22:14'),
(1527, 2508124, 4, 21, 7, 7, 0, '2025-07-17 16:22:21'),
(1528, 2508125, 4, 21, 7, 11, 0, '2025-07-17 16:22:28'),
(1529, 2508126, 4, 21, 5, 12, 0, '2025-07-17 16:22:34'),
(1530, 2508127, 4, 21, 0, 9, 0, '2025-07-17 16:22:38'),
(1531, 2508128, 4, 21, 0, 7, 0, '2025-07-17 16:22:39'),
(1532, 2508129, 4, 21, 3, 5, 0, '2025-07-17 16:22:58'),
(1533, 2508130, 4, 21, 2, 7, 0, '2025-07-17 16:23:03'),
(1534, 2508131, 4, 21, 0, 10, 0, '2025-07-17 16:23:09'),
(1535, 2508132, 4, 21, 6, 13, 0, '2025-07-17 16:23:23'),
(1536, 2508133, 4, 21, 4, 2, 0, '2025-07-17 16:23:29'),
(1537, 2508134, 4, 21, 3, 12, 0, '2025-07-17 16:23:33'),
(1538, 2508135, 4, 21, 0, 11, 0, '2025-07-17 16:23:40'),
(1539, 2508136, 4, 21, 9, 8, 0, '2025-07-17 16:23:57'),
(1540, 2508137, 4, 21, 0, 0, 0, '2025-07-17 16:24:03'),
(1541, 2508138, 4, 21, 11, 11, 0, '2025-07-17 16:24:07'),
(1542, 2508139, 4, 21, 0, 9, 0, '2025-07-17 16:24:14'),
(1543, 2508140, 4, 21, 9, 7, 0, '2025-07-17 16:24:19'),
(1544, 2508141, 4, 21, 7, 5, 0, '2025-07-17 16:24:23'),
(1545, 2508142, 4, 21, 14, 14, 0, '2025-07-17 16:24:30'),
(1546, 2508143, 4, 21, 5, 7, 0, '2025-07-17 16:24:36'),
(1547, 2508144, 4, 21, 9, 14, 0, '2025-07-17 16:24:42'),
(1548, 2508145, 4, 21, 0, 0, 0, '2025-07-17 16:24:48'),
(1549, 2508146, 4, 21, 8, 13, 0, '2025-07-17 16:24:53'),
(1550, 2508147, 4, 21, 0, 0, 0, '2025-07-17 16:25:01'),
(1551, 2508148, 4, 21, 2, 8, 0, '2025-07-17 16:25:07'),
(1552, 2508151, 4, 21, 8, 13, 0, '2025-07-17 16:25:20'),
(1553, 2508152, 4, 21, 0, 9, 0, '2025-07-17 16:25:29'),
(1554, 2508153, 4, 21, 0, 7, 0, '2025-07-17 16:25:33'),
(1555, 2508001, 4, 22, 28, 10, 0, '2025-07-17 16:26:43'),
(1556, 2508002, 4, 22, 24, 6, 0, '2025-07-17 16:26:55'),
(1557, 2508003, 4, 22, 22, 6, 0, '2025-07-17 16:27:01'),
(1558, 2508004, 4, 22, 27, 9, 0, '2025-07-17 16:27:08'),
(1559, 2508005, 4, 22, 25, 7, 0, '2025-07-17 16:27:17'),
(1560, 2508006, 4, 22, 31, 7, 0, '2025-07-17 16:27:26'),
(1561, 2508007, 4, 22, 25, 4, 0, '2025-07-17 16:27:39'),
(1562, 2508008, 4, 22, 24, 7, 0, '2025-07-17 16:27:50'),
(1563, 2508009, 4, 22, 28, 3, 0, '2025-07-17 16:27:58'),
(1564, 2508010, 4, 22, 27, 6, 0, '2025-07-17 16:28:06'),
(1565, 2508011, 4, 22, 26, 3, 0, '2025-07-17 16:28:16'),
(1566, 2508012, 4, 22, 26, 11, 0, '2025-07-17 16:28:22'),
(1567, 2508013, 4, 22, 27, 10, 0, '2025-07-17 16:28:32'),
(1568, 2508014, 4, 22, 23, 8, 0, '2025-07-17 16:28:40'),
(1569, 2508015, 4, 22, 26, 4, 0, '2025-07-17 16:28:53'),
(1570, 2508016, 4, 22, 20, 5, 0, '2025-07-17 16:29:07'),
(1571, 2508017, 4, 22, 22, 6, 0, '2025-07-17 16:29:36'),
(1572, 2508018, 4, 22, 23, 6, 0, '2025-07-17 16:29:41'),
(1573, 2508019, 4, 22, 25, 7, 0, '2025-07-17 16:29:43'),
(1574, 2508020, 4, 22, 21, 7, 0, '2025-07-17 16:30:03'),
(1575, 2508021, 4, 22, 23, 6, 0, '2025-07-17 16:30:19'),
(1576, 2508022, 4, 22, 26, 8, 0, '2025-07-17 16:30:25'),
(1577, 2508023, 4, 22, 22, 8, 0, '2025-07-17 16:30:33'),
(1578, 2508024, 4, 22, 27, 6, 0, '2025-07-17 16:30:37'),
(1579, 2508025, 4, 22, 21, 4, 0, '2025-07-17 16:30:48'),
(1580, 2508026, 4, 22, 23, 9, 0, '2025-07-17 16:30:57'),
(1581, 2508027, 4, 22, 26, 6, 0, '2025-07-17 16:31:10'),
(1582, 2508028, 4, 22, 20, 4, 0, '2025-07-17 16:31:22'),
(1583, 2508029, 4, 22, 21, 4, 0, '2025-07-17 16:31:39'),
(1584, 2508030, 4, 22, 29, 5, 0, '2025-07-17 16:31:47'),
(1585, 2508031, 4, 22, 21, 8, 0, '2025-07-17 16:32:05'),
(1586, 2508149, 4, 22, 25, 9, 0, '2025-07-17 16:32:10'),
(1587, 2508032, 4, 22, 17, 9, 0, '2025-07-18 03:50:46'),
(1588, 2508033, 4, 22, 25, 4, 0, '2025-07-18 03:50:50'),
(1589, 2508034, 4, 22, 24, 7, 0, '2025-07-18 03:50:54'),
(1590, 2508035, 4, 22, 26, 3, 0, '2025-07-18 03:50:57'),
(1591, 2508036, 4, 22, 22, 7, 0, '2025-07-18 03:51:01'),
(1592, 2508037, 4, 22, 19, 4, 0, '2025-07-18 03:51:05'),
(1593, 2508038, 4, 22, 0, 3, 0, '2025-07-18 03:51:12'),
(1594, 2508039, 4, 22, 18, 7, 0, '2025-07-18 03:51:19'),
(1595, 2508040, 4, 22, 14, 5, 0, '2025-07-18 03:51:22'),
(1596, 2508041, 4, 22, 13, 0, 0, '2025-07-18 03:51:26'),
(1597, 2508042, 4, 22, 21, 5, 0, '2025-07-18 03:51:36'),
(1598, 2508043, 4, 22, 20, 6, 0, '2025-07-18 03:51:41'),
(1599, 2508044, 4, 22, 24, 6, 0, '2025-07-18 03:52:07'),
(1600, 2508045, 4, 22, 23, 6, 0, '2025-07-18 03:52:10'),
(1601, 2508046, 4, 22, 17, 3, 0, '2025-07-18 03:52:13'),
(1602, 2508047, 4, 22, 15, 6, 0, '2025-07-18 03:52:16'),
(1603, 2508048, 4, 22, 18, 5, 0, '2025-07-18 03:52:20'),
(1604, 2508049, 4, 22, 22, 8, 0, '2025-07-18 03:52:22'),
(1605, 2508050, 4, 22, 12, 5, 0, '2025-07-18 03:52:25'),
(1606, 2508051, 4, 22, 15, 6, 0, '2025-07-18 03:52:29'),
(1607, 2508052, 4, 22, 4, 5, 0, '2025-07-18 03:52:31'),
(1608, 2508053, 4, 22, 18, 5, 0, '2025-07-18 03:52:35'),
(1609, 2508054, 4, 22, 14, 3, 0, '2025-07-18 03:52:39'),
(1610, 2508055, 4, 22, 20, 3, 0, '2025-07-18 03:52:43'),
(1611, 2508056, 4, 22, 16, 4, 0, '2025-07-18 03:52:47'),
(1612, 2508057, 4, 22, 11, 7, 0, '2025-07-18 03:52:51'),
(1613, 2508058, 4, 22, 15, 6, 0, '2025-07-18 03:52:57'),
(1614, 2508059, 4, 22, 20, 8, 0, '2025-07-18 03:53:22'),
(1615, 2508060, 4, 22, 17, 4, 0, '2025-07-18 03:53:26'),
(1616, 2508061, 4, 22, 20, 6, 0, '2025-07-18 03:53:29'),
(1617, 2508062, 4, 22, 9, 5, 0, '2025-07-18 03:53:32'),
(1618, 2508063, 4, 22, 15, 5, 0, '2025-07-18 03:53:35'),
(1619, 2508064, 4, 22, 13, 4, 0, '2025-07-18 03:53:38'),
(1620, 2508065, 4, 22, 20, 4, 0, '2025-07-18 03:53:53'),
(1621, 2508066, 4, 22, 18, 5, 0, '2025-07-18 03:53:58'),
(1622, 2508067, 4, 22, 10, 4, 0, '2025-07-18 03:54:03'),
(1623, 2508068, 4, 22, 16, 2, 0, '2025-07-18 03:54:06'),
(1624, 2508069, 4, 22, 18, 10, 0, '2025-07-18 03:54:10'),
(1625, 2508070, 4, 22, 20, 7, 0, '2025-07-18 03:54:26'),
(1626, 2508071, 4, 22, 3, 8, 0, '2025-07-18 03:54:33'),
(1627, 2508072, 4, 22, 10, 2, 0, '2025-07-18 03:54:48'),
(1628, 2508073, 4, 22, 7, 2, 0, '2025-07-18 03:54:53'),
(1629, 2508074, 4, 22, 22, 3, 0, '2025-07-18 03:54:56'),
(1630, 2508075, 4, 22, 17, 4, 0, '2025-07-18 03:55:00'),
(1631, 2508076, 4, 22, 10, 4, 0, '2025-07-18 03:55:02'),
(1632, 2508077, 4, 22, 8, 3, 0, '2025-07-18 03:55:05'),
(1633, 2508078, 4, 22, 19, 3, 0, '2025-07-18 03:55:08'),
(1634, 2508079, 4, 22, 18, 5, 0, '2025-07-18 03:55:12'),
(1635, 2508080, 4, 22, 3, 4, 0, '2025-07-18 03:55:14'),
(1636, 2508081, 4, 22, 15, 7, 0, '2025-07-18 03:55:17'),
(1637, 2508082, 4, 22, 15, 3, 0, '2025-07-18 03:55:21'),
(1638, 2508083, 4, 22, 7, 6, 0, '2025-07-18 03:55:24'),
(1639, 2508084, 4, 22, 8, 5, 0, '2025-07-18 03:55:28'),
(1640, 2508085, 4, 22, 6, 4, 0, '2025-07-18 03:55:31'),
(1641, 2508086, 4, 22, 8, 6, 0, '2025-07-18 03:55:34'),
(1642, 2508087, 4, 22, 20, 6, 0, '2025-07-18 03:55:38'),
(1643, 2508088, 4, 22, 21, 5, 0, '2025-07-18 03:55:41'),
(1644, 2508089, 4, 22, 17, 5, 0, '2025-07-18 03:55:44'),
(1645, 2508090, 4, 22, 4, 6, 0, '2025-07-18 03:55:47'),
(1646, 2508091, 4, 22, 7, 6, 0, '2025-07-18 03:55:50'),
(1647, 2508092, 4, 22, 11, 4, 0, '2025-07-18 03:55:53'),
(1648, 2508093, 4, 22, 8, 5, 0, '2025-07-18 03:55:57'),
(1649, 2508094, 4, 22, 9, 1, 0, '2025-07-18 03:56:00'),
(1650, 2508095, 4, 22, 15, 4, 0, '2025-07-18 03:56:04'),
(1651, 2508096, 4, 22, 15, 5, 0, '2025-07-18 03:56:07'),
(1652, 2508097, 4, 22, 7, 1, 0, '2025-07-18 03:56:10'),
(1653, 2508098, 4, 22, 12, 7, 0, '2025-07-18 03:56:28'),
(1654, 2508099, 4, 22, 13, 5, 0, '2025-07-18 03:56:36'),
(1655, 2508100, 4, 22, 14, 5, 0, '2025-07-18 03:56:39'),
(1656, 2508101, 4, 22, 12, 6, 0, '2025-07-18 03:56:42'),
(1657, 2508102, 4, 22, 4, 2, 0, '2025-07-18 03:56:45'),
(1658, 2508103, 4, 22, 3, 3, 0, '2025-07-18 03:56:48'),
(1659, 2508104, 4, 22, 2, 4, 0, '2025-07-18 03:56:51'),
(1660, 2508105, 4, 22, 3, 1, 0, '2025-07-18 03:56:55'),
(1661, 2508106, 4, 22, 3, 2, 0, '2025-07-18 03:56:58'),
(1662, 2508107, 4, 22, 14, 4, 0, '2025-07-18 03:57:02'),
(1663, 2508108, 4, 22, 7, 3, 0, '2025-07-18 03:57:15'),
(1664, 2508150, 4, 22, 14, 3, 0, '2025-07-18 03:57:18'),
(1665, 2508109, 4, 22, 0, 0, 0, '2025-07-18 03:57:42'),
(1666, 2508110, 4, 22, 8, 1, 0, '2025-07-18 03:57:48'),
(1667, 2508111, 4, 22, 12, 9, 0, '2025-07-18 03:57:52'),
(1668, 2508112, 4, 22, 9, 5, 0, '2025-07-18 03:57:55'),
(1669, 2508113, 4, 22, 0, 0, 0, '2025-07-18 03:58:02'),
(1670, 2508114, 4, 22, 13, 5, 0, '2025-07-18 03:58:06'),
(1671, 2508115, 4, 22, 0, 6, 0, '2025-07-18 03:58:10'),
(1672, 2508116, 4, 22, 5, 1, 0, '2025-07-18 03:58:15'),
(1673, 2508117, 4, 22, 14, 5, 0, '2025-07-18 03:58:18'),
(1674, 2508118, 4, 22, 1, 5, 0, '2025-07-18 03:58:22'),
(1675, 2508119, 4, 22, 0, 0, 0, '2025-07-18 03:58:25'),
(1676, 2508120, 4, 22, 2, 3, 0, '2025-07-18 03:58:28'),
(1677, 2508121, 4, 22, 4, 3, 0, '2025-07-18 03:58:32'),
(1678, 2508122, 4, 22, 4, 3, 0, '2025-07-18 03:58:40'),
(1679, 2508123, 4, 22, 14, 4, 0, '2025-07-18 03:58:44'),
(1680, 2508124, 4, 22, 11, 3, 0, '2025-07-18 03:58:48'),
(1681, 2508125, 4, 22, 6, 3, 0, '2025-07-18 03:58:52'),
(1682, 2508126, 4, 22, 8, 4, 0, '2025-07-18 03:58:56'),
(1683, 2508127, 4, 22, 2, 5, 0, '2025-07-18 03:59:00'),
(1684, 2508128, 4, 22, 0, 2, 0, '2025-07-18 03:59:19'),
(1685, 2508129, 4, 22, 10, 6, 0, '2025-07-18 03:59:23'),
(1686, 2508130, 4, 22, 4, 2, 0, '2025-07-18 03:59:27'),
(1687, 2508131, 4, 22, 0, 5, 0, '2025-07-18 03:59:31'),
(1688, 2508132, 4, 22, 14, 2, 0, '2025-07-18 03:59:36'),
(1689, 2508133, 4, 22, 7, 6, 0, '2025-07-18 03:59:39'),
(1690, 2508134, 4, 22, 6, 1, 0, '2025-07-18 03:59:43'),
(1691, 2508135, 4, 22, 0, 0, 0, '2025-07-18 03:59:49'),
(1692, 2508136, 4, 22, 3, 3, 0, '2025-07-18 03:59:56'),
(1693, 2508137, 4, 22, 1, 2, 0, '2025-07-18 03:59:59'),
(1694, 2508138, 4, 22, 6, 5, 0, '2025-07-18 04:00:03'),
(1695, 2508139, 4, 22, 2, 4, 0, '2025-07-18 04:00:07'),
(1696, 2508140, 4, 22, 15, 3, 0, '2025-07-18 04:00:11'),
(1697, 2508141, 4, 22, 3, 2, 0, '2025-07-18 04:00:14'),
(1698, 2508142, 4, 22, 5, 3, 0, '2025-07-18 04:00:16'),
(1699, 2508143, 4, 22, 7, 5, 0, '2025-07-18 04:00:20'),
(1700, 2508144, 4, 22, 13, 5, 0, '2025-07-18 04:00:23'),
(1701, 2508145, 4, 22, 0, 0, 0, '2025-07-18 04:00:26'),
(1702, 2508146, 4, 22, 13, 2, 0, '2025-07-18 04:00:30'),
(1703, 2508147, 4, 22, 0, 0, 0, '2025-07-18 04:00:32'),
(1704, 2508148, 4, 22, 0, 4, 0, '2025-07-18 04:00:35'),
(1705, 2508151, 4, 22, 5, 1, 0, '2025-07-18 04:00:43'),
(1706, 2508152, 4, 22, 2, 4, 0, '2025-07-18 04:00:48'),
(1707, 2508153, 4, 22, 0, 3, 0, '2025-07-18 04:00:51'),
(1708, 2508001, 4, 24, 23, 0, 0, '2025-07-18 04:02:42'),
(1709, 2508002, 4, 24, 37, 0, 0, '2025-07-18 04:02:43'),
(1710, 2508003, 4, 24, 30, 0, 0, '2025-07-18 04:03:40'),
(1711, 2508001, 4, 23, 41, 0, 0, '2025-07-18 04:04:15'),
(1712, 2508002, 4, 23, 42, 0, 0, '2025-07-18 04:04:20'),
(1713, 2508003, 4, 23, 60, 0, 0, '2025-07-18 04:04:23'),
(1714, 2508004, 4, 23, 55, 0, 0, '2025-07-18 04:04:26'),
(1715, 2508005, 4, 23, 53, 0, 0, '2025-07-18 04:04:29'),
(1716, 2508006, 4, 23, 64, 0, 0, '2025-07-18 04:04:33'),
(1717, 2508007, 4, 23, 57, 0, 0, '2025-07-18 04:04:36'),
(1718, 2508008, 4, 23, 45, 0, 0, '2025-07-18 04:04:39'),
(1719, 2508009, 4, 23, 35, 0, 0, '2025-07-18 04:04:43'),
(1720, 2508010, 4, 23, 49, 0, 0, '2025-07-18 04:04:47'),
(1721, 2508011, 4, 23, 62, 0, 0, '2025-07-18 04:04:50'),
(1722, 2508012, 4, 23, 44, 0, 0, '2025-07-18 04:04:53'),
(1723, 2508013, 4, 23, 75, 0, 0, '2025-07-18 04:05:16'),
(1724, 2508014, 4, 23, 39, 0, 0, '2025-07-18 04:05:22'),
(1725, 2508015, 4, 23, 50, 0, 0, '2025-07-18 04:05:33'),
(1726, 2508016, 4, 23, 34, 0, 0, '2025-07-18 04:05:36'),
(1727, 2508017, 4, 23, 33, 0, 0, '2025-07-18 04:05:40'),
(1728, 2508018, 4, 23, 80, 0, 0, '2025-07-18 04:05:43'),
(1729, 2508019, 4, 23, 44, 0, 0, '2025-07-18 04:05:46'),
(1730, 2508020, 4, 23, 24, 0, 0, '2025-07-18 04:06:12'),
(1731, 2508021, 4, 23, 67, 0, 0, '2025-07-18 04:07:34'),
(1732, 2508022, 4, 23, 51, 0, 0, '2025-07-18 04:07:37'),
(1733, 2508023, 4, 23, 47, 0, 0, '2025-07-18 04:07:41'),
(1734, 2508024, 4, 23, 49, 0, 0, '2025-07-18 04:07:44'),
(1735, 2508025, 4, 23, 41, 0, 0, '2025-07-18 04:07:48'),
(1736, 2508026, 4, 23, 46, 0, 0, '2025-07-18 04:07:52'),
(1737, 2508027, 4, 23, 46, 0, 0, '2025-07-18 04:07:55'),
(1738, 2508028, 4, 23, 44, 0, 0, '2025-07-18 04:07:58'),
(1739, 2508029, 4, 23, 45, 0, 0, '2025-07-18 04:08:13'),
(1740, 2508030, 4, 23, 64, 0, 0, '2025-07-18 04:08:16'),
(1741, 2508031, 4, 23, 33, 0, 0, '2025-07-18 04:08:26'),
(1742, 2508149, 4, 23, 51, 0, 0, '2025-07-18 04:08:51'),
(1743, 2508032, 4, 23, 60, 0, 0, '2025-07-18 04:09:15'),
(1744, 2508033, 4, 23, 42, 0, 0, '2025-07-18 04:09:18'),
(1745, 2508034, 4, 23, 51, 0, 0, '2025-07-18 04:09:21'),
(1746, 2508035, 4, 23, 33, 0, 0, '2025-07-18 04:09:25'),
(1747, 2508036, 4, 23, 24, 0, 0, '2025-07-18 04:09:31'),
(1748, 2508037, 4, 23, 33, 0, 0, '2025-07-18 04:09:35'),
(1749, 2508038, 4, 23, 10, 0, 0, '2025-07-18 04:09:38'),
(1750, 2508039, 4, 23, 34, 0, 0, '2025-07-18 04:09:42'),
(1751, 2508040, 4, 23, 12, 0, 0, '2025-07-18 04:09:45'),
(1752, 2508041, 4, 23, 26, 0, 0, '2025-07-18 04:09:48'),
(1753, 2508042, 4, 23, 30, 0, 0, '2025-07-18 04:09:51'),
(1754, 2508043, 4, 23, 26, 0, 0, '2025-07-18 04:09:54'),
(1755, 2508044, 4, 23, 36, 0, 0, '2025-07-18 04:09:57'),
(1756, 2508045, 4, 23, 21, 0, 0, '2025-07-18 04:09:59'),
(1757, 2508046, 4, 23, 21, 0, 0, '2025-07-18 04:10:02'),
(1758, 2508047, 4, 23, 21, 0, 0, '2025-07-18 04:10:04'),
(1759, 2508048, 4, 23, 21, 0, 0, '2025-07-18 04:10:06'),
(1760, 2508049, 4, 23, 25, 0, 0, '2025-07-18 04:10:11'),
(1761, 2508050, 4, 23, 30, 0, 0, '2025-07-18 04:10:16'),
(1762, 2508051, 4, 23, 20, 0, 0, '2025-07-18 04:10:18'),
(1763, 2508052, 4, 23, 20, 0, 0, '2025-07-18 04:10:20'),
(1764, 2508053, 4, 23, 24, 0, 0, '2025-07-18 04:10:23'),
(1765, 2508054, 4, 23, 20, 0, 0, '2025-07-18 04:10:25'),
(1766, 2508055, 4, 23, 24, 0, 0, '2025-07-18 04:10:28'),
(1767, 2508056, 4, 23, 18, 0, 0, '2025-07-18 04:10:32'),
(1768, 2508057, 4, 23, 22, 0, 0, '2025-07-18 04:10:34'),
(1769, 2508058, 4, 23, 23, 0, 0, '2025-07-18 04:10:37'),
(1770, 2508059, 4, 23, 27, 0, 0, '2025-07-18 04:10:44'),
(1771, 2508060, 4, 23, 33, 0, 0, '2025-07-18 04:10:47'),
(1772, 2508061, 4, 23, 28, 0, 0, '2025-07-18 04:10:51'),
(1773, 2508062, 4, 23, 0, 0, 0, '2025-07-18 04:10:54'),
(1774, 2508063, 4, 23, 28, 0, 0, '2025-07-18 04:10:59'),
(1775, 2508064, 4, 23, 15, 0, 0, '2025-07-18 04:11:02'),
(1776, 2508065, 4, 23, 29, 0, 0, '2025-07-18 04:11:33'),
(1777, 2508066, 4, 23, 36, 0, 0, '2025-07-18 04:11:36'),
(1778, 2508067, 4, 23, 28, 0, 0, '2025-07-18 04:11:39'),
(1779, 2508068, 4, 23, 0, 0, 0, '2025-07-18 04:11:44'),
(1780, 2508069, 4, 23, 50, 0, 0, '2025-07-18 04:11:47'),
(1781, 2508070, 4, 23, 19, 0, 0, '2025-07-18 04:12:03'),
(1782, 2508071, 4, 23, 12, 0, 0, '2025-07-18 04:12:10'),
(1783, 2508072, 4, 23, 35, 0, 0, '2025-07-18 04:12:19'),
(1784, 2508073, 4, 23, 19, 0, 0, '2025-07-18 04:12:22'),
(1785, 2508074, 4, 23, 28, 0, 0, '2025-07-18 04:12:25'),
(1786, 2508075, 4, 23, 22, 0, 0, '2025-07-18 04:12:27'),
(1787, 2508076, 4, 23, 19, 0, 0, '2025-07-18 04:12:30'),
(1788, 2508077, 4, 23, 13, 0, 0, '2025-07-18 04:12:33'),
(1789, 2508078, 4, 23, 18, 0, 0, '2025-07-18 04:12:37'),
(1790, 2508079, 4, 23, 33, 0, 0, '2025-07-18 04:12:40'),
(1791, 2508080, 4, 23, 13, 0, 0, '2025-07-18 04:12:50'),
(1792, 2508081, 4, 23, 17, 0, 0, '2025-07-18 04:12:54'),
(1793, 2508082, 4, 23, 33, 0, 0, '2025-07-18 04:12:57'),
(1794, 2508083, 4, 23, 12, 0, 0, '2025-07-18 04:13:01'),
(1795, 2508084, 4, 23, 16, 0, 0, '2025-07-18 04:13:04'),
(1796, 2508085, 4, 23, 19, 0, 0, '2025-07-18 04:13:07'),
(1797, 2508086, 4, 23, 18, 0, 0, '2025-07-18 04:13:09'),
(1798, 2508087, 4, 23, 21, 0, 0, '2025-07-18 04:13:12'),
(1799, 2508088, 4, 23, 30, 0, 0, '2025-07-18 04:13:14'),
(1800, 2508089, 4, 23, 18, 0, 0, '2025-07-18 04:13:20'),
(1801, 2508090, 4, 23, 23, 0, 0, '2025-07-18 04:13:23'),
(1802, 2508091, 4, 23, 10, 0, 0, '2025-07-18 04:13:30'),
(1803, 2508092, 4, 23, 17, 0, 0, '2025-07-18 04:15:39'),
(1804, 2508093, 4, 23, 15, 0, 0, '2025-07-18 04:15:41'),
(1805, 2508094, 4, 23, 9, 0, 0, '2025-07-18 04:15:44'),
(1806, 2508095, 4, 23, 23, 0, 0, '2025-07-18 04:15:48'),
(1807, 2508096, 4, 23, 38, 0, 0, '2025-07-18 04:15:52'),
(1808, 2508097, 4, 23, 20, 0, 0, '2025-07-18 04:15:54'),
(1809, 2508098, 4, 23, 41, 0, 0, '2025-07-18 04:16:04'),
(1810, 2508099, 4, 23, 28, 0, 0, '2025-07-18 04:16:11'),
(1811, 2508100, 4, 23, 21, 0, 0, '2025-07-18 04:16:13'),
(1812, 2508101, 4, 23, 23, 0, 0, '2025-07-18 04:16:15'),
(1813, 2508102, 4, 23, 5, 0, 0, '2025-07-18 04:16:16'),
(1814, 2508103, 4, 23, 30, 0, 0, '2025-07-18 04:16:27'),
(1815, 2508104, 4, 23, 22, 0, 0, '2025-07-18 04:16:30'),
(1816, 2508105, 4, 23, 10, 0, 0, '2025-07-18 04:16:34'),
(1817, 2508106, 4, 23, 26, 0, 0, '2025-07-18 04:16:37'),
(1818, 2508107, 4, 23, 8, 0, 0, '2025-07-18 04:16:41'),
(1819, 2508108, 4, 23, 13, 0, 0, '2025-07-18 04:16:48'),
(1820, 2508150, 4, 23, 11, 0, 0, '2025-07-18 04:16:54'),
(1821, 2508151, 4, 23, 6, 0, 0, '2025-07-18 04:17:02'),
(1822, 2508152, 4, 23, 11, 0, 0, '2025-07-18 04:17:06'),
(1823, 2508153, 4, 23, 1, 0, 0, '2025-07-18 04:17:08');
INSERT INTO `marks` (`id`, `student_id`, `exam_id`, `subject_id`, `creative_marks`, `objective_marks`, `practical_marks`, `created_at`) VALUES
(1824, 2508109, 4, 23, 8, 0, 0, '2025-07-18 04:17:24'),
(1825, 2508110, 4, 23, 6, 0, 0, '2025-07-18 04:17:27'),
(1826, 2508111, 4, 23, 24, 0, 0, '2025-07-18 04:17:30'),
(1827, 2508112, 4, 23, 20, 0, 0, '2025-07-18 04:17:33'),
(1828, 2508113, 4, 23, 0, 0, 0, '2025-07-18 04:17:37'),
(1829, 2508114, 4, 23, 21, 0, 0, '2025-07-18 04:17:41'),
(1830, 2508115, 4, 23, 11, 0, 0, '2025-07-18 04:17:44'),
(1831, 2508116, 4, 23, 17, 0, 0, '2025-07-18 04:17:46'),
(1832, 2508117, 4, 23, 9, 0, 0, '2025-07-18 04:17:50'),
(1833, 2508118, 4, 23, 3, 0, 0, '2025-07-18 04:17:53'),
(1834, 2508119, 4, 23, 14, 0, 0, '2025-07-18 04:17:57'),
(1835, 2508120, 4, 23, 0, 0, 0, '2025-07-18 04:18:01'),
(1836, 2508121, 4, 23, 8, 0, 0, '2025-07-18 04:18:06'),
(1837, 2508122, 4, 23, 16, 0, 0, '2025-07-18 04:18:09'),
(1838, 2508123, 4, 23, 14, 0, 0, '2025-07-18 04:18:14'),
(1839, 2508124, 4, 23, 17, 0, 0, '2025-07-18 04:18:29'),
(1840, 2508125, 4, 23, 18, 0, 0, '2025-07-18 04:18:32'),
(1841, 2508126, 4, 23, 9, 0, 0, '2025-07-18 04:18:34'),
(1842, 2508127, 4, 23, 14, 0, 0, '2025-07-18 04:18:37'),
(1843, 2508128, 4, 23, 6, 0, 0, '2025-07-18 04:18:40'),
(1844, 2508129, 4, 23, 8, 0, 0, '2025-07-18 04:18:43'),
(1845, 2508130, 4, 23, 10, 0, 0, '2025-07-18 04:18:47'),
(1846, 2508131, 4, 23, 5, 0, 0, '2025-07-18 04:18:50'),
(1847, 2508132, 4, 23, 15, 0, 0, '2025-07-18 04:18:54'),
(1848, 2508133, 4, 23, 14, 0, 0, '2025-07-18 04:18:59'),
(1849, 2508134, 4, 23, 9, 0, 0, '2025-07-18 04:19:01'),
(1850, 2508135, 4, 23, 0, 0, 0, '2025-07-18 04:19:04'),
(1851, 2508136, 4, 23, 10, 0, 0, '2025-07-18 04:19:10'),
(1852, 2508137, 4, 23, 5, 0, 0, '2025-07-18 04:19:13'),
(1853, 2508138, 4, 23, 15, 0, 0, '2025-07-18 04:19:16'),
(1854, 2508139, 4, 23, 11, 0, 0, '2025-07-18 04:19:19'),
(1855, 2508140, 4, 23, 11, 0, 0, '2025-07-18 04:19:22'),
(1856, 2508141, 4, 23, 15, 0, 0, '2025-07-18 04:19:26'),
(1857, 2508142, 4, 23, 8, 0, 0, '2025-07-18 04:19:29'),
(1858, 2508143, 4, 23, 8, 0, 0, '2025-07-18 04:19:32'),
(1859, 2508144, 4, 23, 15, 0, 0, '2025-07-18 04:19:36'),
(1860, 2508145, 4, 23, 0, 0, 0, '2025-07-18 04:19:38'),
(1861, 2508146, 4, 23, 7, 0, 0, '2025-07-18 04:19:40'),
(1862, 2508147, 4, 23, 0, 0, 0, '2025-07-18 04:19:41'),
(1863, 2508148, 4, 23, 7, 0, 0, '2025-07-18 04:19:47'),
(1864, 2508004, 4, 24, 31, 0, 0, '2025-07-18 04:20:37'),
(1865, 2508005, 4, 24, 18, 0, 0, '2025-07-18 04:20:40'),
(1866, 2508006, 4, 24, 32, 0, 0, '2025-07-18 04:20:42'),
(1867, 2508007, 4, 24, 26, 0, 0, '2025-07-18 04:20:46'),
(1868, 2508008, 4, 24, 17, 0, 0, '2025-07-18 04:20:49'),
(1869, 2508009, 4, 24, 17, 0, 0, '2025-07-18 04:20:51'),
(1870, 2508010, 4, 24, 22, 0, 0, '2025-07-18 04:20:53'),
(1871, 2508011, 4, 24, 33, 0, 0, '2025-07-18 04:20:57'),
(1872, 2508012, 4, 24, 23, 0, 0, '2025-07-18 04:21:00'),
(1873, 2508013, 4, 24, 23, 0, 0, '2025-07-18 04:21:04'),
(1874, 2508014, 4, 24, 14, 0, 0, '2025-07-18 04:21:07'),
(1875, 2508015, 4, 24, 27, 0, 0, '2025-07-18 04:21:11'),
(1876, 2508016, 4, 24, 23, 0, 0, '2025-07-18 04:21:15'),
(1877, 2508017, 4, 24, 17, 0, 0, '2025-07-18 04:21:18'),
(1878, 2508018, 4, 24, 40, 0, 0, '2025-07-18 04:22:17'),
(1879, 2508019, 4, 24, 23, 0, 0, '2025-07-18 04:22:21'),
(1880, 2508020, 4, 24, 18, 0, 0, '2025-07-18 04:22:24'),
(1881, 2508021, 4, 24, 44, 0, 0, '2025-07-18 04:22:27'),
(1882, 2508022, 4, 24, 25, 0, 0, '2025-07-18 04:22:31'),
(1883, 2508023, 4, 24, 33, 0, 0, '2025-07-18 04:22:33'),
(1884, 2508024, 4, 24, 35, 0, 0, '2025-07-18 04:22:37'),
(1885, 2508025, 4, 24, 22, 0, 0, '2025-07-18 04:22:39'),
(1886, 2508026, 4, 24, 17, 0, 0, '2025-07-18 04:22:41'),
(1887, 2508027, 4, 24, 26, 0, 0, '2025-07-18 04:22:43'),
(1888, 2508028, 4, 24, 24, 0, 0, '2025-07-18 04:22:45'),
(1889, 2508029, 4, 24, 15, 0, 0, '2025-07-18 04:22:52'),
(1890, 2508030, 4, 24, 40, 0, 0, '2025-07-18 04:22:55'),
(1891, 2508031, 4, 24, 0, 0, 0, '2025-07-18 04:23:06'),
(1892, 2508149, 4, 24, 17, 0, 0, '2025-07-18 04:23:09'),
(1893, 2508032, 4, 24, 30, 0, 0, '2025-07-18 04:23:25'),
(1894, 2508033, 4, 24, 11, 0, 0, '2025-07-18 04:23:28'),
(1895, 2508034, 4, 24, 28, 0, 0, '2025-07-18 04:23:33'),
(1896, 2508035, 4, 24, 10, 0, 0, '2025-07-18 04:23:35'),
(1897, 2508036, 4, 24, 2, 0, 0, '2025-07-18 04:23:40'),
(1898, 2508037, 4, 24, 27, 0, 0, '2025-07-18 04:23:46'),
(1899, 2508038, 4, 24, 1, 0, 0, '2025-07-18 04:23:48'),
(1900, 2508039, 4, 24, 20, 0, 0, '2025-07-18 04:23:51'),
(1901, 2508040, 4, 24, 8, 0, 0, '2025-07-18 04:23:54'),
(1902, 2508041, 4, 24, 5, 0, 0, '2025-07-18 04:23:57'),
(1903, 2508042, 4, 24, 12, 0, 0, '2025-07-18 04:24:00'),
(1904, 2508043, 4, 24, 17, 0, 0, '2025-07-18 04:24:03'),
(1905, 2508044, 4, 24, 13, 0, 0, '2025-07-18 04:24:05'),
(1906, 2508045, 4, 24, 20, 0, 0, '2025-07-18 04:24:08'),
(1907, 2508046, 4, 24, 8, 0, 0, '2025-07-18 04:24:13'),
(1908, 2508047, 4, 24, 6, 0, 0, '2025-07-18 04:24:15'),
(1909, 2508048, 4, 24, 11, 0, 0, '2025-07-18 04:24:19'),
(1910, 2508049, 4, 24, 12, 0, 0, '2025-07-18 04:24:23'),
(1911, 2508050, 4, 24, 12, 0, 0, '2025-07-18 04:24:26'),
(1912, 2508051, 4, 24, 5, 0, 0, '2025-07-18 04:24:27'),
(1913, 2508052, 4, 24, 10, 0, 0, '2025-07-18 04:24:29'),
(1914, 2508053, 4, 24, 6, 0, 0, '2025-07-18 04:24:31'),
(1915, 2508054, 4, 24, 8, 0, 0, '2025-07-18 04:24:35'),
(1916, 2508055, 4, 24, 5, 0, 0, '2025-07-18 04:24:40'),
(1917, 2508056, 4, 24, 5, 0, 0, '2025-07-18 04:24:45'),
(1918, 2508057, 4, 24, 8, 0, 0, '2025-07-18 04:24:47'),
(1919, 2508058, 4, 24, 8, 0, 0, '2025-07-18 04:24:49'),
(1920, 2508059, 4, 24, 13, 0, 0, '2025-07-18 04:24:55'),
(1921, 2508060, 4, 24, 7, 0, 0, '2025-07-18 04:24:57'),
(1922, 2508061, 4, 24, 8, 0, 0, '2025-07-18 04:24:59'),
(1923, 2508062, 4, 24, 0, 0, 0, '2025-07-18 04:25:04'),
(1924, 2508063, 4, 24, 4, 0, 0, '2025-07-18 04:25:07'),
(1925, 2508064, 4, 24, 10, 0, 0, '2025-07-18 04:25:11'),
(1926, 2508065, 4, 24, 7, 0, 0, '2025-07-18 04:25:13'),
(1927, 2508066, 4, 24, 13, 0, 0, '2025-07-18 04:25:15'),
(1928, 2508067, 4, 24, 10, 0, 0, '2025-07-18 04:25:17'),
(1929, 2508068, 4, 24, 17, 0, 0, '2025-07-18 04:25:19'),
(1930, 2508069, 4, 24, 13, 0, 0, '2025-07-18 04:25:22'),
(1931, 2508070, 4, 24, 6, 0, 0, '2025-07-18 04:25:32'),
(1932, 2508071, 4, 24, 7, 0, 0, '2025-07-18 04:25:34'),
(1933, 2508072, 4, 24, 17, 0, 0, '2025-07-18 04:25:38'),
(1934, 2508073, 4, 24, 5, 0, 0, '2025-07-18 04:25:40'),
(1935, 2508074, 4, 24, 13, 0, 0, '2025-07-18 04:25:42'),
(1936, 2508075, 4, 24, 7, 0, 0, '2025-07-18 04:25:44'),
(1937, 2508076, 4, 24, 8, 0, 0, '2025-07-18 04:25:48'),
(1938, 2508077, 4, 24, 5, 0, 0, '2025-07-18 04:25:50'),
(1939, 2508078, 4, 24, 10, 0, 0, '2025-07-18 04:25:52'),
(1940, 2508079, 4, 24, 14, 0, 0, '2025-07-18 04:25:54'),
(1941, 2508080, 4, 24, 3, 0, 0, '2025-07-18 04:25:56'),
(1942, 2508081, 4, 24, 8, 0, 0, '2025-07-18 04:25:59'),
(1943, 2508082, 4, 24, 13, 0, 0, '2025-07-18 04:26:02'),
(1944, 2508083, 4, 24, 4, 0, 0, '2025-07-18 04:26:04'),
(1945, 2508084, 4, 24, 5, 0, 0, '2025-07-18 04:26:06'),
(1946, 2508085, 4, 24, 6, 0, 0, '2025-07-18 04:26:08'),
(1947, 2508086, 4, 24, 6, 0, 0, '2025-07-18 04:26:10'),
(1948, 2508087, 4, 24, 10, 0, 0, '2025-07-18 04:26:13'),
(1949, 2508088, 4, 24, 14, 0, 0, '2025-07-18 04:26:15'),
(1950, 2508089, 4, 24, 8, 0, 0, '2025-07-18 04:26:17'),
(1951, 2508090, 4, 24, 5, 0, 0, '2025-07-18 04:26:19'),
(1952, 2508091, 4, 24, 2, 0, 0, '2025-07-18 04:26:23'),
(1953, 2508092, 4, 24, 9, 0, 0, '2025-07-18 04:26:25'),
(1954, 2508093, 4, 24, 10, 0, 0, '2025-07-18 04:26:28'),
(1955, 2508094, 4, 24, 9, 0, 0, '2025-07-18 04:26:29'),
(1956, 2508095, 4, 24, 6, 0, 0, '2025-07-18 04:26:31'),
(1957, 2508096, 4, 24, 17, 0, 0, '2025-07-18 04:26:37'),
(1958, 2508097, 4, 24, 8, 0, 0, '2025-07-18 04:26:39'),
(1959, 2508098, 4, 24, 12, 0, 0, '2025-07-18 04:26:57'),
(1960, 2508099, 4, 24, 4, 0, 0, '2025-07-18 04:27:00'),
(1961, 2508100, 4, 24, 11, 0, 0, '2025-07-18 04:27:03'),
(1962, 2508101, 4, 24, 10, 0, 0, '2025-07-18 04:27:06'),
(1963, 2508102, 4, 24, 5, 0, 0, '2025-07-18 04:27:09'),
(1964, 2508103, 4, 24, 10, 0, 0, '2025-07-18 04:27:12'),
(1965, 2508104, 4, 24, 2, 0, 0, '2025-07-18 04:27:15'),
(1966, 2508105, 4, 24, 4, 0, 0, '2025-07-18 04:27:19'),
(1967, 2508106, 4, 24, 10, 0, 0, '2025-07-18 04:27:21'),
(1968, 2508107, 4, 24, 8, 0, 0, '2025-07-18 04:27:23'),
(1969, 2508108, 4, 24, 7, 0, 0, '2025-07-18 04:27:29'),
(1970, 2508150, 4, 24, 4, 0, 0, '2025-07-18 04:27:36'),
(1971, 2508109, 4, 24, 2, 0, 0, '2025-07-18 04:27:43'),
(1972, 2508110, 4, 24, 6, 0, 0, '2025-07-18 04:27:45'),
(1973, 2508111, 4, 24, 5, 0, 0, '2025-07-18 04:27:48'),
(1974, 2508112, 4, 24, 6, 0, 0, '2025-07-18 04:27:53'),
(1975, 2508113, 4, 24, 0, 0, 0, '2025-07-18 04:27:58'),
(1976, 2508114, 4, 24, 3, 0, 0, '2025-07-18 04:28:00'),
(1977, 2508115, 4, 24, 1, 0, 0, '2025-07-18 04:28:07'),
(1978, 2508116, 4, 24, 5, 0, 0, '2025-07-18 04:28:08'),
(1979, 2508117, 4, 24, 5, 0, 0, '2025-07-18 04:28:11'),
(1980, 2508118, 4, 24, 2, 0, 0, '2025-07-18 04:28:12'),
(1981, 2508119, 4, 24, 8, 0, 0, '2025-07-18 04:28:15'),
(1982, 2508120, 4, 24, 3, 0, 0, '2025-07-18 04:28:20'),
(1983, 2508121, 4, 24, 10, 0, 0, '2025-07-18 04:28:23'),
(1984, 2508122, 4, 24, 5, 0, 0, '2025-07-18 04:28:27'),
(1985, 2508123, 4, 24, 6, 0, 0, '2025-07-18 04:28:31'),
(1986, 2508124, 4, 24, 5, 0, 0, '2025-07-18 04:28:33'),
(1987, 2508125, 4, 24, 6, 0, 0, '2025-07-18 04:28:36'),
(1988, 2508126, 4, 24, 1, 0, 0, '2025-07-18 04:28:40'),
(1989, 2508127, 4, 24, 3, 0, 0, '2025-07-18 04:28:45'),
(1990, 2508128, 4, 24, 2, 0, 0, '2025-07-18 04:28:48'),
(1991, 2508129, 4, 24, 8, 0, 0, '2025-07-18 04:28:52'),
(1992, 2508130, 4, 24, 0, 0, 0, '2025-07-18 04:28:58'),
(1993, 2508131, 4, 24, 6, 0, 0, '2025-07-18 04:29:00'),
(1994, 2508132, 4, 24, 10, 0, 0, '2025-07-18 04:29:04'),
(1995, 2508133, 4, 24, 7, 0, 0, '2025-07-18 04:29:05'),
(1996, 2508134, 4, 24, 8, 0, 0, '2025-07-18 04:29:11'),
(1997, 2508135, 4, 24, 0, 0, 0, '2025-07-18 04:29:15'),
(1998, 2508136, 4, 24, 5, 0, 0, '2025-07-18 04:29:20'),
(1999, 2508137, 4, 24, 2, 0, 0, '2025-07-18 04:29:22'),
(2000, 2508138, 4, 24, 8, 0, 0, '2025-07-18 04:29:24'),
(2001, 2508139, 4, 24, 6, 0, 0, '2025-07-18 04:29:26'),
(2002, 2508140, 4, 24, 6, 0, 0, '2025-07-18 04:29:28'),
(2003, 2508141, 4, 24, 3, 0, 0, '2025-07-18 04:29:30'),
(2004, 2508142, 4, 24, 8, 0, 0, '2025-07-18 04:29:32'),
(2005, 2508143, 4, 24, 4, 0, 0, '2025-07-18 04:29:35'),
(2006, 2508144, 4, 24, 10, 0, 0, '2025-07-18 04:29:37'),
(2007, 2508145, 4, 24, 0, 0, 0, '2025-07-18 04:29:40'),
(2008, 2508146, 4, 24, 1, 0, 0, '2025-07-18 04:29:42'),
(2009, 2508147, 4, 24, 0, 0, 0, '2025-07-18 04:29:44'),
(2010, 2508148, 4, 24, 6, 0, 0, '2025-07-18 04:29:46'),
(2011, 2508151, 4, 24, 5, 0, 0, '2025-07-18 04:32:27'),
(2012, 2508152, 4, 24, 4, 0, 0, '2025-07-18 04:32:36'),
(2013, 2508153, 4, 24, 1, 0, 0, '2025-07-18 04:32:52'),
(2014, 2508001, 4, 25, 54, 25, 0, '2025-07-18 04:34:05'),
(2015, 2508002, 4, 25, 62, 22, 0, '2025-07-18 04:34:05'),
(2016, 2508003, 4, 25, 43, 20, 0, '2025-07-18 04:34:28'),
(2017, 2508004, 4, 25, 34, 15, 0, '2025-07-18 04:34:32'),
(2018, 2508005, 4, 25, 43, 15, 0, '2025-07-18 04:35:05'),
(2019, 2508006, 4, 25, 50, 15, 0, '2025-07-18 04:35:10'),
(2020, 2508007, 4, 25, 37, 14, 0, '2025-07-18 04:35:22'),
(2021, 2508008, 4, 25, 28, 13, 0, '2025-07-18 04:35:25'),
(2022, 2508009, 4, 25, 32, 12, 0, '2025-07-18 04:35:30'),
(2023, 2508010, 4, 25, 54, 17, 0, '2025-07-18 04:35:35'),
(2024, 2508011, 4, 25, 25, 12, 0, '2025-07-18 04:35:39'),
(2025, 2508012, 4, 25, 44, 17, 0, '2025-07-18 04:35:43'),
(2026, 2508013, 4, 25, 51, 15, 0, '2025-07-18 04:35:47'),
(2027, 2508014, 4, 25, 32, 15, 0, '2025-07-18 04:35:53'),
(2028, 2508015, 4, 25, 47, 12, 0, '2025-07-18 04:35:58'),
(2029, 2508016, 4, 25, 27, 16, 0, '2025-07-18 04:36:03'),
(2030, 2508017, 4, 25, 24, 19, 0, '2025-07-18 04:36:07'),
(2031, 2508018, 4, 25, 36, 16, 0, '2025-07-18 04:36:16'),
(2032, 2508019, 4, 25, 52, 19, 0, '2025-07-18 04:36:23'),
(2033, 2508020, 4, 25, 23, 10, 0, '2025-07-18 04:36:45'),
(2034, 2508021, 4, 25, 30, 12, 0, '2025-07-18 04:36:52'),
(2035, 2508022, 4, 25, 44, 16, 0, '2025-07-18 04:37:02'),
(2036, 2508023, 4, 25, 42, 8, 0, '2025-07-18 04:37:08'),
(2037, 2508024, 4, 25, 44, 17, 0, '2025-07-18 04:37:12'),
(2038, 2508025, 4, 25, 42, 11, 0, '2025-07-18 04:37:16'),
(2039, 2508026, 4, 25, 23, 11, 0, '2025-07-18 04:37:19'),
(2040, 2508027, 4, 25, 33, 12, 0, '2025-07-18 04:37:22'),
(2041, 2508028, 4, 25, 42, 15, 0, '2025-07-18 04:37:27'),
(2042, 2508029, 4, 25, 28, 8, 0, '2025-07-18 04:37:51'),
(2043, 2508030, 4, 25, 44, 21, 0, '2025-07-18 04:37:56'),
(2044, 2508031, 4, 25, 23, 13, 0, '2025-07-18 04:38:07'),
(2045, 2508149, 4, 25, 45, 18, 0, '2025-07-18 04:38:12'),
(2046, 2508150, 4, 25, 10, 6, 0, '2025-07-18 04:38:22'),
(2047, 2508032, 4, 25, 23, 12, 0, '2025-07-18 04:38:45'),
(2048, 2508033, 4, 25, 23, 10, 0, '2025-07-18 04:38:50'),
(2049, 2508034, 4, 25, 28, 10, 0, '2025-07-18 04:38:59'),
(2050, 2508035, 4, 25, 10, 6, 0, '2025-07-18 04:39:03'),
(2051, 2508036, 4, 25, 6, 4, 0, '2025-07-18 04:39:06'),
(2052, 2508037, 4, 25, 30, 20, 0, '2025-07-18 04:39:10'),
(2053, 2508038, 4, 25, 8, 8, 0, '2025-07-18 04:39:15'),
(2054, 2508039, 4, 25, 24, 10, 0, '2025-07-18 04:39:18'),
(2055, 2508040, 4, 25, 15, 4, 0, '2025-07-18 04:39:32'),
(2056, 2508041, 4, 25, 6, 10, 0, '2025-07-18 04:39:36'),
(2057, 2508042, 4, 25, 33, 10, 0, '2025-07-18 04:39:40'),
(2058, 2508043, 4, 25, 8, 6, 0, '2025-07-18 04:39:46'),
(2059, 2508044, 4, 25, 23, 8, 0, '2025-07-18 04:39:54'),
(2060, 2508045, 4, 25, 15, 6, 0, '2025-07-18 04:39:58'),
(2061, 2508046, 4, 25, 8, 6, 0, '2025-07-18 04:40:02'),
(2062, 2508047, 4, 25, 13, 9, 0, '2025-07-18 04:40:06'),
(2063, 2508048, 4, 25, 2, 8, 0, '2025-07-18 04:40:09'),
(2064, 2508049, 4, 25, 33, 13, 0, '2025-07-18 04:40:18'),
(2065, 2508050, 4, 25, 16, 5, 0, '2025-07-18 04:40:26'),
(2066, 2508051, 4, 25, 8, 7, 0, '2025-07-18 04:40:37'),
(2067, 2508052, 4, 25, 18, 12, 0, '2025-07-18 04:40:44'),
(2068, 2508053, 4, 25, 4, 10, 0, '2025-07-18 04:40:48'),
(2069, 2508054, 4, 25, 0, 13, 0, '2025-07-18 04:40:52'),
(2070, 2508055, 4, 25, 19, 8, 0, '2025-07-18 04:40:58'),
(2071, 2508056, 4, 25, 6, 7, 0, '2025-07-18 04:41:07'),
(2072, 2508057, 4, 25, 2, 6, 0, '2025-07-18 04:41:11'),
(2073, 2508058, 4, 25, 8, 10, 0, '2025-07-18 04:41:19'),
(2074, 2508059, 4, 25, 4, 8, 0, '2025-07-18 04:41:28'),
(2075, 2508060, 4, 25, 16, 9, 0, '2025-07-18 04:41:31'),
(2076, 2508061, 4, 25, 0, 12, 0, '2025-07-18 04:41:34'),
(2077, 2508062, 4, 25, 2, 7, 0, '2025-07-18 04:41:38'),
(2078, 2508063, 4, 25, 4, 8, 0, '2025-07-18 04:41:41'),
(2079, 2508064, 4, 25, 4, 6, 0, '2025-07-18 04:41:46'),
(2080, 2508065, 4, 25, 14, 14, 0, '2025-07-18 04:41:59'),
(2081, 2508066, 4, 25, 22, 11, 0, '2025-07-18 04:42:04'),
(2082, 2508067, 4, 25, 8, 6, 0, '2025-07-18 04:42:15'),
(2083, 2508068, 4, 25, 18, 9, 0, '2025-07-18 04:42:20'),
(2084, 2508069, 4, 25, 14, 10, 0, '2025-07-18 04:42:25'),
(2085, 2508070, 4, 25, 13, 5, 0, '2025-07-18 04:42:43'),
(2086, 2508071, 4, 25, 0, 6, 0, '2025-07-18 04:42:48'),
(2087, 2508072, 4, 25, 8, 11, 0, '2025-07-18 04:42:51'),
(2088, 2508073, 4, 25, 12, 10, 0, '2025-07-18 04:42:53'),
(2089, 2508074, 4, 25, 9, 9, 0, '2025-07-18 04:42:57'),
(2090, 2508075, 4, 25, 10, 11, 0, '2025-07-18 04:42:59'),
(2091, 2508076, 4, 25, 16, 10, 0, '2025-07-18 04:43:03'),
(2092, 2508077, 4, 25, 6, 14, 0, '2025-07-18 04:43:07'),
(2093, 2508078, 4, 25, 2, 12, 0, '2025-07-18 04:43:11'),
(2094, 2508079, 4, 25, 9, 5, 0, '2025-07-18 04:43:14'),
(2095, 2508080, 4, 25, 8, 10, 0, '2025-07-18 04:43:17'),
(2096, 2508081, 4, 25, 4, 8, 0, '2025-07-18 04:43:22'),
(2097, 2508082, 4, 25, 23, 12, 0, '2025-07-18 04:43:25'),
(2098, 2508083, 4, 25, 0, 10, 0, '2025-07-18 04:43:32'),
(2099, 2508084, 4, 25, 8, 8, 0, '2025-07-18 04:43:35'),
(2100, 2508085, 4, 25, 2, 7, 0, '2025-07-18 04:43:38'),
(2101, 2508086, 4, 25, 8, 9, 0, '2025-07-18 04:43:42'),
(2102, 2508087, 4, 25, 7, 7, 0, '2025-07-18 04:43:48'),
(2103, 2508088, 4, 25, 10, 8, 0, '2025-07-18 04:43:53'),
(2104, 2508089, 4, 25, 14, 8, 0, '2025-07-18 04:43:54'),
(2105, 2508090, 4, 25, 8, 8, 0, '2025-07-18 04:44:04'),
(2106, 2508091, 4, 25, 10, 8, 0, '2025-07-18 04:44:08'),
(2107, 2508092, 4, 25, 0, 11, 0, '2025-07-18 04:44:11'),
(2108, 2508093, 4, 25, 15, 11, 0, '2025-07-18 04:44:15'),
(2109, 2508094, 4, 25, 4, 10, 0, '2025-07-18 04:44:20'),
(2110, 2508095, 4, 25, 10, 8, 0, '2025-07-18 04:44:20'),
(2111, 2508096, 4, 25, 15, 7, 0, '2025-07-18 04:44:34'),
(2112, 2508097, 4, 25, 6, 7, 0, '2025-07-18 04:44:38'),
(2113, 2508098, 4, 25, 17, 8, 0, '2025-07-18 04:44:59'),
(2114, 2508099, 4, 25, 15, 7, 0, '2025-07-18 04:45:03'),
(2115, 2508100, 4, 25, 6, 8, 0, '2025-07-18 04:45:08'),
(2116, 2508101, 4, 25, 12, 7, 0, '2025-07-18 04:45:11'),
(2117, 2508102, 4, 25, 0, 11, 0, '2025-07-18 04:45:16'),
(2118, 2508103, 4, 25, 4, 6, 0, '2025-07-18 04:45:21'),
(2119, 2508104, 4, 25, 2, 6, 0, '2025-07-18 04:45:25'),
(2120, 2508105, 4, 25, 8, 4, 0, '2025-07-18 04:45:32'),
(2121, 2508106, 4, 25, 0, 4, 0, '2025-07-18 04:45:35'),
(2122, 2508107, 4, 25, 0, 9, 0, '2025-07-18 04:45:38'),
(2123, 2508108, 4, 25, 2, 9, 0, '2025-07-18 04:45:47'),
(2124, 2508109, 4, 25, 0, 9, 0, '2025-07-18 04:46:12'),
(2125, 2508110, 4, 25, 0, 7, 0, '2025-07-18 04:46:15'),
(2126, 2508111, 4, 25, 9, 8, 0, '2025-07-18 04:46:19'),
(2127, 2508112, 4, 25, 2, 7, 0, '2025-07-18 04:46:23'),
(2128, 2508113, 4, 25, 0, 0, 0, '2025-07-18 04:46:29'),
(2129, 2508114, 4, 25, 4, 10, 0, '2025-07-18 04:46:37'),
(2130, 2508115, 4, 25, 0, 6, 0, '2025-07-18 04:46:51'),
(2131, 2508116, 4, 25, 0, 7, 0, '2025-07-18 04:46:55'),
(2132, 2508117, 4, 25, 6, 10, 0, '2025-07-18 04:47:00'),
(2133, 2508118, 4, 25, 0, 13, 0, '2025-07-18 04:47:03'),
(2134, 2508119, 4, 25, 4, 8, 0, '2025-07-18 04:47:42'),
(2135, 2508120, 4, 25, 0, 11, 0, '2025-07-18 04:49:33'),
(2136, 2508121, 4, 25, 0, 7, 0, '2025-07-18 04:49:36'),
(2137, 2508122, 4, 25, 0, 7, 0, '2025-07-18 04:49:40'),
(2138, 2508123, 4, 25, 0, 7, 0, '2025-07-18 04:49:46'),
(2139, 2508124, 4, 25, 2, 4, 0, '2025-07-18 04:49:55'),
(2140, 2508125, 4, 25, 0, 8, 0, '2025-07-18 04:49:59'),
(2141, 2508126, 4, 25, 2, 2, 0, '2025-07-18 04:50:03'),
(2142, 2508127, 4, 25, 0, 7, 0, '2025-07-18 04:50:06'),
(2143, 2508128, 4, 25, 0, 8, 0, '2025-07-18 04:50:10'),
(2144, 2508129, 4, 25, 0, 11, 0, '2025-07-18 04:50:12'),
(2145, 2508130, 4, 25, 6, 9, 0, '2025-07-18 04:50:18'),
(2146, 2508131, 4, 25, 4, 5, 0, '2025-07-18 04:50:22'),
(2147, 2508132, 4, 25, 0, 7, 0, '2025-07-18 04:50:27'),
(2148, 2508133, 4, 25, 0, 8, 0, '2025-07-18 04:50:31'),
(2149, 2508134, 4, 25, 0, 5, 0, '2025-07-18 04:50:33'),
(2150, 2508135, 4, 25, 0, 0, 0, '2025-07-18 04:50:37'),
(2151, 2508136, 4, 25, 0, 11, 0, '2025-07-18 04:50:43'),
(2152, 2508137, 4, 25, 0, 0, 0, '2025-07-18 04:50:50'),
(2153, 2508138, 4, 25, 0, 12, 0, '2025-07-18 04:50:54'),
(2154, 2508139, 4, 25, 0, 11, 0, '2025-07-18 04:50:58'),
(2155, 2508140, 4, 25, 6, 9, 0, '2025-07-18 04:51:02'),
(2156, 2508141, 4, 25, 0, 4, 0, '2025-07-18 04:51:06'),
(2157, 2508142, 4, 25, 0, 6, 0, '2025-07-18 04:51:10'),
(2158, 2508143, 4, 25, 0, 7, 0, '2025-07-18 04:51:14'),
(2159, 2508144, 4, 25, 3, 10, 0, '2025-07-18 04:51:19'),
(2160, 2508145, 4, 25, 0, 0, 0, '2025-07-18 04:51:28'),
(2161, 2508146, 4, 25, 4, 11, 0, '2025-07-18 04:51:31'),
(2162, 2508147, 4, 25, 0, 0, 0, '2025-07-18 04:51:35'),
(2163, 2508148, 4, 25, 0, 1, 0, '2025-07-18 04:51:38'),
(2164, 2508151, 4, 25, 6, 10, 0, '2025-07-18 04:51:51'),
(2165, 2508152, 4, 25, 10, 9, 0, '2025-07-18 04:51:56'),
(2166, 2508153, 4, 25, 0, 0, 0, '2025-07-18 04:52:50'),
(2167, 2508001, 4, 26, 62, 25, 0, '2025-07-18 05:01:57'),
(2168, 2508002, 4, 26, 55, 17, 0, '2025-07-18 05:02:00'),
(2169, 2508003, 4, 26, 63, 23, 0, '2025-07-18 05:02:03'),
(2170, 2508004, 4, 26, 55, 18, 0, '2025-07-18 05:02:09'),
(2171, 2508005, 4, 26, 58, 14, 0, '2025-07-18 05:02:13'),
(2172, 2508006, 4, 26, 61, 14, 0, '2025-07-18 05:02:17'),
(2173, 2508007, 4, 26, 58, 19, 0, '2025-07-18 05:02:25'),
(2174, 2508008, 4, 26, 48, 19, 0, '2025-07-18 05:02:31'),
(2175, 2508009, 4, 26, 41, 15, 0, '2025-07-18 05:02:36'),
(2176, 2508010, 4, 26, 56, 20, 0, '2025-07-18 05:02:59'),
(2177, 2508011, 4, 26, 46, 18, 0, '2025-07-18 05:03:07'),
(2178, 2508012, 4, 26, 52, 15, 0, '2025-07-18 05:03:14'),
(2179, 2508013, 4, 26, 54, 18, 0, '2025-07-18 05:03:19'),
(2180, 2508014, 4, 26, 52, 14, 0, '2025-07-18 05:03:24'),
(2181, 2508015, 4, 26, 48, 15, 0, '2025-07-18 05:03:28'),
(2182, 2508016, 4, 26, 57, 16, 0, '2025-07-18 05:03:34'),
(2183, 2508017, 4, 26, 35, 15, 0, '2025-07-18 05:03:37'),
(2184, 2508018, 4, 26, 58, 18, 0, '2025-07-18 05:03:42'),
(2185, 2508019, 4, 26, 57, 18, 0, '2025-07-18 05:03:47'),
(2186, 2508020, 4, 26, 46, 15, 0, '2025-07-18 05:03:51'),
(2187, 2508021, 4, 26, 52, 19, 0, '2025-07-18 05:03:56'),
(2188, 2508022, 4, 26, 62, 27, 0, '2025-07-18 05:04:00'),
(2189, 2508023, 4, 26, 50, 18, 0, '2025-07-18 05:04:05'),
(2190, 2508024, 4, 26, 52, 10, 0, '2025-07-18 05:04:11'),
(2191, 2508025, 4, 26, 24, 10, 0, '2025-07-18 05:04:18'),
(2192, 2508026, 4, 26, 46, 13, 0, '2025-07-18 05:04:29'),
(2193, 2508027, 4, 26, 47, 13, 0, '2025-07-18 05:04:38'),
(2194, 2508028, 4, 26, 48, 18, 0, '2025-07-18 05:04:47'),
(2195, 2508029, 4, 26, 46, 13, 0, '2025-07-18 05:04:58'),
(2196, 2508030, 4, 26, 47, 20, 0, '2025-07-18 05:05:02'),
(2197, 2508031, 4, 26, 40, 16, 0, '2025-07-18 05:05:14'),
(2198, 2508149, 4, 26, 54, 18, 0, '2025-07-18 05:05:17'),
(2199, 2508032, 4, 26, 41, 13, 0, '2025-07-18 05:05:39'),
(2200, 2508033, 4, 26, 45, 12, 0, '2025-07-18 05:05:56'),
(2201, 2508034, 4, 26, 42, 18, 0, '2025-07-18 05:06:04'),
(2202, 2508035, 4, 26, 42, 15, 0, '2025-07-18 05:06:11'),
(2203, 2508036, 4, 26, 31, 7, 0, '2025-07-18 05:06:16'),
(2204, 2508037, 4, 26, 34, 17, 0, '2025-07-18 05:06:22'),
(2205, 2508038, 4, 26, 14, 7, 0, '2025-07-18 05:06:27'),
(2206, 2508039, 4, 26, 36, 12, 0, '2025-07-18 05:06:33'),
(2207, 2508040, 4, 26, 28, 13, 0, '2025-07-18 05:06:37'),
(2208, 2508041, 4, 26, 26, 17, 0, '2025-07-18 05:06:41'),
(2209, 2508042, 4, 26, 43, 10, 0, '2025-07-18 05:06:49'),
(2210, 2508043, 4, 26, 43, 10, 0, '2025-07-18 05:06:54'),
(2211, 2508044, 4, 26, 44, 18, 0, '2025-07-18 05:06:58'),
(2212, 2508045, 4, 26, 13, 11, 0, '2025-07-18 05:07:03'),
(2213, 2508046, 4, 26, 17, 10, 0, '2025-07-18 05:07:06'),
(2214, 2508047, 4, 26, 35, 15, 0, '2025-07-18 05:07:16'),
(2215, 2508048, 4, 26, 60, 12, 0, '2025-07-18 05:07:34'),
(2216, 2508049, 4, 26, 21, 16, 0, '2025-07-18 05:07:41'),
(2217, 2508050, 4, 26, 11, 11, 0, '2025-07-18 05:07:48'),
(2218, 2508051, 4, 26, 35, 14, 0, '2025-07-18 05:07:53'),
(2219, 2508052, 4, 26, 27, 12, 0, '2025-07-18 05:07:59'),
(2220, 2508053, 4, 26, 19, 14, 0, '2025-07-18 05:08:04'),
(2221, 2508054, 4, 26, 34, 12, 0, '2025-07-18 05:08:11'),
(2222, 2508055, 4, 26, 51, 11, 0, '2025-07-18 05:08:15'),
(2223, 2508056, 4, 26, 18, 15, 0, '2025-07-18 05:08:20'),
(2224, 2508057, 4, 26, 25, 14, 0, '2025-07-18 05:08:25'),
(2225, 2508058, 4, 26, 39, 9, 0, '2025-07-18 05:08:30'),
(2226, 2508059, 4, 26, 53, 15, 0, '2025-07-18 05:08:37'),
(2227, 2508060, 4, 26, 28, 17, 0, '2025-07-18 05:08:42'),
(2228, 2508061, 4, 26, 27, 15, 0, '2025-07-18 05:08:49'),
(2229, 2508062, 4, 26, 24, 12, 0, '2025-07-18 05:08:55'),
(2230, 2508063, 4, 26, 35, 11, 0, '2025-07-18 05:08:59'),
(2231, 2508064, 4, 26, 25, 11, 0, '2025-07-18 05:09:02'),
(2232, 2508065, 4, 26, 38, 17, 0, '2025-07-18 05:09:08'),
(2233, 2508066, 4, 26, 26, 14, 0, '2025-07-18 05:09:11'),
(2234, 2508067, 4, 26, 19, 13, 0, '2025-07-18 05:09:16'),
(2235, 2508068, 4, 26, 38, 12, 0, '2025-07-18 05:09:21'),
(2236, 2508069, 4, 26, 41, 15, 0, '2025-07-18 05:09:28'),
(2237, 2508070, 4, 26, 38, 14, 0, '2025-07-18 05:09:34'),
(2238, 2508071, 4, 26, 25, 9, 0, '2025-07-18 05:09:43'),
(2239, 2508072, 4, 26, 27, 16, 0, '2025-07-18 05:09:48'),
(2240, 2508073, 4, 26, 30, 13, 0, '2025-07-18 05:09:52'),
(2241, 2508074, 4, 26, 34, 11, 0, '2025-07-18 05:09:57'),
(2242, 2508075, 4, 26, 31, 16, 0, '2025-07-18 05:10:02'),
(2243, 2508076, 4, 26, 39, 9, 0, '2025-07-18 05:10:08'),
(2244, 2508077, 4, 26, 11, 13, 0, '2025-07-18 05:10:16'),
(2245, 2508078, 4, 26, 31, 12, 0, '2025-07-18 05:10:20'),
(2246, 2508079, 4, 26, 50, 17, 0, '2025-07-18 05:10:34'),
(2247, 2508080, 4, 26, 18, 11, 0, '2025-07-18 05:10:47'),
(2248, 2508081, 4, 26, 18, 13, 0, '2025-07-18 05:10:52'),
(2249, 2508082, 4, 26, 39, 17, 0, '2025-07-18 05:11:06'),
(2250, 2508083, 4, 26, 21, 9, 0, '2025-07-18 05:11:13'),
(2251, 2508084, 4, 26, 14, 14, 0, '2025-07-18 05:11:18'),
(2252, 2508085, 4, 26, 9, 12, 0, '2025-07-18 05:11:23'),
(2253, 2508086, 4, 26, 30, 12, 0, '2025-07-18 05:11:27'),
(2254, 2508087, 4, 26, 41, 10, 0, '2025-07-18 05:11:33'),
(2255, 2508088, 4, 26, 39, 14, 0, '2025-07-18 05:11:38'),
(2256, 2508089, 4, 26, 37, 13, 0, '2025-07-18 05:11:45'),
(2257, 2508090, 4, 26, 20, 11, 0, '2025-07-18 05:11:50'),
(2258, 2508091, 4, 26, 13, 18, 0, '2025-07-18 05:12:09'),
(2259, 2508092, 4, 26, 23, 12, 0, '2025-07-18 05:12:14'),
(2260, 2508093, 4, 26, 14, 13, 0, '2025-07-18 05:12:18'),
(2261, 2508094, 4, 26, 21, 13, 0, '2025-07-18 05:12:23'),
(2262, 2508095, 4, 26, 17, 13, 0, '2025-07-18 05:12:29'),
(2263, 2508096, 4, 26, 32, 16, 0, '2025-07-18 05:12:35'),
(2264, 2508097, 4, 26, 2, 11, 0, '2025-07-18 05:12:39'),
(2265, 2508098, 4, 26, 29, 18, 0, '2025-07-18 05:12:46'),
(2266, 2508099, 4, 26, 22, 14, 0, '2025-07-18 05:12:52'),
(2267, 2508100, 4, 26, 17, 18, 0, '2025-07-18 05:12:56'),
(2268, 2508101, 4, 26, 23, 14, 0, '2025-07-18 05:13:02'),
(2269, 2508102, 4, 26, 16, 12, 0, '2025-07-18 05:13:06'),
(2270, 2508103, 4, 26, 9, 9, 0, '2025-07-18 05:13:10'),
(2271, 2508104, 4, 26, 12, 16, 0, '2025-07-18 05:13:14'),
(2272, 2508105, 4, 26, 0, 12, 0, '2025-07-18 05:13:17'),
(2273, 2508106, 4, 26, 17, 12, 0, '2025-07-18 05:13:21'),
(2274, 2508107, 4, 26, 42, 9, 0, '2025-07-18 05:13:26'),
(2275, 2508108, 4, 26, 15, 12, 0, '2025-07-18 05:13:33'),
(2276, 2508150, 4, 26, 9, 19, 0, '2025-07-18 05:13:36'),
(2277, 2508151, 4, 26, 14, 13, 0, '2025-07-18 05:13:43'),
(2278, 2508152, 4, 26, 4, 11, 0, '2025-07-18 05:13:51'),
(2279, 2508153, 4, 26, 0, 3, 0, '2025-07-18 05:13:54'),
(2280, 2508109, 4, 26, 0, 0, 0, '2025-07-18 05:14:19'),
(2281, 2508110, 4, 26, 9, 10, 0, '2025-07-18 05:14:26'),
(2282, 2508111, 4, 26, 32, 12, 0, '2025-07-18 05:14:29'),
(2283, 2508112, 4, 26, 11, 11, 0, '2025-07-18 05:14:33'),
(2284, 2508113, 4, 26, 0, 0, 0, '2025-07-18 05:14:36'),
(2285, 2508114, 4, 26, 19, 11, 0, '2025-07-18 05:14:47'),
(2286, 2508115, 4, 26, 15, 14, 0, '2025-07-18 05:14:51'),
(2287, 2508116, 4, 26, 12, 10, 0, '2025-07-18 05:14:54'),
(2288, 2508117, 4, 26, 0, 0, 0, '2025-07-18 05:14:56'),
(2289, 2508118, 4, 26, 12, 13, 0, '2025-07-18 05:15:01'),
(2290, 2508119, 4, 26, 0, 0, 0, '2025-07-18 05:15:09'),
(2291, 2508120, 4, 26, 21, 4, 0, '2025-07-18 05:15:12'),
(2292, 2508121, 4, 26, 24, 10, 0, '2025-07-18 05:15:16'),
(2293, 2508122, 4, 26, 3, 12, 0, '2025-07-18 05:15:22'),
(2294, 2508123, 4, 26, 33, 10, 0, '2025-07-18 05:15:27'),
(2295, 2508124, 4, 26, 17, 14, 0, '2025-07-18 05:15:40'),
(2296, 2508125, 4, 26, 20, 12, 0, '2025-07-18 05:15:57'),
(2297, 2508126, 4, 26, 15, 8, 0, '2025-07-18 05:16:02'),
(2298, 2508127, 4, 26, 13, 10, 0, '2025-07-18 05:16:06'),
(2299, 2508128, 4, 26, 11, 8, 0, '2025-07-18 05:16:10'),
(2300, 2508129, 4, 26, 10, 13, 0, '2025-07-18 05:16:14'),
(2301, 2508130, 4, 26, 11, 6, 0, '2025-07-18 05:16:19'),
(2302, 2508131, 4, 26, 13, 8, 0, '2025-07-18 05:16:22'),
(2303, 2508132, 4, 26, 27, 7, 0, '2025-07-18 05:16:28'),
(2304, 2508133, 4, 26, 15, 11, 0, '2025-07-18 05:16:34'),
(2305, 2508134, 4, 26, 15, 15, 0, '2025-07-18 05:16:37'),
(2306, 2508135, 4, 26, 0, 0, 0, '2025-07-18 05:16:42'),
(2307, 2508136, 4, 26, 11, 8, 0, '2025-07-18 05:16:50'),
(2308, 2508137, 4, 26, 0, 10, 0, '2025-07-18 05:16:54'),
(2309, 2508138, 4, 26, 35, 7, 0, '2025-07-18 05:26:05'),
(2310, 2508139, 4, 26, 4, 13, 0, '2025-07-18 05:27:04'),
(2311, 2508140, 4, 26, 30, 11, 0, '2025-07-18 05:27:08'),
(2312, 2508141, 4, 26, 6, 5, 0, '2025-07-18 05:27:15'),
(2313, 2508142, 4, 26, 25, 10, 0, '2025-07-18 05:27:20'),
(2314, 2508143, 4, 26, 12, 8, 0, '2025-07-18 05:27:25'),
(2315, 2508144, 4, 26, 40, 16, 0, '2025-07-18 05:27:35'),
(2316, 2508145, 4, 26, 0, 0, 0, '2025-07-18 05:27:45'),
(2317, 2508146, 4, 26, 39, 18, 0, '2025-07-18 05:27:53'),
(2318, 2508147, 4, 26, 0, 0, 0, '2025-07-18 05:27:56'),
(2319, 2508148, 4, 26, 9, 9, 0, '2025-07-18 05:28:00'),
(2320, 2508001, 4, 27, 30, 12, 0, '2025-07-18 05:32:11'),
(2321, 2508002, 4, 27, 34, 17, 0, '2025-07-18 05:32:14'),
(2322, 2508003, 4, 27, 41, 18, 0, '2025-07-18 05:32:18'),
(2323, 2508004, 4, 27, 40, 13, 0, '2025-07-18 05:32:25'),
(2324, 2508005, 4, 27, 24, 18, 0, '2025-07-18 05:32:29'),
(2325, 2508006, 4, 27, 45, 15, 0, '2025-07-18 05:32:42'),
(2326, 2508007, 4, 27, 34, 15, 0, '2025-07-18 05:32:47'),
(2327, 2508008, 4, 27, 25, 15, 0, '2025-07-18 05:32:50'),
(2328, 2508009, 4, 27, 26, 14, 0, '2025-07-18 05:32:55'),
(2329, 2508010, 4, 27, 28, 16, 0, '2025-07-18 05:32:59'),
(2330, 2508011, 4, 27, 23, 15, 0, '2025-07-18 05:33:06'),
(2331, 2508012, 4, 27, 24, 18, 0, '2025-07-18 05:33:11'),
(2332, 2508013, 4, 27, 36, 14, 0, '2025-07-18 05:33:16'),
(2333, 2508014, 4, 27, 13, 13, 0, '2025-07-18 05:33:20'),
(2334, 2508015, 4, 27, 23, 11, 0, '2025-07-18 05:33:30'),
(2335, 2508016, 4, 27, 24, 17, 0, '2025-07-18 05:33:36'),
(2336, 2508017, 4, 27, 23, 19, 0, '2025-07-18 05:33:42'),
(2337, 2508018, 4, 27, 30, 18, 0, '2025-07-18 05:33:46'),
(2338, 2508019, 4, 27, 26, 17, 0, '2025-07-18 05:33:50'),
(2339, 2508020, 4, 27, 36, 14, 0, '2025-07-18 05:33:55'),
(2340, 2508021, 4, 27, 25, 12, 0, '2025-07-18 05:33:58'),
(2341, 2508022, 4, 27, 33, 11, 0, '2025-07-18 05:34:05'),
(2342, 2508023, 4, 27, 26, 14, 0, '2025-07-18 05:34:08'),
(2343, 2508024, 4, 27, 23, 12, 0, '2025-07-18 05:34:11'),
(2344, 2508025, 4, 27, 19, 19, 0, '2025-07-18 05:34:16'),
(2345, 2508026, 4, 27, 25, 12, 0, '2025-07-18 05:34:19'),
(2346, 2508027, 4, 27, 27, 20, 0, '2025-07-18 05:34:30'),
(2347, 2508028, 4, 27, 24, 14, 0, '2025-07-18 05:34:34'),
(2348, 2508029, 4, 27, 20, 13, 0, '2025-07-18 05:34:42'),
(2349, 2508030, 4, 27, 22, 11, 0, '2025-07-18 05:34:46'),
(2350, 2508031, 4, 27, 14, 16, 0, '2025-07-18 05:35:01'),
(2351, 2508149, 4, 27, 30, 20, 0, '2025-07-18 05:35:04'),
(2352, 2508032, 4, 27, 19, 14, 0, '2025-07-18 05:35:22'),
(2353, 2508033, 4, 27, 18, 16, 0, '2025-07-18 05:35:26'),
(2354, 2508034, 4, 27, 20, 10, 0, '2025-07-18 05:35:29'),
(2355, 2508035, 4, 27, 18, 4, 0, '2025-07-18 05:35:33'),
(2356, 2508036, 4, 27, 16, 14, 0, '2025-07-18 05:35:37'),
(2357, 2508037, 4, 27, 21, 13, 0, '2025-07-18 05:35:45'),
(2358, 2508038, 4, 27, 4, 11, 0, '2025-07-18 05:35:52'),
(2359, 2508039, 4, 27, 19, 14, 0, '2025-07-18 05:35:57'),
(2360, 2508040, 4, 27, 8, 7, 0, '2025-07-18 05:36:17'),
(2361, 2508041, 4, 27, 0, 0, 0, '2025-07-18 05:36:25'),
(2362, 2508042, 4, 27, 14, 13, 0, '2025-07-18 05:36:30'),
(2363, 2508043, 4, 27, 10, 9, 0, '2025-07-18 05:36:33'),
(2364, 2508044, 4, 27, 29, 17, 0, '2025-07-18 05:36:37'),
(2365, 2508045, 4, 27, 3, 12, 0, '2025-07-18 05:36:41'),
(2366, 2508046, 4, 27, 3, 10, 0, '2025-07-18 05:36:44'),
(2367, 2508047, 4, 27, 6, 11, 0, '2025-07-18 05:36:48'),
(2368, 2508048, 4, 27, 24, 7, 0, '2025-07-18 05:36:52'),
(2369, 2508049, 4, 27, 13, 14, 0, '2025-07-18 05:36:55'),
(2370, 2508050, 4, 27, 6, 13, 0, '2025-07-18 05:36:58'),
(2371, 2508051, 4, 27, 3, 12, 0, '2025-07-18 05:37:01'),
(2372, 2508052, 4, 27, 0, 9, 0, '2025-07-18 05:37:04'),
(2373, 2508053, 4, 27, 2, 10, 0, '2025-07-18 05:37:09'),
(2374, 2508054, 4, 27, 8, 17, 0, '2025-07-18 05:37:13'),
(2375, 2508055, 4, 27, 12, 11, 0, '2025-07-18 05:37:16'),
(2376, 2508056, 4, 27, 3, 4, 0, '2025-07-18 05:37:19'),
(2377, 2508057, 4, 27, 5, 8, 0, '2025-07-18 05:37:22'),
(2378, 2508058, 4, 27, 11, 5, 0, '2025-07-18 05:37:27'),
(2379, 2508059, 4, 27, 10, 16, 0, '2025-07-18 05:37:36'),
(2380, 2508060, 4, 27, 8, 14, 0, '2025-07-18 05:37:41'),
(2381, 2508061, 4, 27, 10, 9, 0, '2025-07-18 05:37:45'),
(2382, 2508062, 4, 27, 0, 7, 0, '2025-07-18 05:37:48'),
(2383, 2508063, 4, 27, 7, 12, 0, '2025-07-18 05:37:51'),
(2384, 2508064, 4, 27, 8, 13, 0, '2025-07-18 05:37:54'),
(2385, 2508065, 4, 27, 2, 10, 0, '2025-07-18 05:37:58'),
(2386, 2508066, 4, 27, 12, 13, 0, '2025-07-18 05:38:01'),
(2387, 2508067, 4, 27, 1, 11, 0, '2025-07-18 05:38:05'),
(2388, 2508068, 4, 27, 13, 8, 0, '2025-07-18 05:38:08'),
(2389, 2508069, 4, 27, 15, 18, 0, '2025-07-18 05:38:12'),
(2390, 2508070, 4, 27, 3, 11, 0, '2025-07-18 05:38:22'),
(2391, 2508071, 4, 27, 9, 4, 0, '2025-07-18 05:38:27'),
(2392, 2508072, 4, 27, 12, 4, 0, '2025-07-18 05:38:30'),
(2393, 2508073, 4, 27, 0, 5, 0, '2025-07-18 05:38:34'),
(2394, 2508074, 4, 27, 15, 6, 0, '2025-07-18 05:38:37'),
(2395, 2508075, 4, 27, 5, 9, 0, '2025-07-18 05:38:42'),
(2396, 2508076, 4, 27, 4, 11, 0, '2025-07-18 05:38:46'),
(2397, 2508077, 4, 27, 3, 8, 0, '2025-07-18 05:38:49'),
(2398, 2508078, 4, 27, 6, 11, 0, '2025-07-18 05:38:52'),
(2399, 2508079, 4, 27, 8, 13, 0, '2025-07-18 05:38:56'),
(2400, 2508080, 4, 27, 0, 9, 0, '2025-07-18 05:38:59'),
(2401, 2508081, 4, 27, 12, 10, 0, '2025-07-18 05:39:01'),
(2402, 2508082, 4, 27, 11, 8, 0, '2025-07-18 05:39:04'),
(2403, 2508083, 4, 27, 0, 8, 0, '2025-07-18 05:39:07'),
(2404, 2508084, 4, 27, 5, 12, 0, '2025-07-18 05:39:10'),
(2405, 2508085, 4, 27, 0, 11, 0, '2025-07-18 05:39:13'),
(2406, 2508086, 4, 27, 7, 10, 0, '2025-07-18 05:39:17'),
(2407, 2508087, 4, 27, 1, 6, 0, '2025-07-18 05:39:20'),
(2408, 2508088, 4, 27, 17, 16, 0, '2025-07-18 05:39:24'),
(2409, 2508089, 4, 27, 6, 8, 0, '2025-07-18 05:39:34'),
(2410, 2508090, 4, 27, 1, 8, 0, '2025-07-18 05:39:37'),
(2411, 2508091, 4, 27, 1, 7, 0, '2025-07-18 05:39:39'),
(2412, 2508092, 4, 27, 2, 6, 0, '2025-07-18 05:39:42'),
(2413, 2508093, 4, 27, 2, 12, 0, '2025-07-18 05:39:45'),
(2414, 2508094, 4, 27, 1, 9, 0, '2025-07-18 05:39:48'),
(2415, 2508095, 4, 27, 3, 8, 0, '2025-07-18 05:39:51'),
(2416, 2508096, 4, 27, 4, 13, 0, '2025-07-18 05:39:55'),
(2417, 2508097, 4, 27, 0, 8, 0, '2025-07-18 05:39:58'),
(2418, 2508098, 4, 27, 13, 15, 0, '2025-07-18 05:40:09'),
(2419, 2508099, 4, 27, 5, 9, 0, '2025-07-18 05:40:17'),
(2420, 2508100, 4, 27, 2, 12, 0, '2025-07-18 05:40:22'),
(2421, 2508101, 4, 27, 1, 9, 0, '2025-07-18 05:40:24'),
(2422, 2508102, 4, 27, 0, 11, 0, '2025-07-18 05:40:26'),
(2423, 2508103, 4, 27, 0, 8, 0, '2025-07-18 05:40:30'),
(2424, 2508104, 4, 27, 6, 14, 0, '2025-07-18 05:40:33'),
(2425, 2508105, 4, 27, 0, 11, 0, '2025-07-18 05:40:36'),
(2426, 2508106, 4, 27, 1, 10, 0, '2025-07-18 05:40:39'),
(2427, 2508107, 4, 27, 0, 7, 0, '2025-07-18 05:40:42'),
(2428, 2508108, 4, 27, 2, 5, 0, '2025-07-18 05:40:50'),
(2429, 2508150, 4, 27, 2, 12, 0, '2025-07-18 05:40:55'),
(2430, 2508151, 4, 27, 0, 13, 0, '2025-07-18 05:44:51'),
(2431, 2508109, 4, 27, 0, 3, 0, '2025-07-18 05:45:05'),
(2432, 2508110, 4, 27, 2, 9, 0, '2025-07-18 05:45:11'),
(2433, 2508111, 4, 27, 2, 4, 0, '2025-07-18 05:45:15'),
(2434, 2508112, 4, 27, 0, 7, 0, '2025-07-18 05:45:23'),
(2435, 2508113, 4, 27, 0, 0, 0, '2025-07-18 05:45:26'),
(2436, 2508114, 4, 27, 2, 10, 0, '2025-07-18 05:45:38'),
(2437, 2508115, 4, 27, 0, 7, 0, '2025-07-18 05:45:44'),
(2438, 2508116, 4, 27, 0, 9, 0, '2025-07-18 05:45:52'),
(2439, 2508117, 4, 27, 0, 13, 0, '2025-07-18 05:45:59'),
(2440, 2508118, 4, 27, 0, 5, 0, '2025-07-18 05:46:17'),
(2441, 2508119, 4, 27, 0, 0, 0, '2025-07-18 05:46:25'),
(2442, 2508120, 4, 27, 0, 13, 0, '2025-07-18 05:46:29'),
(2443, 2508121, 4, 27, 0, 10, 0, '2025-07-18 05:46:40'),
(2444, 2508122, 4, 27, 0, 6, 0, '2025-07-18 05:46:47'),
(2445, 2508123, 4, 27, 15, 10, 0, '2025-07-18 05:46:54'),
(2446, 2508124, 4, 27, 2, 10, 0, '2025-07-18 05:47:10'),
(2447, 2508125, 4, 27, 1, 12, 0, '2025-07-18 05:47:24'),
(2448, 2508126, 4, 27, 0, 3, 0, '2025-07-18 05:47:35'),
(2449, 2508127, 4, 27, 0, 5, 0, '2025-07-18 05:47:46'),
(2450, 2508128, 4, 27, 0, 9, 0, '2025-07-18 05:47:56'),
(2451, 2508129, 4, 27, 1, 3, 0, '2025-07-18 05:48:15'),
(2452, 2508130, 4, 27, 0, 6, 0, '2025-07-18 05:48:22'),
(2453, 2508131, 4, 27, 0, 5, 0, '2025-07-18 05:48:25'),
(2454, 2508132, 4, 27, 1, 9, 0, '2025-07-18 05:48:29'),
(2455, 2508133, 4, 27, 0, 9, 0, '2025-07-18 05:48:34'),
(2456, 2508134, 4, 27, 1, 7, 0, '2025-07-18 05:48:42'),
(2457, 2508135, 4, 27, 0, 0, 0, '2025-07-18 05:48:46'),
(2458, 2508136, 4, 27, 0, 8, 0, '2025-07-18 05:55:36'),
(2459, 2508137, 4, 27, 0, 11, 0, '2025-07-18 05:56:00'),
(2460, 2508138, 4, 27, 1, 16, 0, '2025-07-18 05:56:07'),
(2461, 2508139, 4, 27, 0, 8, 0, '2025-07-18 05:56:14'),
(2462, 2508140, 4, 27, 9, 8, 0, '2025-07-18 05:56:24'),
(2463, 2508141, 4, 27, 0, 13, 0, '2025-07-18 05:56:28'),
(2464, 2508142, 4, 27, 0, 9, 0, '2025-07-18 05:56:35'),
(2465, 2508143, 4, 27, 0, 2, 0, '2025-07-18 05:56:44'),
(2466, 2508144, 4, 27, 17, 6, 0, '2025-07-18 05:56:47'),
(2467, 2508145, 4, 27, 0, 0, 0, '2025-07-18 05:56:55'),
(2468, 2508146, 4, 27, 11, 8, 0, '2025-07-18 05:57:00'),
(2469, 2508147, 4, 27, 0, 0, 0, '2025-07-18 05:57:03'),
(2470, 2508148, 4, 27, 0, 7, 0, '2025-07-18 05:57:06'),
(2471, 2508152, 4, 27, 0, 9, 0, '2025-07-18 05:57:24'),
(2472, 2508153, 4, 27, 0, 10, 0, '2025-07-18 05:57:30'),
(2473, 2508001, 4, 28, 23, 16, 0, '2025-07-18 05:59:11'),
(2474, 2508002, 4, 28, 61, 18, 0, '2025-07-18 05:59:18'),
(2475, 2508003, 4, 28, 47, 21, 0, '2025-07-18 05:59:27'),
(2476, 2508004, 4, 28, 39, 11, 0, '2025-07-18 05:59:32'),
(2477, 2508005, 4, 28, 39, 17, 0, '2025-07-18 05:59:36'),
(2478, 2508006, 4, 28, 56, 20, 0, '2025-07-18 05:59:41'),
(2479, 2508007, 4, 28, 41, 17, 0, '2025-07-18 05:59:51'),
(2480, 2508008, 4, 28, 32, 19, 0, '2025-07-18 06:00:00'),
(2481, 2508009, 4, 28, 24, 15, 0, '2025-07-18 06:00:03'),
(2482, 2508010, 4, 28, 44, 21, 0, '2025-07-18 06:00:08'),
(2483, 2508011, 4, 28, 35, 18, 0, '2025-07-18 06:00:12'),
(2484, 2508012, 4, 28, 55, 15, 0, '2025-07-18 06:00:22'),
(2485, 2508013, 4, 28, 57, 21, 0, '2025-07-18 06:00:27'),
(2486, 2508014, 4, 28, 20, 14, 0, '2025-07-18 06:00:32'),
(2487, 2508015, 4, 28, 49, 18, 0, '2025-07-18 06:00:39'),
(2488, 2508016, 4, 28, 36, 14, 0, '2025-07-18 06:00:44'),
(2489, 2508017, 4, 28, 23, 14, 0, '2025-07-18 06:00:49'),
(2490, 2508018, 4, 28, 47, 19, 0, '2025-07-18 06:00:53'),
(2491, 2508019, 4, 28, 48, 17, 0, '2025-07-18 06:00:58'),
(2492, 2508020, 4, 28, 26, 13, 0, '2025-07-18 06:01:02'),
(2493, 2508021, 4, 28, 42, 19, 0, '2025-07-18 06:01:05'),
(2494, 2508022, 4, 28, 54, 16, 0, '2025-07-18 06:01:10'),
(2495, 2508023, 4, 28, 46, 16, 0, '2025-07-18 06:01:14'),
(2496, 2508024, 4, 28, 38, 15, 0, '2025-07-18 06:01:21'),
(2497, 2508025, 4, 28, 24, 17, 0, '2025-07-18 06:01:26'),
(2498, 2508026, 4, 28, 28, 13, 0, '2025-07-18 06:01:30'),
(2499, 2508027, 4, 28, 29, 18, 0, '2025-07-18 06:01:35'),
(2500, 2508028, 4, 28, 23, 19, 0, '2025-07-18 06:01:39'),
(2501, 2508029, 4, 28, 10, 16, 0, '2025-07-18 06:01:45'),
(2502, 2508030, 4, 28, 43, 15, 0, '2025-07-18 06:01:49'),
(2503, 2508031, 4, 28, 32, 18, 0, '2025-07-18 06:02:03'),
(2504, 2508149, 4, 28, 51, 15, 0, '2025-07-18 06:02:06'),
(2505, 2508032, 4, 28, 29, 16, 0, '2025-07-18 06:02:25'),
(2506, 2508033, 4, 28, 11, 13, 0, '2025-07-18 06:02:29'),
(2507, 2508034, 4, 28, 23, 13, 0, '2025-07-18 06:02:32'),
(2508, 2508035, 4, 28, 12, 8, 0, '2025-07-18 06:02:35'),
(2509, 2508036, 4, 28, 13, 17, 0, '2025-07-18 06:02:38'),
(2510, 2508037, 4, 28, 32, 15, 0, '2025-07-18 06:02:42'),
(2511, 2508038, 4, 28, 2, 7, 0, '2025-07-18 06:02:45'),
(2512, 2508039, 4, 28, 14, 18, 0, '2025-07-18 06:02:49'),
(2513, 2508040, 4, 28, 0, 0, 0, '2025-07-18 06:02:57'),
(2514, 2508041, 4, 28, 5, 12, 0, '2025-07-18 06:03:00'),
(2515, 2508042, 4, 28, 11, 9, 0, '2025-07-18 06:03:03'),
(2516, 2508043, 4, 28, 20, 11, 0, '2025-07-18 06:03:06'),
(2517, 2508044, 4, 28, 17, 16, 0, '2025-07-18 06:03:10'),
(2518, 2508045, 4, 28, 12, 13, 0, '2025-07-18 06:03:13'),
(2519, 2508046, 4, 28, 4, 6, 0, '2025-07-18 06:03:16'),
(2520, 2508047, 4, 28, 16, 12, 0, '2025-07-18 06:03:19'),
(2521, 2508048, 4, 28, 14, 9, 0, '2025-07-18 06:03:22'),
(2522, 2508049, 4, 28, 14, 7, 0, '2025-07-18 06:03:31'),
(2523, 2508050, 4, 28, 5, 6, 0, '2025-07-18 06:03:34'),
(2524, 2508051, 4, 28, 0, 11, 0, '2025-07-18 06:03:37'),
(2525, 2508052, 4, 28, 1, 8, 0, '2025-07-18 06:03:40'),
(2526, 2508053, 4, 28, 0, 6, 0, '2025-07-18 06:03:43'),
(2527, 2508054, 4, 28, 10, 8, 0, '2025-07-18 06:03:46'),
(2528, 2508055, 4, 28, 18, 7, 0, '2025-07-18 06:03:50'),
(2529, 2508056, 4, 28, 3, 10, 0, '2025-07-18 06:03:57'),
(2530, 2508057, 4, 28, 3, 13, 0, '2025-07-18 06:04:01'),
(2531, 2508058, 4, 28, 0, 9, 0, '2025-07-18 06:04:03'),
(2532, 2508059, 4, 28, 16, 13, 0, '2025-07-18 06:04:11'),
(2533, 2508060, 4, 28, 7, 10, 0, '2025-07-18 06:04:15'),
(2534, 2508061, 4, 28, 2, 13, 0, '2025-07-18 06:04:18'),
(2535, 2508062, 4, 28, 0, 11, 0, '2025-07-18 06:04:21'),
(2536, 2508063, 4, 28, 7, 9, 0, '2025-07-18 06:04:25'),
(2537, 2508064, 4, 28, 10, 8, 0, '2025-07-18 06:04:28'),
(2538, 2508065, 4, 28, 19, 13, 0, '2025-07-18 06:04:31'),
(2539, 2508066, 4, 28, 13, 12, 0, '2025-07-18 06:04:33'),
(2540, 2508067, 4, 28, 2, 9, 0, '2025-07-18 06:04:38'),
(2541, 2508068, 4, 28, 9, 10, 0, '2025-07-18 06:04:42'),
(2542, 2508069, 4, 28, 33, 13, 0, '2025-07-18 06:04:45'),
(2543, 2508070, 4, 28, 1, 11, 0, '2025-07-18 06:06:10'),
(2544, 2508071, 4, 28, 0, 7, 0, '2025-07-18 06:06:21'),
(2545, 2508072, 4, 28, 13, 12, 0, '2025-07-18 06:06:26'),
(2546, 2508073, 4, 28, 0, 14, 0, '2025-07-18 06:06:32'),
(2547, 2508074, 4, 28, 15, 8, 0, '2025-07-18 06:06:35'),
(2548, 2508075, 4, 28, 0, 10, 0, '2025-07-18 06:06:39'),
(2549, 2508076, 4, 28, 7, 11, 0, '2025-07-18 06:06:42'),
(2550, 2508077, 4, 28, 2, 12, 0, '2025-07-18 06:06:45'),
(2551, 2508078, 4, 28, 5, 10, 0, '2025-07-18 06:06:47'),
(2552, 2508079, 4, 28, 18, 10, 0, '2025-07-18 06:06:50'),
(2553, 2508080, 4, 28, 0, 7, 0, '2025-07-18 06:06:53'),
(2554, 2508081, 4, 28, 4, 11, 0, '2025-07-18 06:06:56'),
(2555, 2508082, 4, 28, 1, 8, 0, '2025-07-18 06:07:03'),
(2556, 2508083, 4, 28, 0, 10, 0, '2025-07-18 06:07:06'),
(2557, 2508084, 4, 28, 6, 12, 0, '2025-07-18 06:07:09'),
(2558, 2508085, 4, 28, 1, 7, 0, '2025-07-18 06:07:12'),
(2559, 2508086, 4, 28, 1, 14, 0, '2025-07-18 06:07:18'),
(2560, 2508087, 4, 28, 3, 9, 0, '2025-07-18 06:07:21'),
(2561, 2508088, 4, 28, 23, 14, 0, '2025-07-18 06:07:25'),
(2562, 2508089, 4, 28, 1, 11, 0, '2025-07-18 06:08:20'),
(2563, 2508090, 4, 28, 1, 9, 0, '2025-07-18 06:08:22'),
(2564, 2508091, 4, 28, 2, 11, 0, '2025-07-18 06:08:27'),
(2565, 2508092, 4, 28, 0, 6, 0, '2025-07-18 06:08:29'),
(2566, 2508093, 4, 28, 5, 12, 0, '2025-07-18 06:08:32'),
(2567, 2508094, 4, 28, 2, 6, 0, '2025-07-18 06:08:38'),
(2568, 2508095, 4, 28, 4, 13, 0, '2025-07-18 06:08:41'),
(2569, 2508096, 4, 28, 6, 10, 0, '2025-07-18 06:08:44'),
(2570, 2508097, 4, 28, 0, 10, 0, '2025-07-18 06:08:46'),
(2571, 2508098, 4, 28, 12, 20, 0, '2025-07-18 06:08:54'),
(2572, 2508099, 4, 28, 7, 14, 0, '2025-07-18 06:08:58'),
(2573, 2508100, 4, 28, 3, 8, 0, '2025-07-18 06:09:04'),
(2574, 2508101, 4, 28, 4, 11, 0, '2025-07-18 06:09:08'),
(2575, 2508102, 4, 28, 0, 7, 0, '2025-07-18 06:09:12'),
(2576, 2508103, 4, 28, 0, 12, 0, '2025-07-18 06:09:21'),
(2577, 2508104, 4, 28, 2, 12, 0, '2025-07-18 06:09:25'),
(2578, 2508105, 4, 28, 0, 7, 0, '2025-07-18 06:09:28'),
(2579, 2508106, 4, 28, 2, 12, 0, '2025-07-18 06:09:33'),
(2580, 2508107, 4, 28, 0, 7, 0, '2025-07-18 06:09:36'),
(2581, 2508108, 4, 28, 0, 8, 0, '2025-07-18 06:09:44'),
(2582, 2508150, 4, 28, 4, 14, 0, '2025-07-18 06:09:45'),
(2583, 2508109, 4, 28, 0, 7, 0, '2025-07-18 06:10:05'),
(2584, 2508110, 4, 28, 1, 9, 0, '2025-07-18 06:10:10'),
(2585, 2508111, 4, 28, 2, 10, 0, '2025-07-18 06:10:13'),
(2586, 2508112, 4, 28, 2, 5, 0, '2025-07-18 06:10:23'),
(2587, 2508113, 4, 28, 0, 0, 0, '2025-07-18 06:10:27'),
(2588, 2508114, 4, 28, 0, 10, 0, '2025-07-18 06:10:30'),
(2589, 2508115, 4, 28, 0, 6, 0, '2025-07-18 06:10:33'),
(2590, 2508116, 4, 28, 0, 9, 0, '2025-07-18 06:10:35'),
(2591, 2508117, 4, 28, 2, 8, 0, '2025-07-18 06:10:38'),
(2592, 2508118, 4, 28, 0, 8, 0, '2025-07-18 06:10:40'),
(2593, 2508119, 4, 28, 0, 0, 0, '2025-07-18 06:10:46'),
(2594, 2508120, 4, 28, 0, 6, 0, '2025-07-18 06:10:51'),
(2595, 2508121, 4, 28, 0, 9, 0, '2025-07-18 06:10:53'),
(2596, 2508122, 4, 28, 0, 11, 0, '2025-07-18 06:11:00'),
(2597, 2508123, 4, 28, 5, 14, 0, '2025-07-18 06:11:02'),
(2598, 2508124, 4, 28, 0, 9, 0, '2025-07-18 06:11:06'),
(2599, 2508125, 4, 28, 3, 7, 0, '2025-07-18 06:11:16'),
(2600, 2508126, 4, 28, 0, 11, 0, '2025-07-18 06:11:23'),
(2601, 2508127, 4, 28, 0, 8, 0, '2025-07-18 06:11:28'),
(2602, 2508128, 4, 28, 0, 12, 0, '2025-07-18 06:11:35'),
(2603, 2508129, 4, 28, 0, 8, 0, '2025-07-18 06:11:39'),
(2604, 2508130, 4, 28, 0, 6, 0, '2025-07-18 06:11:45'),
(2605, 2508131, 4, 28, 0, 6, 0, '2025-07-18 06:11:49'),
(2606, 2508132, 4, 28, 2, 13, 0, '2025-07-18 06:11:55'),
(2607, 2508133, 4, 28, 0, 12, 0, '2025-07-18 06:11:59'),
(2608, 2508134, 4, 28, 0, 10, 0, '2025-07-18 06:12:07'),
(2609, 2508135, 4, 28, 0, 0, 0, '2025-07-18 06:12:11'),
(2610, 2508136, 4, 28, 0, 6, 0, '2025-07-18 06:12:17'),
(2611, 2508137, 4, 28, 0, 11, 0, '2025-07-18 06:12:24'),
(2612, 2508138, 4, 28, 0, 8, 0, '2025-07-18 06:12:28'),
(2613, 2508139, 4, 28, 0, 9, 0, '2025-07-18 06:12:31'),
(2614, 2508140, 4, 28, 5, 8, 0, '2025-07-18 06:12:36'),
(2615, 2508141, 4, 28, 2, 3, 0, '2025-07-18 06:12:40'),
(2616, 2508142, 4, 28, 1, 9, 0, '2025-07-18 06:12:43'),
(2617, 2508143, 4, 28, 0, 10, 0, '2025-07-18 06:12:46'),
(2618, 2508144, 4, 28, 4, 8, 0, '2025-07-18 06:12:50'),
(2619, 2508145, 4, 28, 0, 0, 0, '2025-07-18 06:12:54'),
(2620, 2508146, 4, 28, 0, 9, 0, '2025-07-18 06:12:56'),
(2621, 2508147, 4, 28, 0, 0, 0, '2025-07-18 06:12:57'),
(2622, 2508148, 4, 28, 0, 8, 0, '2025-07-18 06:13:04'),
(2623, 2508151, 4, 28, 0, 0, 0, '2025-07-18 06:13:13'),
(2624, 2508152, 4, 28, 0, 0, 0, '2025-07-18 06:13:14'),
(2625, 2508153, 4, 28, 0, 6, 0, '2025-07-18 06:13:18'),
(2626, 2508001, 4, 30, 0, 0, 50, '2025-07-18 06:16:25'),
(2627, 2508002, 4, 30, 0, 0, 50, '2025-07-18 06:16:35'),
(2628, 2508003, 4, 30, 0, 0, 50, '2025-07-18 06:16:38'),
(2629, 2508004, 4, 30, 0, 0, 50, '2025-07-18 06:16:40'),
(2630, 2508005, 4, 30, 0, 0, 50, '2025-07-18 06:16:42'),
(2631, 2508006, 4, 30, 0, 0, 50, '2025-07-18 06:16:44'),
(2632, 2508007, 4, 30, 0, 0, 50, '2025-07-18 06:16:45'),
(2633, 2508008, 4, 30, 0, 0, 50, '2025-07-18 06:16:47'),
(2634, 2508009, 4, 30, 0, 0, 50, '2025-07-18 06:16:49'),
(2635, 2508010, 4, 30, 0, 0, 50, '2025-07-18 06:16:50'),
(2636, 2508011, 4, 30, 0, 0, 50, '2025-07-18 06:16:52'),
(2637, 2508012, 4, 30, 0, 0, 50, '2025-07-18 06:16:53'),
(2638, 2508013, 4, 30, 0, 0, 50, '2025-07-18 06:16:55'),
(2639, 2508014, 4, 30, 0, 0, 50, '2025-07-18 06:16:57'),
(2640, 2508015, 4, 30, 0, 0, 50, '2025-07-18 06:16:58'),
(2641, 2508016, 4, 30, 0, 0, 50, '2025-07-18 06:17:00'),
(2642, 2508017, 4, 30, 0, 0, 50, '2025-07-18 06:17:01'),
(2643, 2508018, 4, 30, 0, 0, 50, '2025-07-18 06:17:03'),
(2644, 2508019, 4, 30, 0, 0, 50, '2025-07-18 06:17:04'),
(2645, 2508020, 4, 30, 0, 0, 50, '2025-07-18 06:17:05'),
(2646, 2508021, 4, 30, 0, 0, 50, '2025-07-18 06:17:08'),
(2647, 2508022, 4, 30, 0, 0, 50, '2025-07-18 06:17:10'),
(2648, 2508023, 4, 30, 0, 0, 50, '2025-07-18 06:17:11'),
(2649, 2508024, 4, 30, 0, 0, 50, '2025-07-18 06:17:13'),
(2650, 2508025, 4, 30, 0, 0, 50, '2025-07-18 06:17:15'),
(2651, 2508026, 4, 30, 0, 0, 50, '2025-07-18 06:17:16'),
(2652, 2508027, 4, 30, 0, 0, 50, '2025-07-18 06:17:17'),
(2653, 2508028, 4, 30, 0, 0, 50, '2025-07-18 06:17:19'),
(2654, 2508029, 4, 30, 0, 0, 50, '2025-07-18 06:17:20'),
(2655, 2508030, 4, 30, 0, 0, 50, '2025-07-18 06:17:26'),
(2656, 2508031, 4, 30, 0, 0, 50, '2025-07-18 06:17:37'),
(2657, 2508032, 4, 30, 0, 0, 50, '2025-07-18 06:17:52'),
(2658, 2508149, 4, 30, 0, 0, 50, '2025-07-18 06:17:56'),
(2659, 2508150, 4, 30, 0, 0, 50, '2025-07-18 06:18:02'),
(2660, 2508033, 4, 30, 0, 0, 50, '2025-07-18 06:18:14'),
(2661, 2508034, 4, 30, 0, 0, 50, '2025-07-18 06:18:17'),
(2662, 2508035, 4, 30, 0, 0, 48, '2025-07-18 06:18:19'),
(2663, 2508036, 4, 30, 0, 0, 48, '2025-07-18 06:18:25'),
(2664, 2508037, 4, 30, 0, 0, 48, '2025-07-18 06:18:29'),
(2665, 2508038, 4, 30, 0, 0, 48, '2025-07-18 06:18:31'),
(2666, 2508039, 4, 30, 0, 0, 50, '2025-07-18 06:18:33'),
(2667, 2508040, 4, 30, 0, 0, 50, '2025-07-18 06:18:41'),
(2668, 2508041, 4, 30, 0, 0, 50, '2025-07-18 06:18:43'),
(2669, 2508042, 4, 30, 0, 0, 50, '2025-07-18 06:18:44'),
(2670, 2508043, 4, 30, 0, 0, 50, '2025-07-18 06:18:46'),
(2671, 2508044, 4, 30, 0, 0, 50, '2025-07-18 06:18:49'),
(2672, 2508045, 4, 30, 0, 0, 48, '2025-07-18 06:18:51'),
(2673, 2508046, 4, 30, 0, 0, 48, '2025-07-18 06:18:58'),
(2674, 2508047, 4, 30, 0, 0, 48, '2025-07-18 06:19:00'),
(2675, 2508048, 4, 30, 0, 0, 50, '2025-07-18 06:19:01'),
(2676, 2508049, 4, 30, 0, 0, 50, '2025-07-18 06:19:06'),
(2677, 2508050, 4, 30, 0, 0, 50, '2025-07-18 06:19:07'),
(2678, 2508051, 4, 30, 0, 0, 48, '2025-07-18 06:19:09'),
(2679, 2508052, 4, 30, 0, 0, 48, '2025-07-18 06:19:11'),
(2680, 2508053, 4, 30, 0, 0, 50, '2025-07-18 06:19:21'),
(2681, 2508054, 4, 30, 0, 0, 50, '2025-07-18 06:19:26'),
(2682, 2508055, 4, 30, 0, 0, 48, '2025-07-18 06:19:28'),
(2683, 2508056, 4, 30, 0, 0, 48, '2025-07-18 06:19:36'),
(2684, 2508057, 4, 30, 0, 0, 50, '2025-07-18 06:19:39'),
(2685, 2508058, 4, 30, 0, 0, 48, '2025-07-18 06:20:24'),
(2686, 2508059, 4, 30, 0, 0, 48, '2025-07-18 06:20:26'),
(2687, 2508060, 4, 30, 0, 0, 48, '2025-07-18 06:20:31'),
(2688, 2508061, 4, 30, 0, 0, 48, '2025-07-18 06:20:33'),
(2689, 2508062, 4, 30, 0, 0, 50, '2025-07-18 06:20:45'),
(2690, 2508063, 4, 30, 0, 0, 48, '2025-07-18 06:20:48'),
(2691, 2508064, 4, 30, 0, 0, 48, '2025-07-18 06:20:49'),
(2692, 2508065, 4, 30, 0, 0, 48, '2025-07-18 06:20:52'),
(2693, 2508066, 4, 30, 0, 0, 50, '2025-07-18 06:20:53'),
(2694, 2508067, 4, 30, 0, 0, 48, '2025-07-18 06:20:56'),
(2695, 2508068, 4, 30, 0, 0, 50, '2025-07-18 06:20:59'),
(2696, 2508069, 4, 30, 0, 0, 48, '2025-07-18 06:21:03'),
(2697, 2508070, 4, 30, 0, 0, 48, '2025-07-18 06:21:06'),
(2698, 2508071, 4, 30, 0, 0, 48, '2025-07-18 06:21:51'),
(2699, 2508072, 4, 30, 0, 0, 50, '2025-07-18 06:21:53'),
(2700, 2508073, 4, 30, 0, 0, 48, '2025-07-18 06:21:56'),
(2701, 2508074, 4, 30, 0, 0, 50, '2025-07-18 06:21:58'),
(2702, 2508075, 4, 30, 0, 0, 48, '2025-07-18 06:22:00'),
(2703, 2508076, 4, 30, 0, 0, 48, '2025-07-18 06:22:03'),
(2704, 2508077, 4, 30, 0, 0, 50, '2025-07-18 06:22:05'),
(2705, 2508078, 4, 30, 0, 0, 50, '2025-07-18 06:22:07'),
(2706, 2508079, 4, 30, 0, 0, 48, '2025-07-18 06:22:09'),
(2707, 2508080, 4, 30, 0, 0, 48, '2025-07-18 06:22:11'),
(2708, 2508081, 4, 30, 0, 0, 50, '2025-07-18 06:22:13'),
(2709, 2508082, 4, 30, 0, 0, 48, '2025-07-18 06:22:15'),
(2710, 2508083, 4, 30, 0, 0, 48, '2025-07-18 06:22:17'),
(2711, 2508084, 4, 30, 0, 0, 50, '2025-07-18 06:22:20'),
(2712, 2508085, 4, 30, 0, 0, 48, '2025-07-18 06:22:22'),
(2713, 2508086, 4, 30, 0, 0, 48, '2025-07-18 06:22:25'),
(2714, 2508087, 4, 30, 0, 0, 48, '2025-07-18 06:22:28'),
(2715, 2508088, 4, 30, 0, 0, 50, '2025-07-18 06:22:31'),
(2716, 2508089, 4, 30, 0, 0, 50, '2025-07-18 06:22:33'),
(2717, 2508090, 4, 30, 0, 0, 50, '2025-07-18 06:22:35'),
(2718, 2508091, 4, 30, 0, 0, 48, '2025-07-18 06:22:39'),
(2719, 2508092, 4, 30, 0, 0, 50, '2025-07-18 06:22:42'),
(2720, 2508093, 4, 30, 0, 0, 50, '2025-07-18 06:22:45'),
(2721, 2508094, 4, 30, 0, 0, 50, '2025-07-18 06:22:46'),
(2722, 2508095, 4, 30, 0, 0, 48, '2025-07-18 06:22:49'),
(2723, 2508096, 4, 30, 0, 0, 50, '2025-07-18 06:22:51'),
(2724, 2508097, 4, 30, 0, 0, 50, '2025-07-18 06:22:53'),
(2725, 2508098, 4, 30, 0, 0, 48, '2025-07-18 06:22:54'),
(2726, 2508099, 4, 30, 0, 0, 50, '2025-07-18 06:23:02'),
(2727, 2508100, 4, 30, 0, 0, 48, '2025-07-18 06:23:04'),
(2728, 2508101, 4, 30, 0, 0, 48, '2025-07-18 06:23:06'),
(2729, 2508102, 4, 30, 0, 0, 48, '2025-07-18 06:23:09');
INSERT INTO `marks` (`id`, `student_id`, `exam_id`, `subject_id`, `creative_marks`, `objective_marks`, `practical_marks`, `created_at`) VALUES
(2730, 2508103, 4, 30, 0, 0, 48, '2025-07-18 06:23:11'),
(2731, 2508104, 4, 30, 0, 0, 50, '2025-07-18 06:23:12'),
(2732, 2508105, 4, 30, 0, 0, 50, '2025-07-18 06:23:16'),
(2733, 2508106, 4, 30, 0, 0, 50, '2025-07-18 06:23:19'),
(2734, 2508107, 4, 30, 0, 0, 50, '2025-07-18 06:23:24'),
(2735, 2508108, 4, 30, 0, 0, 48, '2025-07-18 06:23:29'),
(2736, 2508109, 4, 30, 0, 0, 48, '2025-07-18 06:23:31'),
(2737, 2508151, 4, 30, 0, 0, 48, '2025-07-18 06:24:03'),
(2738, 2508110, 4, 30, 0, 0, 48, '2025-07-18 06:24:08'),
(2739, 2508111, 4, 30, 0, 0, 50, '2025-07-18 06:24:10'),
(2740, 2508112, 4, 30, 0, 0, 50, '2025-07-18 06:24:12'),
(2741, 2508113, 4, 30, 0, 0, 0, '2025-07-18 06:24:14'),
(2742, 2508114, 4, 30, 0, 0, 48, '2025-07-18 06:24:17'),
(2743, 2508115, 4, 30, 0, 0, 48, '2025-07-18 06:24:19'),
(2744, 2508116, 4, 30, 0, 0, 48, '2025-07-18 06:24:22'),
(2745, 2508117, 4, 30, 0, 0, 50, '2025-07-18 06:24:24'),
(2746, 2508118, 4, 30, 0, 0, 48, '2025-07-18 06:24:28'),
(2747, 2508119, 4, 30, 0, 0, 48, '2025-07-18 06:24:30'),
(2748, 2508120, 4, 30, 0, 0, 50, '2025-07-18 06:24:32'),
(2749, 2508121, 4, 30, 0, 0, 50, '2025-07-18 06:24:34'),
(2750, 2508122, 4, 30, 0, 0, 48, '2025-07-18 06:24:37'),
(2751, 2508123, 4, 30, 0, 0, 48, '2025-07-18 06:24:39'),
(2752, 2508124, 4, 30, 0, 0, 50, '2025-07-18 06:24:42'),
(2753, 2508125, 4, 30, 0, 0, 48, '2025-07-18 06:24:46'),
(2754, 2508126, 4, 30, 0, 0, 48, '2025-07-18 06:24:48'),
(2755, 2508127, 4, 30, 0, 0, 48, '2025-07-18 06:24:51'),
(2756, 2508128, 4, 30, 0, 0, 50, '2025-07-18 06:24:54'),
(2757, 2508129, 4, 30, 0, 0, 48, '2025-07-18 06:24:56'),
(2758, 2508130, 4, 30, 0, 0, 48, '2025-07-18 06:24:59'),
(2759, 2508131, 4, 30, 0, 0, 50, '2025-07-18 06:25:01'),
(2760, 2508132, 4, 30, 0, 0, 50, '2025-07-18 06:25:04'),
(2761, 2508133, 4, 30, 0, 0, 50, '2025-07-18 06:25:07'),
(2762, 2508134, 4, 30, 0, 0, 48, '2025-07-18 06:25:10'),
(2763, 2508135, 4, 30, 0, 0, 0, '2025-07-18 06:25:12'),
(2764, 2508136, 4, 30, 0, 0, 50, '2025-07-18 06:25:14'),
(2765, 2508137, 4, 30, 0, 0, 50, '2025-07-18 06:25:20'),
(2766, 2508138, 4, 30, 0, 0, 50, '2025-07-18 06:25:22'),
(2767, 2508139, 4, 30, 0, 0, 50, '2025-07-18 06:25:24'),
(2768, 2508140, 4, 30, 0, 0, 50, '2025-07-18 06:25:27'),
(2769, 2508141, 4, 30, 0, 0, 48, '2025-07-18 06:25:30'),
(2770, 2508142, 4, 30, 0, 0, 48, '2025-07-18 06:25:32'),
(2771, 2508143, 4, 30, 0, 0, 48, '2025-07-18 06:25:35'),
(2772, 2508144, 4, 30, 0, 0, 50, '2025-07-18 06:25:36'),
(2773, 2508145, 4, 30, 0, 0, 0, '2025-07-18 06:25:39'),
(2774, 2508146, 4, 30, 0, 0, 48, '2025-07-18 06:25:41'),
(2775, 2508147, 4, 30, 0, 0, 0, '2025-07-18 06:25:43'),
(2776, 2508148, 4, 30, 0, 0, 48, '2025-07-18 06:25:46'),
(2777, 2508001, 4, 29, 17, 0, 17, '2025-07-18 06:29:27'),
(2778, 2508002, 4, 29, 16, 0, 16, '2025-07-18 06:34:49'),
(2779, 2508003, 4, 29, 21, 0, 21, '2025-07-18 06:37:15'),
(2780, 2508004, 4, 29, 21, 0, 21, '2025-07-18 06:37:33'),
(2781, 2508005, 4, 29, 19, 0, 19, '2025-07-18 06:37:52'),
(2782, 2508006, 4, 29, 18, 0, 18, '2025-07-18 06:37:54'),
(2783, 2508007, 4, 29, 20, 0, 20, '2025-07-18 06:38:03'),
(2784, 2508008, 4, 29, 22, 0, 22, '2025-07-18 06:38:08'),
(2785, 2508009, 4, 29, 22, 0, 22, '2025-07-18 06:38:14'),
(2786, 2508010, 4, 29, 17, 0, 17, '2025-07-18 06:38:21'),
(2787, 2508011, 4, 29, 18, 0, 18, '2025-07-18 06:38:27'),
(2788, 2508012, 4, 29, 19, 0, 19, '2025-07-18 06:38:41'),
(2789, 2508013, 4, 29, 19, 0, 19, '2025-07-18 06:38:46'),
(2790, 2508014, 4, 29, 17, 0, 17, '2025-07-18 06:38:55'),
(2791, 2508015, 4, 29, 19, 0, 19, '2025-07-18 06:39:00'),
(2792, 2508016, 4, 29, 22, 0, 22, '2025-07-18 06:39:11'),
(2793, 2508017, 4, 29, 19, 0, 19, '2025-07-18 06:39:13'),
(2794, 2508018, 4, 29, 22, 0, 22, '2025-07-18 06:39:36'),
(2795, 2508019, 4, 29, 22, 0, 22, '2025-07-18 06:39:38'),
(2796, 2508020, 4, 29, 16, 0, 16, '2025-07-18 06:39:50'),
(2797, 2508021, 4, 29, 19, 0, 19, '2025-07-18 06:39:56'),
(2798, 2508022, 4, 29, 23, 0, 23, '2025-07-18 06:40:01'),
(2799, 2508023, 4, 29, 20, 0, 20, '2025-07-18 06:40:09'),
(2800, 2508024, 4, 29, 19, 0, 19, '2025-07-18 06:40:13'),
(2801, 2508025, 4, 29, 19, 0, 19, '2025-07-18 06:40:29'),
(2802, 2508026, 4, 29, 15, 0, 15, '2025-07-18 06:40:35'),
(2803, 2508027, 4, 29, 24, 0, 24, '2025-07-18 06:40:42'),
(2804, 2508028, 4, 29, 21, 0, 21, '2025-07-18 06:40:52'),
(2805, 2508029, 4, 29, 18, 0, 18, '2025-07-18 09:49:50'),
(2806, 2508030, 4, 29, 19, 0, 19, '2025-07-18 09:49:57'),
(2807, 2508031, 4, 29, 15, 0, 15, '2025-07-18 09:50:36'),
(2808, 2508149, 4, 29, 22, 0, 22, '2025-07-18 09:50:43'),
(2809, 2508032, 4, 29, 20, 0, 20, '2025-07-18 09:51:30'),
(2810, 2508033, 4, 29, 17, 0, 17, '2025-07-18 09:51:43'),
(2811, 2508034, 4, 29, 18, 0, 18, '2025-07-18 09:52:02'),
(2812, 2508035, 4, 29, 13, 0, 13, '2025-07-18 09:52:15'),
(2813, 2508036, 4, 29, 17, 0, 17, '2025-07-18 09:52:42'),
(2814, 2508037, 4, 29, 16, 0, 16, '2025-07-18 09:53:31'),
(2815, 2508038, 4, 29, 9, 0, 9, '2025-07-18 09:53:47'),
(2816, 2508039, 4, 29, 20, 0, 20, '2025-07-18 09:53:55'),
(2817, 2508040, 4, 29, 12, 0, 12, '2025-07-18 09:54:05'),
(2818, 2508041, 4, 29, 8, 0, 8, '2025-07-18 09:54:07'),
(2819, 2508042, 4, 29, 15, 0, 15, '2025-07-18 09:54:25'),
(2820, 2508043, 4, 29, 14, 0, 14, '2025-07-18 09:54:43'),
(2821, 2508044, 4, 29, 18, 0, 18, '2025-07-18 09:54:53'),
(2822, 2508045, 4, 29, 16, 0, 16, '2025-07-18 09:55:01'),
(2823, 2508046, 4, 29, 17, 0, 17, '2025-07-18 09:55:10'),
(2824, 2508047, 4, 29, 17, 0, 17, '2025-07-18 09:55:17'),
(2825, 2508048, 4, 29, 15, 0, 15, '2025-07-18 09:55:27'),
(2826, 2508049, 4, 29, 17, 0, 17, '2025-07-18 09:55:35'),
(2827, 2508050, 4, 29, 18, 0, 18, '2025-07-18 09:55:49'),
(2828, 2508051, 4, 29, 15, 0, 15, '2025-07-18 09:56:06'),
(2829, 2508052, 4, 29, 11, 0, 11, '2025-07-18 09:56:14'),
(2830, 2508053, 4, 29, 12, 0, 12, '2025-07-18 09:56:20'),
(2831, 2508054, 4, 29, 16, 0, 16, '2025-07-18 09:56:27'),
(2832, 2508055, 4, 29, 14, 0, 14, '2025-07-18 09:56:38'),
(2833, 2508056, 4, 29, 14, 0, 14, '2025-07-18 09:56:48'),
(2834, 2508057, 4, 29, 11, 0, 11, '2025-07-18 09:56:55'),
(2835, 2508058, 4, 29, 12, 0, 12, '2025-07-18 09:57:02'),
(2836, 2508059, 4, 29, 18, 0, 18, '2025-07-18 09:57:04'),
(2837, 2508060, 4, 29, 14, 0, 14, '2025-07-18 09:57:37'),
(2838, 2508061, 4, 29, 15, 0, 15, '2025-07-18 09:57:52'),
(2839, 2508062, 4, 29, 0, 0, 0, '2025-07-18 09:57:58'),
(2840, 2508063, 4, 29, 10, 0, 10, '2025-07-18 09:58:12'),
(2841, 2508064, 4, 29, 16, 0, 16, '2025-07-18 09:58:26'),
(2842, 2508065, 4, 29, 14, 0, 14, '2025-07-18 09:58:32'),
(2843, 2508066, 4, 29, 9, 0, 9, '2025-07-18 09:58:42'),
(2844, 2508067, 4, 29, 14, 0, 14, '2025-07-18 09:58:55'),
(2845, 2508068, 4, 29, 15, 0, 15, '2025-07-18 09:59:02'),
(2846, 2508069, 4, 29, 20, 0, 20, '2025-07-18 09:59:26'),
(2847, 2508070, 4, 29, 14, 0, 14, '2025-07-18 10:03:02'),
(2848, 2508071, 4, 29, 10, 0, 10, '2025-07-18 10:03:09'),
(2849, 2508072, 4, 29, 17, 0, 17, '2025-07-18 10:03:18'),
(2850, 2508073, 4, 29, 12, 0, 12, '2025-07-18 10:03:35'),
(2851, 2508074, 4, 29, 12, 0, 12, '2025-07-18 10:03:45'),
(2852, 2508075, 4, 29, 12, 0, 12, '2025-07-18 10:03:52'),
(2853, 2508076, 4, 29, 10, 0, 10, '2025-07-18 10:04:20'),
(2854, 2508077, 4, 29, 9, 0, 9, '2025-07-18 10:04:27'),
(2855, 2508078, 4, 29, 14, 0, 14, '2025-07-18 10:04:34'),
(2856, 2508079, 4, 29, 18, 0, 18, '2025-07-18 10:04:43'),
(2857, 2508080, 4, 29, 6, 0, 6, '2025-07-18 10:05:00'),
(2858, 2508081, 4, 29, 11, 0, 11, '2025-07-18 10:05:09'),
(2859, 2508082, 4, 29, 16, 0, 16, '2025-07-18 10:05:20'),
(2860, 2508083, 4, 29, 10, 0, 10, '2025-07-18 10:05:27'),
(2861, 2508084, 4, 29, 11, 0, 11, '2025-07-18 10:05:43'),
(2862, 2508085, 4, 29, 9, 0, 9, '2025-07-18 10:05:49'),
(2863, 2508086, 4, 29, 11, 0, 11, '2025-07-18 10:05:54'),
(2864, 2508087, 4, 29, 10, 0, 10, '2025-07-18 10:06:21'),
(2865, 2508088, 4, 29, 14, 0, 14, '2025-07-18 10:06:28'),
(2866, 2508089, 4, 29, 13, 0, 13, '2025-07-18 10:06:35'),
(2867, 2508090, 4, 29, 14, 0, 14, '2025-07-18 10:06:41'),
(2868, 2508091, 4, 29, 12, 0, 12, '2025-07-18 10:06:56'),
(2869, 2508092, 4, 29, 13, 0, 13, '2025-07-18 10:07:15'),
(2870, 2508093, 4, 29, 11, 0, 11, '2025-07-18 10:07:22'),
(2871, 2508094, 4, 29, 11, 0, 11, '2025-07-18 10:07:27'),
(2872, 2508095, 4, 29, 15, 0, 15, '2025-07-18 10:07:33'),
(2873, 2508096, 4, 29, 16, 0, 16, '2025-07-18 10:07:47'),
(2874, 2508097, 4, 29, 11, 0, 11, '2025-07-18 10:07:54'),
(2875, 2508098, 4, 29, 12, 0, 12, '2025-07-18 10:08:14'),
(2876, 2508099, 4, 29, 15, 0, 15, '2025-07-18 10:08:28'),
(2877, 2508100, 4, 29, 14, 0, 14, '2025-07-18 10:08:36'),
(2878, 2508101, 4, 29, 15, 0, 15, '2025-07-18 10:08:45'),
(2879, 2508102, 4, 29, 9, 0, 9, '2025-07-18 10:08:52'),
(2880, 2508103, 4, 29, 10, 0, 10, '2025-07-18 10:09:26'),
(2881, 2508104, 4, 29, 15, 0, 15, '2025-07-18 10:09:54'),
(2882, 2508105, 4, 29, 12, 0, 12, '2025-07-18 10:10:18'),
(2883, 2508106, 4, 29, 15, 0, 15, '2025-07-18 10:10:27'),
(2884, 2508107, 4, 29, 9, 0, 9, '2025-07-18 10:12:13'),
(2885, 2508108, 4, 29, 10, 0, 10, '2025-07-18 10:12:34'),
(2886, 2508150, 4, 29, 12, 0, 12, '2025-07-18 10:12:39'),
(2887, 2508151, 4, 29, 15, 0, 15, '2025-07-18 10:12:45'),
(2888, 2508152, 4, 29, 9, 0, 9, '2025-07-18 10:12:54'),
(2889, 2508153, 4, 29, 4, 0, 4, '2025-07-18 10:13:03'),
(2890, 2508109, 4, 29, 11, 0, 11, '2025-07-18 10:14:05'),
(2891, 2508110, 4, 29, 12, 0, 12, '2025-07-18 10:14:11'),
(2892, 2508111, 4, 29, 16, 0, 16, '2025-07-18 10:14:17'),
(2893, 2508112, 4, 29, 10, 0, 10, '2025-07-18 10:14:24'),
(2894, 2508113, 4, 29, 0, 0, 0, '2025-07-18 10:14:53'),
(2895, 2508114, 4, 29, 9, 0, 9, '2025-07-18 10:14:58'),
(2896, 2508115, 4, 29, 11, 0, 11, '2025-07-18 10:15:06'),
(2897, 2508116, 4, 29, 10, 0, 10, '2025-07-18 10:15:11'),
(2898, 2508117, 4, 29, 13, 0, 13, '2025-07-18 10:15:17'),
(2899, 2508118, 4, 29, 7, 0, 7, '2025-07-18 10:15:25'),
(2900, 2508119, 4, 29, 17, 0, 17, '2025-07-18 10:15:40'),
(2901, 2508120, 4, 29, 7, 0, 7, '2025-07-18 10:15:51'),
(2902, 2508121, 4, 29, 15, 0, 15, '2025-07-18 10:15:58'),
(2903, 2508122, 4, 29, 11, 0, 11, '2025-07-18 10:16:14'),
(2904, 2508123, 4, 29, 11, 0, 11, '2025-07-18 10:16:16'),
(2905, 2508124, 4, 29, 10, 0, 10, '2025-07-18 10:16:25'),
(2906, 2508125, 4, 29, 15, 0, 15, '2025-07-18 10:17:13'),
(2907, 2508126, 4, 29, 10, 0, 10, '2025-07-18 10:17:25'),
(2908, 2508127, 4, 29, 11, 0, 11, '2025-07-18 10:17:29'),
(2909, 2508128, 4, 29, 7, 0, 7, '2025-07-18 10:17:35'),
(2910, 2508129, 4, 29, 10, 0, 10, '2025-07-18 10:17:41'),
(2911, 2508130, 4, 29, 10, 0, 10, '2025-07-18 10:17:49'),
(2912, 2508131, 4, 29, 5, 0, 5, '2025-07-18 10:17:57'),
(2913, 2508132, 4, 29, 12, 0, 12, '2025-07-18 10:18:03'),
(2914, 2508133, 4, 29, 8, 0, 8, '2025-07-18 10:18:13'),
(2915, 2508134, 4, 29, 9, 0, 9, '2025-07-18 10:18:18'),
(2916, 2508135, 4, 29, 0, 0, 0, '2025-07-18 10:18:22'),
(2917, 2508136, 4, 29, 11, 0, 11, '2025-07-18 10:18:39'),
(2918, 2508137, 4, 29, 9, 0, 9, '2025-07-18 10:18:46'),
(2919, 2508138, 4, 29, 14, 0, 14, '2025-07-18 10:18:55'),
(2920, 2508139, 4, 29, 8, 0, 8, '2025-07-18 10:19:04'),
(2921, 2508140, 4, 29, 11, 0, 11, '2025-07-18 10:19:13'),
(2922, 2508141, 4, 29, 8, 0, 8, '2025-07-18 10:19:22'),
(2923, 2508142, 4, 29, 13, 0, 13, '2025-07-18 10:19:30'),
(2924, 2508143, 4, 29, 7, 0, 7, '2025-07-18 10:19:36'),
(2925, 2508144, 4, 29, 15, 0, 15, '2025-07-18 10:19:43'),
(2926, 2508145, 4, 29, 0, 0, 0, '2025-07-18 10:19:56'),
(2927, 2508146, 4, 29, 16, 0, 16, '2025-07-18 10:20:00'),
(2928, 2508147, 4, 29, 0, 0, 0, '2025-07-18 10:20:04'),
(2929, 2508148, 4, 29, 11, 0, 11, '2025-07-18 10:20:09'),
(2930, 2508152, 4, 30, 0, 0, 48, '2025-07-21 17:37:32'),
(2931, 2508153, 4, 30, 0, 0, 48, '2025-07-21 17:37:34');

-- --------------------------------------------------------

--
-- Table structure for table `results`
--

CREATE TABLE `results` (
  `id` int(11) NOT NULL,
  `student_id` int(11) DEFAULT NULL,
  `exam_id` int(11) DEFAULT NULL,
  `subject_id` int(11) DEFAULT NULL,
  `marks` int(11) DEFAULT NULL,
  `grade` varchar(5) DEFAULT NULL
) ENGINE=InnoDB DEFAULT CHARSET=utf8mb4 COLLATE=utf8mb4_general_ci;

-- --------------------------------------------------------

--
-- Table structure for table `routines`
--

CREATE TABLE `routines` (
  `id` int(11) NOT NULL,
  `class_id` int(11) DEFAULT NULL,
  `subject` varchar(100) DEFAULT NULL,
  `day` varchar(20) DEFAULT NULL,
  `start_time` time DEFAULT NULL,
  `end_time` time DEFAULT NULL,
  `teacher_id` int(11) DEFAULT NULL
) ENGINE=InnoDB DEFAULT CHARSET=utf8mb4 COLLATE=utf8mb4_general_ci;

-- --------------------------------------------------------

--
-- Table structure for table `sections`
--

CREATE TABLE `sections` (
  `id` int(11) NOT NULL,
  `section_name` varchar(50) NOT NULL,
  `class_id` int(11) NOT NULL
) ENGINE=InnoDB DEFAULT CHARSET=utf8mb4 COLLATE=utf8mb4_general_ci;

--
-- Dumping data for table `sections`
--

INSERT INTO `sections` (`id`, `section_name`, `class_id`) VALUES
(1, 'A', 1),
(2, 'B', 1),
(3, 'A', 2),
(4, 'B', 2),
(5, 'A', 3),
(6, 'B', 3),
(7, 'A', 4),
(8, 'B', 4),
(9, 'A', 5),
(10, 'B', 5),
(11, 'C', 1),
(12, 'D', 1),
(13, 'C', 2),
(14, 'D', 2),
(15, 'C', 3),
(16, 'D', 3),
(17, 'C', 4),
(18, 'C', 5);

-- --------------------------------------------------------

--
-- Table structure for table `students`
--

CREATE TABLE `students` (
  `id` int(11) NOT NULL,
  `student_id` int(20) DEFAULT NULL,
  `roll_no` int(10) DEFAULT NULL,
  `student_name` varchar(100) CHARACTER SET utf8mb4 COLLATE utf8mb4_general_ci DEFAULT NULL,
  `father_name` varchar(100) CHARACTER SET utf8mb4 COLLATE utf8mb4_general_ci DEFAULT NULL,
  `mother_name` varchar(100) CHARACTER SET utf8mb4 COLLATE utf8mb4_general_ci DEFAULT NULL,
  `gender` varchar(10) CHARACTER SET utf8mb4 COLLATE utf8mb4_general_ci DEFAULT NULL,
  `mobile_no` varchar(20) CHARACTER SET utf8mb4 COLLATE utf8mb4_general_ci DEFAULT NULL,
  `religion` varchar(50) CHARACTER SET utf8mb4 COLLATE utf8mb4_general_ci DEFAULT NULL,
  `nationality` varchar(50) CHARACTER SET utf8mb4 COLLATE utf8mb4_general_ci DEFAULT NULL,
  `date_of_birth` date DEFAULT NULL,
  `blood_group` varchar(10) CHARACTER SET utf8mb4 COLLATE utf8mb4_general_ci DEFAULT NULL,
  `village` varchar(100) CHARACTER SET utf8mb4 COLLATE utf8mb4_general_ci DEFAULT NULL,
  `post_office` varchar(100) CHARACTER SET utf8mb4 COLLATE utf8mb4_general_ci DEFAULT NULL,
  `upazilla` varchar(100) CHARACTER SET utf8mb4 COLLATE utf8mb4_general_ci DEFAULT NULL,
  `district` varchar(100) CHARACTER SET utf8mb4 COLLATE utf8mb4_general_ci DEFAULT NULL,
  `status` enum('Active','Inactive') CHARACTER SET utf8mb4 COLLATE utf8mb4_general_ci DEFAULT 'Active',
  `class_id` int(20) DEFAULT NULL,
  `section_id` int(10) DEFAULT NULL,
  `student_group` varchar(20) CHARACTER SET utf8mb4 COLLATE utf8mb4_general_ci DEFAULT NULL,
  `year` year(4) DEFAULT NULL,
  `photo` varchar(255) CHARACTER SET utf8mb4 COLLATE utf8mb4_general_ci DEFAULT NULL
) ENGINE=InnoDB DEFAULT CHARSET=utf8mb4 COLLATE=utf8mb4_unicode_ci;

--
-- Dumping data for table `students`
--

INSERT INTO `students` (`id`, `student_id`, `roll_no`, `student_name`, `father_name`, `mother_name`, `gender`, `mobile_no`, `religion`, `nationality`, `date_of_birth`, `blood_group`, `village`, `post_office`, `upazilla`, `district`, `status`, `class_id`, `section_id`, `student_group`, `year`, `photo`) VALUES
(1, 2507001, 1, 'Al Zuraij Digonto', 'Md Shoriful Islam ', 'Mst Lipira', 'Male', '1726576246', 'Islam', 'Bangladeshi', '0000-00-00', '', 'Terail', '', 'Gangni', 'Meherpur', 'Active', 2, 1, 'none', '2025', ''),
(2, 2507002, 3, 'Huzaifa Khatun', 'Md Ashraful Islam', 'Mst Asjeda Khatun', 'Female', '1311853201', 'Islam', 'Bangladeshi', '0000-00-00', '', 'Bharat', '', 'Gangni', 'Meherpur', 'Active', 2, 1, 'none', '2025', ''),
(3, 2507003, 5, 'Hossain Mohammad ', 'Md Zia', 'Mst Lipa Khatun', 'Male', '1797958518', 'Islam', 'Bangladeshi', '0000-00-00', '', 'Jorepukuria', '', 'Gangni', 'Meherpur', 'Active', 2, 1, 'none', '2025', ''),
(4, 2507004, 6, 'Md Shamin Reza Sizan ', 'Minarul Houqe', 'Sbajani Khatun', 'Male', '1742048841', 'Islam', 'Bangladeshi', '0000-00-00', '', 'Terail', '', 'Gangni', 'Meherpur', 'Active', 2, 1, 'none', '2025', ''),
(5, 2507005, 7, 'Mst Ajmira Tabassum Akhi', 'Md Anwar Hossain', 'Mst Bulbuly Khatun', 'Female', '1964459984', 'Islam', 'Bangladeshi', '0000-00-00', '', 'Terail', '', 'Gangni', 'Meherpur', 'Active', 2, 1, 'none', '2025', ''),
(6, 2507006, 8, 'Mst Moriun Khatun', 'Md Raital Hossain', 'Mst Shakila Khatun', 'Female', '1710034831', 'Islam', 'Bangladeshi', '0000-00-00', '', 'Jorepukuria', '', 'Gangni', 'Meherpur', 'Active', 2, 1, 'none', '2025', ''),
(7, 2507007, 9, 'Md Rafid Islam', 'Md Khairul Islam', 'Mst Farjana Akter', 'Male', '1797110788', 'Islam', 'Bangladeshi', '0000-00-00', '', 'Debipur', '', 'Gangni', 'Meherpur', 'Active', 2, 1, 'none', '2025', ''),
(8, 2507008, 10, 'Md Mustakim Mahmud ', 'Md Mohon Ali', 'Mst Beautyara Khatun', 'Male', '1765657026', 'Islam', 'Bangladeshi', '0000-00-00', '', 'Nishipur', '', 'Gangni', 'Meherpur', 'Active', 2, 1, 'none', '2025', ''),
(9, 2507009, 11, 'Md Anik Husain', 'Md Soraar Rahaman', 'Mst Rumia Khatun', 'Male', '1788860874', 'Islam', 'Bangladeshi', '0000-00-00', '', 'Bhomordah', '', 'Gangni', 'Meherpur', 'Active', 2, 1, 'none', '2025', ''),
(10, 2507010, 12, 'Md Jonaied Hossain', 'Md Enamul Hoque', 'Mst Asma Khatun', 'Male', '1710012165', 'Islam', 'Bangladeshi', '0000-00-00', '', 'Terail', '', 'Gangni', 'Meherpur', 'Active', 2, 1, 'none', '2025', ''),
(11, 2507011, 13, 'Mukti ', 'Md Fozlu', 'Mst Papia', 'Female', '1324567945', 'Islam', 'Bangladeshi', '0000-00-00', '', 'Terail', '', 'Gangni', 'Meherpur', 'Active', 2, 1, 'none', '2025', ''),
(12, 2507012, 14, 'Mst Maya Khatun', 'Md Shefaul Islam', 'Mst Rabia Khatun', 'Female', '1752464798', 'Islam', 'Bangladeshi', '0000-00-00', '', 'Bhomordah', '', 'Gangni', 'Meherpur', 'Active', 2, 1, 'none', '2025', ''),
(13, 2507013, 15, 'Md Hossain', 'Md Mukul Hossain', 'Mst Masura Khatun', 'Male', '1311861113', 'Islam', 'Bangladeshi', '0000-00-00', '', 'Durlovpur', '', 'Gangni', 'Meherpur', 'Active', 2, 1, 'none', '2025', ''),
(14, 2507014, 16, 'Israt Jahan Dipty', 'Md Kamal Hossain', 'Nasrin Aktar', 'Female', '1751013365', 'Islam', 'Bangladeshi', '0000-00-00', '', 'Jorepukuria', '', 'Gangni', 'Meherpur', 'Active', 2, 1, 'none', '2025', ''),
(15, 2507015, 17, 'Md Saif Biswas', 'Md Bashar Ali', 'Mst Rupali Khatun', 'Male', '1747503402', 'Islam', 'Bangladeshi', '0000-00-00', '', 'Chatian', '', 'Gangni', 'Meherpur', 'Active', 2, 1, 'none', '2025', ''),
(16, 2507016, 18, 'Mst Tasnim Nurani Mahi', 'Md Mominul Islam', 'Mst munni Khatun', 'Female', '1769337675', 'Islam', 'Bangladeshi', '0000-00-00', '', 'Terail', '', 'Gangni', 'Meherpur', 'Active', 2, 1, 'none', '2025', ''),
(18, 2507018, 21, 'Md Naeem Hossain', 'Md Tufazzel Hossain', 'Mst Sharimin Jahan', 'Male', '1758559823', 'Islam', 'Bangladeshi', '0000-00-00', '', 'Shaherbati', '', 'Gangni', 'Meherpur', 'Active', 2, 1, 'none', '2025', ''),
(19, 2507019, 23, 'Mst Azmita Khatun', 'Md Asadul Islam', 'Mst Merina Khatun', 'Female', '1737861935', 'Islam', 'Bangladeshi', '0000-00-00', '', 'Terail', '', 'Gangni', 'Meherpur', 'Active', 2, 1, 'none', '2025', ''),
(20, 2507020, 24, 'Mst Sonali Khatun', 'Md Zamirul Islam', 'Mst Rekha Khatun', 'Female', '1720140686', 'Islam', 'Bangladeshi', '0000-00-00', '', 'Bhomordah', '', 'Gangni', 'Meherpur', 'Active', 2, 1, 'none', '2025', ''),
(21, 2507021, 25, 'Mst Roja Farjana', 'Md Alamgir Hossan', 'Mst Rehana Parvin', 'Female', '1918415883', 'Islam', 'Bangladeshi', '0000-00-00', '', 'Palashipara', '', 'Gangni', 'Meherpur', 'Active', 2, 1, 'none', '2025', ''),
(22, 2507022, 26, 'Mst Khadijatul Kubra', 'Md Mijanur Rahman', 'Mst Elorata Tabassum Sompa', 'Female', '1766232678', 'Islam', 'Bangladeshi', '0000-00-00', '', 'Khahtodah', '', 'Gangni', 'Meherpur', 'Active', 2, 1, 'none', '2025', ''),
(23, 2507023, 27, 'Mst Jummeara Khatun', 'Md Nobisuddin', 'Mst Julekha Khatun', 'Female', '1749534809', 'Islam', 'Bangladeshi', '0000-00-00', '', 'Bhomordah', '', 'Gangni', 'Meherpur', 'Active', 2, 1, 'none', '2025', ''),
(24, 2507024, 28, 'Waliullah Ferdous ', 'Md Nurunnobi', 'Mst Sufia Ferdous', 'Male', '', 'Islam', 'Bangladeshi', '0000-00-00', '', 'Jorepukuria', '', 'Gangni', 'Meherpur', 'Active', 2, 1, 'none', '2025', ''),
(25, 2507025, 29, 'Md Khadiza Khatun', 'Md Lalon Islam', 'Mst Angura Khatun', 'Female', '1794207199', 'Islam', 'Bangladeshi', '0000-00-00', '', 'Jorepukuria', '', 'Gangni', 'Meherpur', 'Active', 2, 1, 'none', '2025', ''),
(26, 2507026, 30, 'Mst Samia Afrin', 'Md Shahabuddin Ahmed', 'Mst Razia Sultana', 'Female', '1761916052', 'Islam', 'Bangladeshi', '0000-00-00', '', 'Bhomordah', '', 'Gangni', 'Meherpur', 'Active', 2, 1, 'none', '2025', ''),
(27, 2507027, 31, 'Md Tahosan Habib', 'Md Mazibul Islam', 'Mst Abida Sultana', 'Male', '1863420710', 'Islam', 'Bangladeshi', '0000-00-00', '', 'Terail', '', 'Gangni', 'Meherpur', 'Active', 2, 1, 'none', '2025', ''),
(28, 2507028, 32, 'Md Ahosanul Haque Turzo', 'Md Mahibul Islam', 'Mst Hasina Khatun', 'Male', '1744284944', 'Islam', 'Bangladeshi', '0000-00-00', '', 'Debipur', '', 'Gangni', 'Meherpur', 'Active', 2, 1, 'none', '2025', ''),
(29, 2507029, 33, 'Md Siam Hossain', 'Md Mohibul Islam', 'Mst Shahanaz Pervin', 'Male', '1729444349', 'Islam', 'Bangladeshi', '0000-00-00', '', 'Bharat', '', 'Gangni', 'Meherpur', 'Active', 2, 1, 'none', '2025', ''),
(30, 2507030, 34, 'Nusrat Jahan Jui', 'Md Ziaur Rahoman', 'Mst Aseya Akter', 'Female', '1304597144', 'Islam', 'Bangladeshi', '0000-00-00', '', 'Terail', '', 'Gangni', 'Meherpur', 'Active', 2, 1, 'none', '2025', ''),
(31, 2507031, 35, 'Mst Jerin Akter Liza', 'Md Zahidul Islam', 'Mst Laboni Khatun', 'Female', '1774790642', 'Islam', 'Bangladeshi', '0000-00-00', '', 'Koraigachi ', '', 'Gangni', 'Meherpur', 'Active', 2, 1, 'none', '2025', ''),
(32, 2507032, 36, 'Md Sijan Hossain', 'Md Shamim Reza', 'Mst Sila', 'Male', '1759370865', 'Islam', 'Bangladeshi', '0000-00-00', '', 'Jorepukuria', '', 'Gangni', 'Meherpur', 'Active', 2, 1, 'none', '2025', ''),
(33, 2507033, 37, 'Mst Adiba Siddika Shama', 'Siddkur Rahman', 'Mst Samsunnahar', 'Female', '1795946073', 'Islam', 'Bangladeshi', '0000-00-00', '', 'Terail', '', 'Gangni', 'Meherpur', 'Active', 2, 1, 'none', '2025', ''),
(34, 2507034, 38, 'Mst Rimi Khatun', 'Md Safirul Islam', 'Mst Hafija Khatun', 'Female', '1730625918', 'Islam', 'Bangladeshi', '0000-00-00', '', 'Bhomordah', '', 'Gangni', 'Meherpur', 'Active', 2, 1, 'none', '2025', ''),
(35, 2507035, 40, 'Md Riad Hossain', 'Md Jewel Rana', 'Rumy', 'Male', '1928062041', 'Islam', 'Bangladeshi', '0000-00-00', '', 'Terail', '', 'Gangni', 'Meherpur', 'Active', 2, 1, 'none', '2025', ''),
(36, 2507036, 57, 'Md Farhan Sadik ', 'Md Isaruddin ', 'Mst Sonia Khatun', 'Male', '1719969205', 'Islam', 'Bangladeshi', '0000-00-00', '', 'Mailmary', '', 'Gangni', 'Meherpur', 'Active', 2, 1, 'none', '2025', ''),
(37, 2507037, 92, 'Priyo', '', '', '', '', '', '', '0000-00-00', '', '', '', 'Gangni', 'Meherpur', 'Active', 2, 1, 'none', '2025', ''),
(38, 2507038, 131, 'Sabbir', '', '', '', '', '', '', '0000-00-00', '', '', '', 'Gangni', 'Meherpur', 'Active', 2, 1, 'none', '2025', ''),
(39, 2507039, 147, 'Md Jubaer All Fahim', 'Md Motiur Rahman', 'Mst Rexsona Khatun', 'Male', '1782331530', 'Islam', 'Bangladeshi', '0000-00-00', '', 'Kodailkati', '', 'Gangni', 'Meherpur', 'Active', 2, 1, 'none', '2025', ''),
(40, 2507040, 41, 'Md Asib Islam', 'Md Awal Hossain ', 'Mst Mazura Khatun', 'Male', '1743695393', 'Islam', 'Bangladeshi', '0000-00-00', '', 'Shalotaka ', '', 'Gangni', 'Meherpur', 'Active', 2, 2, 'none', '2025', ''),
(41, 2507041, 42, 'Md Chondon Ahamed Modhu', 'Md Osman Goni', 'Mst Champa Khatun', 'Male', '1714759524', 'Islam', 'Bangladeshi', '0000-00-00', '', 'Akubpur', '', 'Gangni', 'Meherpur', 'Active', 2, 2, 'none', '2025', ''),
(42, 2507042, 43, 'Md Rahid Hasan', 'Md Abdur Roshid', 'Mst Halima Khatun', 'Male', '1786286167', 'Islam', 'Bangladeshi', '0000-00-00', '', 'Motmura', '', 'Gangni', 'Meherpur', 'Active', 2, 2, 'none', '2025', ''),
(43, 2507043, 44, 'Sumaya Akter Fatema ', 'Md Momin Hossain', 'Mst Pervin Khatun', 'Female', '1764629224', 'Islam', 'Bangladeshi', '0000-00-00', '', 'Jorepukuria', '', 'Gangni', 'Meherpur', 'Active', 2, 2, 'none', '2025', ''),
(44, 2507044, 45, 'Sadia', 'Md Ikbal Hossain', 'Mst Beliara', 'Female', '1851632987', 'Islam', 'Bangladeshi', '0000-00-00', '', 'Jorepukuria', '', 'Gangni', 'Meherpur', 'Active', 2, 2, 'none', '2025', ''),
(45, 2507045, 46, 'Md Toufik Alihy', 'Md Shaker Ali', 'Mst Bobita Khatun', 'Male', '1759019643', 'Islam', 'Bangladeshi', '0000-00-00', '', 'Debipur', '', 'Gangni', 'Meherpur', 'Active', 2, 2, 'none', '2025', ''),
(46, 2507046, 47, 'Mst Fatema Khatun Joly', 'Md Mozammel Hoque', 'Mst Sharmin Akter', 'Female', '1995874439', 'Islam', 'Bangladeshi', '0000-00-00', '', 'Moheshpur', '', 'Gangni', 'Meherpur', 'Active', 2, 2, 'none', '2025', ''),
(47, 2507047, 48, 'Tajmeer Ahmed Zeemon', 'Md Zahid Hossain', 'Mst Nazmunnahar', 'Male', '1703659390', 'Islam', 'Bangladeshi', '0000-00-00', '', 'Jorepukuria', '', 'Gangni', 'Meherpur', 'Active', 2, 2, 'none', '2025', ''),
(48, 2507048, 49, 'Md Arafat Hossain', 'Md Milon Hoque', 'Mst Anamika', 'Male', '1986360467', 'Islam', 'Bangladeshi', '0000-00-00', '', 'Simultola', '', 'Gangni', 'Meherpur', 'Active', 2, 2, 'none', '2025', ''),
(49, 2507049, 50, 'Naime Sad ', 'Md Mizanur Rahman', 'Mst Rikta Khatun', 'Male', '1776321074', 'Islam', 'Bangladeshi', '0000-00-00', '', 'Chargwalgram', '', 'Gangni', 'Meherpur', 'Active', 2, 2, 'none', '2025', ''),
(50, 2507050, 51, 'Md Shihab Ali', 'Md Abdul Haque', 'Mst Sonea Khatun', 'Male', '1706175642', 'Islam', 'Bangladeshi', '0000-00-00', '', 'Shahatabaria Manikdia', '', 'Gangni', 'Meherpur', 'Active', 2, 2, 'none', '2025', ''),
(51, 2507051, 52, 'Jubayer Hasan Antor', 'Md Tutul Ali', 'Mst Anjira Khatun', 'Male', '1301727984', 'Islam', 'Bangladeshi', '0000-00-00', '', 'Bharat', '', 'Gangni', 'Meherpur', 'Active', 2, 2, 'none', '2025', ''),
(52, 2507052, 53, 'Umme Sinthiya ', 'Taruk Hossain', 'Mst Lipia Khatun', 'Female', '1321954110', 'Islam', 'Bangladeshi', '0000-00-00', '', 'Terail ', '', 'Gangni', 'Meherpur', 'Active', 2, 2, 'none', '2025', ''),
(53, 2507053, 54, 'Mst Jannati Mowa Tasnim', 'Mohammad Tofazzal Hossain', 'Mst Nazma Khatun', 'Female', '1726113991', 'Islam', 'Bangladeshi', '0000-00-00', '', 'Terail ', '', 'Gangni', 'Meherpur', 'Active', 2, 2, 'none', '2025', ''),
(54, 2507054, 55, 'Mst Shamima Akter ', 'Md Shamin Hossain', 'Mst Nazma Khatun', 'Female', '1703943332', 'Islam', 'Bangladeshi', '0000-00-00', '', 'Terail ', '', 'Gangni', 'Meherpur', 'Active', 2, 2, 'none', '2025', ''),
(55, 2507055, 56, 'Md Siam Ahmed Tonmoy ', 'Md Tajmul Haque ', 'Mst Suzila Akter Shila', 'Male', '1786084176', 'Islam', 'Bangladeshi', '0000-00-00', '', 'Kodailkati', '', 'Gangni', 'Meherpur', 'Active', 2, 2, 'none', '2025', ''),
(56, 2507056, 58, 'Farhan Ahmed', '', '', '', '', '', '', '0000-00-00', '', '', '', 'Gangni', 'Meherpur', 'Active', 2, 2, 'none', '2025', ''),
(57, 2507057, 59, 'Fahmida Akhtar Afiya', 'Md Anisur Rahman', 'Mst Nilufa Iasmin', 'Female', '1718973975', 'Islam', 'Bangladeshi', '0000-00-00', '', 'Jorepukuria', '', 'Gangni', 'Meherpur', 'Active', 2, 2, 'none', '2025', ''),
(58, 2507058, 60, 'Md Shakibul Hasan', 'Md Zamsad Ali', 'Mst Rozina Khatun', 'Male', '1718973975', 'Islam', 'Bangladeshi', '0000-00-00', '', 'Munda', '', 'Gangni', 'Meherpur', 'Active', 2, 2, 'none', '2025', ''),
(59, 2507059, 61, 'Mst Fahmida Akter Habiba', 'Md Babul Hossain', 'Mst Momotaz Khatun', 'Female', '1701826211', 'Islam', 'Bangladeshi', '0000-00-00', '', 'Sholotaka', '', 'Gangni', 'Meherpur', 'Active', 2, 2, 'none', '2025', ''),
(60, 2507060, 62, 'Md Israful Hossain', 'Md Ekshad Ali', 'Mst Doliara Khatun', 'Male', '1774346709', 'Islam', 'Bangladeshi', '0000-00-00', '', 'Bharat', '', 'Gangni', 'Meherpur', 'Active', 2, 2, 'none', '2025', ''),
(61, 2507061, 63, 'Mst Habiba Khatun', 'Md Habibur Rahman', 'Mst Shirina Begum', 'Female', '1864752033', 'Islam', 'Bangladeshi', '0000-00-00', '', 'Jorepukuria', '', 'Gangni', 'Meherpur', 'Active', 2, 2, 'none', '2025', ''),
(62, 2507062, 64, 'Md Jisan Ahmed', 'Md Mojidul Haque', 'Mst Lably Khatun', 'Male', '1522104362', 'Islam', 'Bangladeshi', '0000-00-00', '', 'Munda', '', 'Gangni', 'Meherpur', 'Active', 2, 2, 'none', '2025', ''),
(63, 2507063, 65, 'Mst Sadiya Khatun', 'Md Abbul Kalam Ajad', 'Mst Masura Khatun', 'Female', '1320630207', 'Islam', 'Bangladeshi', '0000-00-00', '', 'Shohorabaria', '', 'Gangni', 'Meherpur', 'Active', 2, 2, 'none', '2025', ''),
(64, 2507064, 66, 'MD Ramim Rakat', 'Md Tipu Shak', 'Mst Rumana Yesmim Ruma', 'Male', '1892864563', 'Islam', 'Bangladeshi', '0000-00-00', '', 'Chargwalgram', '', 'Gangni', 'Meherpur', 'Active', 2, 2, 'none', '2025', ''),
(65, 2507065, 67, 'Md Raihan', 'Md Abdus Salam', 'Mst Rubina Khatun', 'Male', '1893272132', 'Islam', 'Bangladeshi', '0000-00-00', '', 'Jorepukuria', '', 'Gangni', 'Meherpur', 'Active', 2, 2, 'none', '2025', ''),
(66, 2507066, 68, 'Mst Nusrat Jahan Rusha ', 'Md Basad Aloi', 'Mst Shahida Khatun', 'Female', '1818013423', 'Islam', 'Bangladeshi', '0000-00-00', '', 'Bhomordah', '', 'Gangni', 'Meherpur', 'Active', 2, 2, 'none', '2025', ''),
(67, 2507067, 69, 'Md Saif ', 'Md Lipon', 'Mst Helena Akter', 'Male', '1322137172', 'Islam', 'Bangladeshi', '0000-00-00', '', 'Shohorabaria', '', 'Gangni', 'Meherpur', 'Active', 2, 2, 'none', '2025', ''),
(68, 2507068, 71, 'Abdullah', '', '', 'Male', '', 'Islam', 'Bangladeshi', '0000-00-00', '', '', '', 'Gangni', 'Meherpur', 'Active', 2, 2, 'none', '2025', ''),
(69, 2507069, 72, 'Md Ali Hossain', 'Md Jamrul Hossain', 'Mst Bilkis', 'Male', '1760657395', 'Islam', 'Bangladeshi', '0000-00-00', '', 'Jorepukuria', '', 'Gangni', 'Meherpur', 'Active', 2, 2, 'none', '2025', ''),
(70, 2507070, 73, 'Mst Ilma Khatun', 'Md Zabbarul Islam', 'Mst Josna Khatun', 'Female', '1703245344', 'Islam', 'Bangladeshi', '0000-00-00', '', 'Jorepukuria', '', 'Gangni', 'Meherpur', 'Active', 2, 2, 'none', '2025', ''),
(71, 2507071, 74, 'Md Jasid ', 'Md Shaharul Islam', 'Mst Jesmin Khatun', 'Male', '1776829021', 'Islam', 'Bangladeshi', '0000-00-00', '', 'Terail ', '', 'Gangni', 'Meherpur', 'Active', 2, 2, 'none', '2025', ''),
(72, 2507072, 75, 'Merina ', 'Md Billal Hossain', 'Mst Feroza Khatun', 'Female', '1323457971', 'Islam', 'Bangladeshi', '0000-00-00', '', 'Sholoataka', '', 'Gangni', 'Meherpur', 'Active', 2, 2, 'none', '2025', ''),
(73, 2507073, 76, 'Md Hasanur Jaman', 'Md Liton', 'Mst Ameli Khatun', 'Male', '1312209921', 'Islam', 'Bangladeshi', '0000-00-00', '', 'Terail ', '', 'Gangni', 'Meherpur', 'Active', 2, 2, 'none', '2025', ''),
(74, 2507074, 77, 'Md Jubaid ', 'Md Razib Ali', 'Mst Hira', 'Male', '1705632028', 'Islam', 'Bangladeshi', '0000-00-00', '', 'Terail ', '', 'Gangni', 'Meherpur', 'Active', 2, 2, 'none', '2025', ''),
(75, 2507075, 78, 'Md Alif Hossain ', 'Md Habibur Rahman', 'Mst Jannatul Mim Lota', 'Male', '1318443135', 'Islam', 'Bangladeshi', '0000-00-00', '', 'Motmura', '', 'Gangni', 'Meherpur', 'Active', 2, 2, 'none', '2025', ''),
(76, 2507076, 79, 'Mst Tasmim Khatun', 'Md Kawsar Ali', 'Mst Ismotara', 'Female', '1784536748', 'Islam', 'Bangladeshi', '0000-00-00', '', 'Jorepukuria', '', 'Gangni', 'Meherpur', 'Active', 2, 2, 'none', '2025', ''),
(77, 2507077, 80, 'Umme Hani Nidra', 'Md Kajala Ahameda', 'MSt Morjina Khatun', 'Female', '1754544909', 'Islam', 'Bangladeshi', '0000-00-00', '', 'Nisipura', '', 'Gangni', 'Meherpur', 'Active', 2, 2, 'none', '2025', ''),
(78, 2507078, 133, 'Mst Jannatul Ferdos Heya', 'Md Hafizur Rahman ', 'Mst Shafaly Rahman', 'Male', '1716750524', 'Islam', 'Bangladeshi', '0000-00-00', '', 'Jorepukuria', '', 'Gangni', 'Meherpur', 'Active', 2, 2, 'none', '2025', ''),
(79, 2507079, 81, 'Md Moshrul Rahman Sami', 'Golam Mostafa', 'Mst Shilpiara Khatun', 'Male', '1743513385', 'Islam', 'Bangladeshi', '0000-00-00', '', 'Dharmochaki', '', 'Gangni', 'Meherpur', 'Active', 2, 3, 'none', '2025', ''),
(80, 2507080, 82, 'Tasnia', '', '', '', '', '', '', '0000-00-00', '', '', '', 'Gangni', 'Meherpur', 'Active', 2, 3, 'none', '2025', ''),
(81, 2507081, 84, 'Mst Riyad Hossain', 'Md Habiur Rahaman', 'Msr Zubuna Khatun', 'Male', '1704062310', 'Islam', 'Bangladeshi', '0000-00-00', '', 'Jorepukuria', '', 'Gangni', 'Meherpur', 'Active', 2, 3, 'none', '2025', ''),
(82, 2507082, 85, 'Md Rabbi Hossain', 'Md Johirul Islam', 'Mst Bonita Khatun', 'Male', '1776605198', 'Islam', 'Bangladeshi', '0000-00-00', '', 'Shohorabaria', '', 'Gangni', 'Meherpur', 'Active', 2, 3, 'none', '2025', ''),
(83, 2507083, 86, 'Siam Ahmed', 'Md Abdul Halim ', 'Mst Chamili Khatun', 'Male', '1348443419', 'Islam', 'Bangladeshi', '0000-00-00', '', 'Shaolaotaka', '', 'Gangni', 'Meherpur', 'Active', 2, 3, 'none', '2025', ''),
(84, 2507084, 87, 'Md Arafat Ali ', 'Md Khokon Ali', 'Mst Papia Khatun', 'Male', '1302355745', 'Islam', 'Bangladeshi', '0000-00-00', '', 'Mohespur ', '', 'Gangni', 'Meherpur', 'Active', 2, 3, 'none', '2025', ''),
(85, 2507085, 88, 'Md Sojib Hossain', 'Md Johurul Islam', 'Mst Sema Khatun', 'Male', '1405967717', 'Islam', 'Bangladeshi', '0000-00-00', '', 'Kashtodoh', '', 'Gangni', 'Meherpur', 'Active', 2, 3, 'none', '2025', ''),
(86, 2507086, 89, 'Mst Lima Khatun', 'Md Ripon Ali', 'Mst Parvina Khatun', 'Female', '1794229854', 'Islam', 'Bangladeshi', '0000-00-00', '', 'Bharat', '', 'Gangni', 'Meherpur', 'Active', 2, 3, 'none', '2025', ''),
(87, 2507087, 90, 'Nafisa Tavassum', 'Md Abdul Halim ', 'Shimu Khatun', 'Female', '1719271787', 'Islam', 'Bangladeshi', '0000-00-00', '', 'Kalarkhali', '', 'Gangni', 'Meherpur', 'Active', 2, 3, 'none', '2025', ''),
(88, 2507088, 91, 'Md Omor Ali', 'Md Bisarot Ali', 'Mst Shahanara Khatun', 'Male', '1990545762', 'Islam', 'Bangladeshi', '0000-00-00', '', 'Nowda Motmura', '', 'Gangni', 'Meherpur', 'Active', 2, 3, 'none', '2025', ''),
(89, 2507089, 93, 'Md Rian Hossain', 'Md Monirul Islam', 'Mst Bedena Khatun', 'Male', '1737944951', 'Islam', 'Bangladeshi', '0000-00-00', '', 'Shaolaotaka', '', 'Gangni', 'Meherpur', 'Active', 2, 3, 'none', '2025', ''),
(90, 2507090, 94, 'Md Tausif Ahmed ', 'Md Tarqi Aziz ', 'Mst Sapna Akter', 'Male', '1734727071', 'Islam', 'Bangladeshi', '0000-00-00', '', 'Chatian', '', 'Gangni', 'Meherpur', 'Active', 2, 3, 'none', '2025', ''),
(91, 2507091, 95, 'Mst Fatema Khatun', 'MD Sohidul Islam', 'Mst Biva Khatun', 'Female', '1307547718', 'Islam', 'Bangladeshi', '0000-00-00', '', 'Bhomordah', '', 'Gangni', 'Meherpur', 'Active', 2, 3, 'none', '2025', ''),
(92, 2507092, 96, 'Md Jobayed Hossain', 'Md Jahangir Hossain', 'Mst Soheli Akter', 'Male', '1690244081', 'Islam', 'Bangladeshi', '0000-00-00', '', 'Vadail ', '', 'Gangni', 'Meherpur', 'Active', 2, 3, 'none', '2025', ''),
(93, 2507093, 97, 'MD Jonayed Hossain', 'Md Johurul Islam', 'Msrt Afroja Khatun', 'Male', '1305421506', 'Islam', 'Bangladeshi', '0000-00-00', '', 'Bharat', '', 'Gangni', 'Meherpur', 'Active', 2, 3, 'none', '2025', ''),
(94, 2507094, 98, 'Md Sahajul Islam ', 'Md Mijanur Rahman', 'Mst Shahanaj Khatun', 'Male', '1604592813', 'Islam', 'Bangladeshi', '0000-00-00', '', 'Terail', '', 'Gangni', 'Meherpur', 'Active', 2, 3, 'none', '2025', ''),
(95, 2507095, 99, 'Md Hussain Ali', 'Md Golam', 'Mst Asma Khatun', 'Male', '1799085421', 'Islam', 'Bangladeshi', '0000-00-00', '', 'Jorepukuria', '', 'Gangni', 'Meherpur', 'Active', 2, 3, 'none', '2025', ''),
(96, 2507096, 100, 'Md Rikat Reza ', 'Md Rokibul ', 'Mst Poliara', 'Male', '1403802783', 'Islam', 'Bangladeshi', '0000-00-00', '', 'Sholotaka', '', 'Gangni', 'Meherpur', 'Active', 2, 3, 'none', '2025', ''),
(97, 2507097, 101, 'Md Tamin Hossain', 'Minarul Islam ', 'Tohomina Khatun', 'Male', '1714633231', 'Islam', 'Bangladeshi', '0000-00-00', '', 'Beshinagor', '', 'Gangni', 'Meherpur', 'Active', 2, 3, 'none', '2025', ''),
(98, 2507098, 102, 'Md Kablu Hasan Lijon', 'Md Kafirul ', 'Mst Shefali Khatun', 'Male', '1748409137', 'Islam', 'Bangladeshi', '0000-00-00', '', 'Bhomordha', '', 'Gangni', 'Meherpur', 'Active', 2, 3, 'none', '2025', ''),
(99, 2507099, 103, 'Hasan Mahmud Kafi ', 'Md Shahajamal ', 'Mst Kohinur Khatun', 'Male', '1754300677', 'Islam', 'Bangladeshi', '0000-00-00', '', 'Bharat ', '', 'Gangni', 'Meherpur', 'Active', 2, 3, 'none', '2025', ''),
(100, 2507100, 104, 'Md Rafidul Islam', 'Md Asraful Islam', 'Mst Rjifa ', 'Male', '1779994807', 'Islam', 'Bangladeshi', '0000-00-00', '', 'Jorepukuria', '', 'Gangni', 'Meherpur', 'Active', 2, 3, 'none', '2025', ''),
(101, 2507101, 105, 'All sakib', 'Md Ayub Ali', 'Mst Suraeya Parvin', 'Male', '1732393737', 'Islam', 'Bangladeshi', '0000-00-00', '', 'Terail', '', 'Gangni', 'Meherpur', 'Active', 2, 3, 'none', '2025', ''),
(102, 2507102, 106, 'Md Al Imran ', 'Mst Nazmul Hoque ', 'Mst Rina Khatun', 'Female', '1311349824', 'Islam', 'Bangladeshi', '0000-00-00', '', 'Chatian', '', 'Gangni', 'Meherpur', 'Active', 2, 3, 'none', '2025', ''),
(103, 2507103, 107, 'Md Ratul Ali', 'Md Glam Saroar ', 'Mst Hosani Ara', 'Male', '1761811283', 'Islam', 'Bangladeshi', '0000-00-00', '', 'Mohespur ', '', 'Gangni', 'Meherpur', 'Active', 2, 3, 'none', '2025', ''),
(104, 2507104, 108, 'All Hasib ', 'Md Ayub Ali ', 'Mst Suraeya Parvin', 'Male', '1752595737', 'Islam', 'Bangladeshi', '0000-00-00', '', 'Terail', '', 'Gangni', 'Meherpur', 'Active', 2, 3, 'none', '2025', ''),
(105, 2507105, 109, 'Md Junaid Ali', 'Md Hasan Ali', 'Mst Asma Sharmin', 'Male', '1747438930', 'Islam', 'Bangladeshi', '0000-00-00', '', 'Sholotaka', '', 'Gangni', 'Meherpur', 'Active', 2, 3, 'none', '2025', ''),
(106, 2507106, 110, 'Md reyad Hossain', 'Md Laltu Mia', 'Mst Ranu Khatun', 'Male', '1728406999', 'Islam', 'Bangladeshi', '0000-00-00', '', 'Mohespur ', '', 'Gangni', 'Meherpur', 'Active', 2, 3, 'none', '2025', ''),
(107, 2507107, 111, 'Md Siam Hossain ', 'Md Baschu Mia', 'Mst Sabina Easmin', 'Male', '1873675971', 'Islam', 'Bangladeshi', '0000-00-00', '', 'Mohespur ', '', 'Gangni', 'Meherpur', 'Active', 2, 3, 'none', '2025', ''),
(108, 2507108, 112, 'Md Samiullah ', 'Md Sentu Mia', 'Mst Surovi Khatun', 'Male', '1727710865', 'Islam', 'Bangladeshi', '0000-00-00', '', 'Bharat', '', 'Gangni', 'Meherpur', 'Active', 2, 3, 'none', '2025', ''),
(109, 2507109, 113, 'Junaid', '', '', 'Male', '', 'Islam', 'Bangladeshi', '0000-00-00', '', '', '', 'Gangni', 'Meherpur', 'Active', 2, 3, 'none', '2025', ''),
(110, 2507110, 114, 'Easmin', '', '', 'Female', '', 'Islam', 'Bangladeshi', '0000-00-00', '', '', '', 'Gangni', 'Meherpur', 'Active', 2, 3, 'none', '2025', ''),
(111, 2507111, 115, 'Mst Liza Khatun', 'Md Rashidul Islam', 'Mst Sonia Khatun', 'Female', '1758902705', 'Islam', 'Bangladeshi', '0000-00-00', '', 'Chatian', '', 'Gangni', 'Meherpur', 'Active', 2, 3, 'none', '2025', ''),
(112, 2507112, 116, 'Rajin Ahmed ', 'Md Rabiul Islam', 'Mst Shamsunnahar', 'Male', '1773717910', 'Islam', 'Bangladeshi', '0000-00-00', '', 'Bhomordah', '', 'Gangni', 'Meherpur', 'Active', 2, 3, 'none', '2025', ''),
(113, 2507113, 117, 'Md Samiullah Mohabur ', 'Md Khobir Uddin', 'Mst Pansuna Khatun', 'Male', '1321457910', 'Islam', 'Bangladeshi', '0000-00-00', '', 'Bhomordah', '', 'Gangni', 'Meherpur', 'Active', 2, 3, 'none', '2025', ''),
(114, 2507114, 118, 'Md Ali Hossain', 'Md Najmul Huda ', 'Mst Maksura Khatun', 'Male', '1328260919', 'Islam', 'Bangladeshi', '0000-00-00', '', 'Sholotaka ', '', 'Gangni', 'Meherpur', 'Active', 2, 3, 'none', '2025', ''),
(115, 2507115, 119, 'Maria Sultana Asa', 'Md Ripon Ali', 'Mst Shapla Khatun', 'Female', '1724505996', 'Islam', 'Bangladeshi', '0000-00-00', '', 'Nowda Motmura', '', 'Gangni', 'Meherpur', 'Active', 2, 3, 'none', '2025', ''),
(116, 2507116, 120, 'Mazharul Ialam Saif', 'Md Aktaruzzaman', 'Mst Rebeka Akter', 'Male', '1738861414', 'Islam', 'Bangladeshi', '0000-00-00', '', 'Terail', '', 'Gangni', 'Meherpur', 'Active', 2, 3, 'none', '2025', ''),
(117, 2507117, 121, 'Md Rabbi Hossain ', 'Md Rezaul Haque ', 'Mst Moriom Khatun', 'Male', '1309464329', 'Islam', 'Bangladeshi', '0000-00-00', '', 'Bharat', '', 'Gangni', 'Meherpur', 'Active', 2, 4, 'none', '2025', ''),
(118, 2507118, 122, 'Mst Rotna Khatun ', 'Md Rohidul Islam', 'Mst Rupali Khatun', 'Female', '1757711044', 'Islam', 'Bangladeshi', '0000-00-00', '', 'Mohammadpur', '', 'Gangni', 'Meherpur', 'Active', 2, 4, 'none', '2025', ''),
(119, 2507119, 123, 'Md Toufik Islam Manik ', 'Md Shohorab Hosan', 'Mst Maniara', 'Male', '1708354301', 'Islam', 'Bangladeshi', '0000-00-00', '', 'Jorepukuria', '', 'Gangni', 'Meherpur', 'Active', 2, 4, 'none', '2025', ''),
(120, 2507120, 125, 'Junaid Hossain', 'Md Biddut Hosen', 'Mst Juma Khatun', 'Male', '1728992183', 'Islam', 'Bangladeshi', '0000-00-00', '', 'Jorepukuria', '', 'Gangni', 'Meherpur', 'Active', 2, 4, 'none', '2025', ''),
(121, 2507121, 127, 'Badsha ', 'Md Afirul Islam ', 'Mst Rangona', 'Male', '1738860642', 'Islam', 'Bangladeshi', '0000-00-00', '', 'Jorepukuria', '', 'Gangni', 'Meherpur', 'Active', 2, 4, 'none', '2025', ''),
(122, 2507122, 128, 'Md Tamim Ahmed ', 'Md Roshidul Islam', 'Mst Monnira Khatun', 'Male', '1756896336', 'Islam', 'Bangladeshi', '0000-00-00', '', 'Olinagor', '', 'Gangni', 'Meherpur', 'Active', 2, 4, 'none', '2025', ''),
(123, 2507123, 130, 'Mst Khadija Khatun', 'Md Basar Ali', 'Msrt Rozina Khatun', 'Female', '1737846939', 'Islam', 'Bangladeshi', '0000-00-00', '', 'Terail', '', 'Gangni', 'Meherpur', 'Active', 2, 4, 'none', '2025', ''),
(124, 2507124, 132, 'Md Junaid Hossen Maun', 'Md Muntu Hossain', 'Mst Chompa Koli', 'Male', '1926707360', 'Islam', 'Bangladeshi', '0000-00-00', '', 'Kashtogha', '', 'Gangni', 'Meherpur', 'Active', 2, 4, 'none', '2025', ''),
(125, 2507125, 134, 'Mst Antora Khatun', 'Md Rafiqul Islam', 'Mst Firoja Khatun', 'Female', '1946596839', 'Islam', 'Bangladeshi', '0000-00-00', '', 'Jorepukuria', '', 'Gangni', 'Meherpur', 'Active', 2, 4, 'none', '2025', ''),
(126, 2507126, 135, 'Md Huzaif Ahmed Tabin', 'Md Jamrul Islam', 'Mst Shova Akter', 'Male', '1783875569', 'Islam', 'Bangladeshi', '0000-00-00', '', 'Chakkallyanpur', '', 'Gangni', 'Meherpur', 'Active', 2, 4, 'none', '2025', ''),
(127, 2507127, 136, 'Md Ruhan ', 'Md Bokul Hossain', 'Mst Ruma Khatun', 'Male', '1785349928', 'Islam', 'Bangladeshi', '0000-00-00', '', 'Akubpur', '', 'Gangni', 'Meherpur', 'Active', 2, 4, 'none', '2025', ''),
(128, 2507128, 137, 'Md Tanzid Hossain', 'Md Anowar', 'Mst Shima', 'Male', '1318442746', 'Islam', 'Bangladeshi', '0000-00-00', '', 'Bamondi ', '', 'Gangni', 'Meherpur', 'Active', 2, 4, 'none', '2025', ''),
(129, 2507129, 140, 'Saif Hossain', 'Md Shoriful Islam', 'Mst Afroza Khatun', 'Male', '1776585505', 'Islam', 'Bangladeshi', '0000-00-00', '', 'Bharat', '', 'Gangni', 'Meherpur', 'Active', 2, 4, 'none', '2025', ''),
(130, 2507130, 141, 'Md Jakaria Hossain Gaddafi', 'Md Sahabuddun', 'Mst Jahaton Khatun', 'Male', '1950146611', 'Islam', 'Bangladeshi', '0000-00-00', '', 'Jorepukuria', '', 'Gangni', 'Meherpur', 'Active', 2, 4, 'none', '2025', ''),
(131, 2507131, 142, 'Mst Sumaia Khatun ', 'Md Aktar Ali', 'Mst Shahanara Khatun', 'Female', '1792335600', 'Islam', 'Bangladeshi', '0000-00-00', '', 'Sholotaka', '', 'Gangni', 'Meherpur', 'Active', 2, 4, 'none', '2025', ''),
(132, 2507132, 143, 'Mst Kaniz Fatema ', 'Md Shahabul Alom', 'Mst Marina Khatun', 'Female', '1719818012', 'Islam', 'Bangladeshi', '0000-00-00', '', 'Sholotaka', '', 'Gangni', 'Meherpur', 'Active', 2, 4, 'none', '2025', ''),
(133, 2507133, 144, 'Md Shamiul Islam', 'Md Shamim Hossain', 'Sabina Khatun', 'Male', '1321953752', 'Islam', 'Bangladeshi', '0000-00-00', '', 'Sholotaka', '', 'Gangni', 'Meherpur', 'Active', 2, 4, 'none', '2025', ''),
(134, 2507134, 145, 'Mst Tasrin Khatun', 'Md Tajul Islam', 'Mst Moyna Khatun', 'Female', '1799572552', 'Islam', 'Bangladeshi', '0000-00-00', '', 'Bhomordah', '', 'Gangni', 'Meherpur', 'Active', 2, 4, 'none', '2025', ''),
(135, 2507135, 146, 'Mst Aysha Khatun', 'Ashraful', 'Mst Sonia Khatun', 'Female', '1318658284', 'Islam', 'Bangladeshi', '0000-00-00', '', 'Sundurkota', '', 'Gangni', 'Meherpur', 'Active', 2, 4, 'none', '2025', ''),
(136, 2507136, 148, 'Md Siam Islam', 'Md Shahen Islam', 'Mst Laley Khatun', 'Male', '1770134934', 'Islam', 'Bangladeshi', '0000-00-00', '', 'Jorepukuria', '', 'Gangni', 'Meherpur', 'Active', 2, 4, 'none', '2025', ''),
(137, 2507137, 150, 'Sagir', '', '', 'Male', '', 'Islam', 'Bangladeshi', '0000-00-00', '', '', '', 'Gangni', 'Meherpur', 'Active', 2, 4, 'none', '2025', ''),
(138, 2507138, 151, 'Mahfuz', '', '', 'Male', '', 'Islam', 'Bangladeshi', '0000-00-00', '', '', '', 'Gangni', 'Meherpur', 'Active', 2, 4, 'none', '2025', ''),
(139, 2507139, 152, 'Abdullah', '', '', 'Male', '', 'Islam', 'Bangladeshi', '0000-00-00', '', '', '', 'Gangni', 'Meherpur', 'Active', 2, 4, 'none', '2025', ''),
(140, 2507140, 153, 'Rafi Ahmed', '', '', 'Male', '', 'Islam', 'Bangladeshi', '0000-00-00', '', '', '', 'Gangni', 'Meherpur', 'Active', 2, 4, 'none', '2025', ''),
(141, 2502140, 39, 'Shuvodra', ' ', ' ', 'Female', '', 'Islam', NULL, '2012-06-12', 'A+', '', '', '', '', 'Active', 2, 3, 'none', '2025', NULL),
(295, 2508001, 1, '', '', '', '', '', 'Islam', 'Bangladeshi', '0000-00-00', '', '', '', 'Gangni', 'Meherpur', 'Active', 3, 1, 'none', '2025', ''),
(296, 2508002, 2, '', '', '', '', '', 'Islam', 'Bangladeshi', '0000-00-00', '', '', '', 'Gangni', 'Meherpur', 'Active', 3, 1, 'none', '2025', ''),
(297, 2508003, 3, '', '', '', '', '', 'Islam', 'Bangladeshi', '0000-00-00', '', '', '', 'Gangni', 'Meherpur', 'Active', 3, 1, 'none', '2025', ''),
(298, 2508004, 4, '', '', '', '', '', 'Islam', 'Bangladeshi', '0000-00-00', '', '', '', 'Gangni', 'Meherpur', 'Active', 3, 1, 'none', '2025', ''),
(299, 2508005, 5, '', '', '', '', '', 'Islam', 'Bangladeshi', '0000-00-00', '', '', '', 'Gangni', 'Meherpur', 'Active', 3, 1, 'none', '2025', ''),
(300, 2508006, 6, 'Saria Wadud', 'NA', 'NA', 'Female', '', 'Islam', 'Bangladeshi', '2025-07-08', '', '', '', 'Gangni', 'Meherpur', 'Active', 3, 5, 'none', '2025', '                        \r\n                        <div class='),
(301, 2508007, 7, '', '', '', '', '', 'Islam', 'Bangladeshi', '0000-00-00', '', '', '', 'Gangni', 'Meherpur', 'Active', 3, 1, 'none', '2025', ''),
(302, 2508008, 8, '', '', '', '', '', 'Islam', 'Bangladeshi', '0000-00-00', '', '', '', 'Gangni', 'Meherpur', 'Active', 3, 1, 'none', '2025', ''),
(303, 2508009, 9, '', '', '', '', '', 'Islam', 'Bangladeshi', '0000-00-00', '', '', '', 'Gangni', 'Meherpur', 'Active', 3, 1, 'none', '2025', ''),
(304, 2508010, 10, '', '', '', '', '', 'Islam', 'Bangladeshi', '0000-00-00', '', '', '', 'Gangni', 'Meherpur', 'Active', 3, 1, 'none', '2025', ''),
(305, 2508011, 11, '', '', '', '', '', 'Islam', 'Bangladeshi', '0000-00-00', '', '', '', 'Gangni', 'Meherpur', 'Active', 3, 1, 'none', '2025', ''),
(306, 2508012, 12, '', '', '', '', '', 'Islam', 'Bangladeshi', '0000-00-00', '', '', '', 'Gangni', 'Meherpur', 'Active', 3, 1, 'none', '2025', ''),
(307, 2508013, 13, '', '', '', '', '', 'Islam', 'Bangladeshi', '0000-00-00', '', '', '', 'Gangni', 'Meherpur', 'Active', 3, 1, 'none', '2025', ''),
(308, 2508014, 14, '', '', '', '', '', 'Islam', 'Bangladeshi', '0000-00-00', '', '', '', 'Gangni', 'Meherpur', 'Active', 3, 1, 'none', '2025', ''),
(309, 2508015, 15, '', '', '', '', '', 'Islam', 'Bangladeshi', '0000-00-00', '', '', '', 'Gangni', 'Meherpur', 'Active', 3, 1, 'none', '2025', ''),
(310, 2508016, 16, '', '', '', '', '', 'Islam', 'Bangladeshi', '0000-00-00', '', '', '', 'Gangni', 'Meherpur', 'Active', 3, 1, 'none', '2025', ''),
(311, 2508017, 17, '', '', '', '', '', 'Islam', 'Bangladeshi', '0000-00-00', '', '', '', 'Gangni', 'Meherpur', 'Active', 3, 1, 'none', '2025', ''),
(312, 2508018, 18, '', '', '', '', '', 'Islam', 'Bangladeshi', '0000-00-00', '', '', '', 'Gangni', 'Meherpur', 'Active', 3, 1, 'none', '2025', ''),
(313, 2508019, 19, '', '', '', '', '', 'Islam', 'Bangladeshi', '0000-00-00', '', '', '', 'Gangni', 'Meherpur', 'Active', 3, 1, 'none', '2025', ''),
(314, 2508020, 20, '', '', '', '', '', 'Islam', 'Bangladeshi', '0000-00-00', '', '', '', 'Gangni', 'Meherpur', 'Active', 3, 1, 'none', '2025', ''),
(315, 2508021, 21, '', '', '', '', '', 'Islam', 'Bangladeshi', '0000-00-00', '', '', '', 'Gangni', 'Meherpur', 'Active', 3, 1, 'none', '2025', ''),
(316, 2508022, 22, '', '', '', '', '', 'Islam', 'Bangladeshi', '0000-00-00', '', '', '', 'Gangni', 'Meherpur', 'Active', 3, 1, 'none', '2025', ''),
(317, 2508023, 23, '', '', '', '', '', 'Islam', 'Bangladeshi', '0000-00-00', '', '', '', 'Gangni', 'Meherpur', 'Active', 3, 1, 'none', '2025', ''),
(318, 2508024, 24, '', '', '', '', '', 'Islam', 'Bangladeshi', '0000-00-00', '', '', '', 'Gangni', 'Meherpur', 'Active', 3, 1, 'none', '2025', ''),
(319, 2508025, 25, '', '', '', '', '', 'Islam', 'Bangladeshi', '0000-00-00', '', '', '', 'Gangni', 'Meherpur', 'Active', 3, 1, 'none', '2025', ''),
(320, 2508026, 26, '', '', '', '', '', 'Islam', 'Bangladeshi', '0000-00-00', '', '', '', 'Gangni', 'Meherpur', 'Active', 3, 1, 'none', '2025', ''),
(321, 2508027, 27, '', '', '', '', '', 'Islam', 'Bangladeshi', '0000-00-00', '', '', '', 'Gangni', 'Meherpur', 'Active', 3, 1, 'none', '2025', ''),
(322, 2508028, 28, '', '', '', '', '', 'Islam', 'Bangladeshi', '0000-00-00', '', '', '', 'Gangni', 'Meherpur', 'Active', 3, 1, 'none', '2025', ''),
(323, 2508029, 29, '', '', '', '', '', 'Islam', 'Bangladeshi', '0000-00-00', '', '', '', 'Gangni', 'Meherpur', 'Active', 3, 1, 'none', '2025', ''),
(324, 2508030, 30, '', '', '', '', '', 'Islam', 'Bangladeshi', '0000-00-00', '', '', '', 'Gangni', 'Meherpur', 'Active', 3, 1, 'none', '2025', ''),
(325, 2508031, 31, '', '', '', '', '', 'Islam', 'Bangladeshi', '0000-00-00', '', '', '', 'Gangni', 'Meherpur', 'Active', 3, 1, 'none', '2025', ''),
(326, 2508032, 32, '', '', '', '', '', 'Islam', 'Bangladeshi', '0000-00-00', '', '', '', 'Gangni', 'Meherpur', 'Active', 3, 1, 'none', '2025', ''),
(327, 2508033, 33, '', '', '', '', '', 'Islam', 'Bangladeshi', '0000-00-00', '', '', '', 'Gangni', 'Meherpur', 'Active', 3, 1, 'none', '2025', ''),
(328, 2508034, 34, '', '', '', '', '', 'Islam', 'Bangladeshi', '0000-00-00', '', '', '', 'Gangni', 'Meherpur', 'Active', 3, 1, 'none', '2025', ''),
(329, 2508035, 35, '', '', '', '', '', 'Islam', 'Bangladeshi', '0000-00-00', '', '', '', 'Gangni', 'Meherpur', 'Active', 3, 1, 'none', '2025', ''),
(330, 2508036, 36, '', '', '', '', '', 'Islam', 'Bangladeshi', '0000-00-00', '', '', '', 'Gangni', 'Meherpur', 'Active', 3, 1, 'none', '2025', ''),
(331, 2508037, 37, '', '', '', '', '', 'Islam', 'Bangladeshi', '0000-00-00', '', '', '', 'Gangni', 'Meherpur', 'Active', 3, 1, 'none', '2025', ''),
(332, 2508038, 38, '', '', '', '', '', 'Islam', 'Bangladeshi', '0000-00-00', '', '', '', 'Gangni', 'Meherpur', 'Active', 3, 1, 'none', '2025', ''),
(333, 2508039, 39, '', '', '', '', '', 'Islam', 'Bangladeshi', '0000-00-00', '', '', '', 'Gangni', 'Meherpur', 'Active', 3, 1, 'none', '2025', ''),
(334, 2508040, 40, '', '', '', '', '', 'Islam', 'Bangladeshi', '0000-00-00', '', '', '', 'Gangni', 'Meherpur', 'Active', 3, 1, 'none', '2025', ''),
(335, 2508041, 41, '', '', '', '', '', 'Islam', 'Bangladeshi', '0000-00-00', '', '', '', 'Gangni', 'Meherpur', 'Active', 3, 1, 'none', '2025', ''),
(336, 2508042, 42, '', '', '', '', '', 'Islam', 'Bangladeshi', '0000-00-00', '', '', '', 'Gangni', 'Meherpur', 'Active', 3, 1, 'none', '2025', ''),
(337, 2508043, 43, '', '', '', '', '', 'Islam', 'Bangladeshi', '0000-00-00', '', '', '', 'Gangni', 'Meherpur', 'Active', 3, 1, 'none', '2025', ''),
(338, 2508044, 44, '', '', '', '', '', 'Islam', 'Bangladeshi', '0000-00-00', '', '', '', 'Gangni', 'Meherpur', 'Active', 3, 1, 'none', '2025', ''),
(339, 2508045, 45, '', '', '', '', '', 'Islam', 'Bangladeshi', '0000-00-00', '', '', '', 'Gangni', 'Meherpur', 'Active', 3, 1, 'none', '2025', ''),
(340, 2508046, 46, '', '', '', '', '', 'Islam', 'Bangladeshi', '0000-00-00', '', '', '', 'Gangni', 'Meherpur', 'Active', 3, 1, 'none', '2025', ''),
(341, 2508047, 47, '', '', '', '', '', 'Islam', 'Bangladeshi', '0000-00-00', '', '', '', 'Gangni', 'Meherpur', 'Active', 3, 1, 'none', '2025', ''),
(342, 2508048, 48, '', '', '', '', '', 'Islam', 'Bangladeshi', '0000-00-00', '', '', '', 'Gangni', 'Meherpur', 'Active', 3, 1, 'none', '2025', ''),
(343, 2508049, 50, '', '', '', '', '', 'Islam', 'Bangladeshi', '0000-00-00', '', '', '', 'Gangni', 'Meherpur', 'Active', 3, 1, 'none', '2025', ''),
(344, 2508050, 51, '', '', '', '', '', 'Islam', 'Bangladeshi', '0000-00-00', '', '', '', 'Gangni', 'Meherpur', 'Active', 3, 1, 'none', '2025', ''),
(345, 2508051, 52, '', '', '', '', '', 'Islam', 'Bangladeshi', '0000-00-00', '', '', '', 'Gangni', 'Meherpur', 'Active', 3, 1, 'none', '2025', ''),
(346, 2508052, 53, '', '', '', '', '', 'Islam', 'Bangladeshi', '0000-00-00', '', '', '', 'Gangni', 'Meherpur', 'Active', 3, 1, 'none', '2025', ''),
(347, 2508053, 54, '', '', '', '', '', 'Islam', 'Bangladeshi', '0000-00-00', '', '', '', 'Gangni', 'Meherpur', 'Active', 3, 1, 'none', '2025', ''),
(348, 2508054, 55, '', '', '', '', '', 'Islam', 'Bangladeshi', '0000-00-00', '', '', '', 'Gangni', 'Meherpur', 'Active', 3, 1, 'none', '2025', ''),
(349, 2508055, 56, '', '', '', '', '', 'Islam', 'Bangladeshi', '0000-00-00', '', '', '', 'Gangni', 'Meherpur', 'Active', 3, 1, 'none', '2025', ''),
(350, 2508056, 58, '', '', '', '', '', 'Islam', 'Bangladeshi', '0000-00-00', '', '', '', 'Gangni', 'Meherpur', 'Active', 3, 1, 'none', '2025', ''),
(351, 2508057, 59, '', '', '', '', '', 'Islam', 'Bangladeshi', '0000-00-00', '', '', '', 'Gangni', 'Meherpur', 'Active', 3, 1, 'none', '2025', ''),
(352, 2508058, 60, '', '', '', '', '', 'Islam', 'Bangladeshi', '0000-00-00', '', '', '', 'Gangni', 'Meherpur', 'Active', 3, 1, 'none', '2025', ''),
(353, 2508059, 61, '', '', '', '', '', 'Islam', 'Bangladeshi', '0000-00-00', '', '', '', 'Gangni', 'Meherpur', 'Active', 3, 1, 'none', '2025', ''),
(354, 2508060, 62, '', '', '', '', '', 'Islam', 'Bangladeshi', '0000-00-00', '', '', '', 'Gangni', 'Meherpur', 'Active', 3, 1, 'none', '2025', ''),
(355, 2508061, 63, '', '', '', '', '', 'Islam', 'Bangladeshi', '0000-00-00', '', '', '', 'Gangni', 'Meherpur', 'Active', 3, 1, 'none', '2025', ''),
(356, 2508062, 64, '', '', '', '', '', 'Islam', 'Bangladeshi', '0000-00-00', '', '', '', 'Gangni', 'Meherpur', 'Active', 3, 1, 'none', '2025', ''),
(357, 2508063, 65, '', '', '', '', '', 'Islam', 'Bangladeshi', '0000-00-00', '', '', '', 'Gangni', 'Meherpur', 'Active', 3, 1, 'none', '2025', ''),
(358, 2508064, 66, '', '', '', '', '', 'Islam', 'Bangladeshi', '0000-00-00', '', '', '', 'Gangni', 'Meherpur', 'Active', 3, 1, 'none', '2025', ''),
(359, 2508065, 67, '', '', '', '', '', 'Islam', 'Bangladeshi', '0000-00-00', '', '', '', 'Gangni', 'Meherpur', 'Active', 3, 1, 'none', '2025', ''),
(360, 2508066, 68, '', '', '', '', '', 'Islam', 'Bangladeshi', '0000-00-00', '', '', '', 'Gangni', 'Meherpur', 'Active', 3, 1, 'none', '2025', ''),
(361, 2508067, 69, '', '', '', '', '', 'Islam', 'Bangladeshi', '0000-00-00', '', '', '', 'Gangni', 'Meherpur', 'Active', 3, 1, 'none', '2025', ''),
(362, 2508068, 70, '', '', '', '', '', 'Islam', 'Bangladeshi', '0000-00-00', '', '', '', 'Gangni', 'Meherpur', 'Active', 3, 1, 'none', '2025', ''),
(363, 2508069, 71, '', '', '', '', '', 'Islam', 'Bangladeshi', '0000-00-00', '', '', '', 'Gangni', 'Meherpur', 'Active', 3, 1, 'none', '2025', ''),
(364, 2508070, 72, '', '', '', '', '', 'Islam', 'Bangladeshi', '0000-00-00', '', '', '', 'Gangni', 'Meherpur', 'Active', 3, 1, 'none', '2025', ''),
(365, 2508071, 73, '', '', '', '', '', 'Islam', 'Bangladeshi', '0000-00-00', '', '', '', 'Gangni', 'Meherpur', 'Active', 3, 1, 'none', '2025', ''),
(366, 2508072, 74, '', '', '', '', '', 'Islam', 'Bangladeshi', '0000-00-00', '', '', '', 'Gangni', 'Meherpur', 'Active', 3, 1, 'none', '2025', ''),
(367, 2508073, 75, '', '', '', '', '', 'Islam', 'Bangladeshi', '0000-00-00', '', '', '', 'Gangni', 'Meherpur', 'Active', 3, 1, 'none', '2025', ''),
(368, 2508074, 76, '', '', '', '', '', 'Islam', 'Bangladeshi', '0000-00-00', '', '', '', 'Gangni', 'Meherpur', 'Active', 3, 1, 'none', '2025', ''),
(369, 2508075, 77, '', '', '', '', '', 'Islam', 'Bangladeshi', '0000-00-00', '', '', '', 'Gangni', 'Meherpur', 'Active', 3, 1, 'none', '2025', ''),
(370, 2508076, 78, '', '', '', '', '', 'Islam', 'Bangladeshi', '0000-00-00', '', '', '', 'Gangni', 'Meherpur', 'Active', 3, 1, 'none', '2025', ''),
(371, 2508077, 79, '', '', '', '', '', 'Islam', 'Bangladeshi', '0000-00-00', '', '', '', 'Gangni', 'Meherpur', 'Active', 3, 1, 'none', '2025', ''),
(372, 2508078, 80, '', '', '', '', '', 'Islam', 'Bangladeshi', '0000-00-00', '', '', '', 'Gangni', 'Meherpur', 'Active', 3, 1, 'none', '2025', ''),
(373, 2508079, 81, '', '', '', '', '', 'Islam', 'Bangladeshi', '0000-00-00', '', '', '', 'Gangni', 'Meherpur', 'Active', 3, 1, 'none', '2025', ''),
(374, 2508080, 82, '', '', '', '', '', 'Islam', 'Bangladeshi', '0000-00-00', '', '', '', 'Gangni', 'Meherpur', 'Active', 3, 1, 'none', '2025', ''),
(375, 2508081, 83, '', '', '', '', '', 'Islam', 'Bangladeshi', '0000-00-00', '', '', '', 'Gangni', 'Meherpur', 'Active', 3, 1, 'none', '2025', ''),
(376, 2508082, 84, '', '', '', '', '', 'Islam', 'Bangladeshi', '0000-00-00', '', '', '', 'Gangni', 'Meherpur', 'Active', 3, 1, 'none', '2025', ''),
(377, 2508083, 85, '', '', '', '', '', 'Islam', 'Bangladeshi', '0000-00-00', '', '', '', 'Gangni', 'Meherpur', 'Active', 3, 1, 'none', '2025', ''),
(378, 2508084, 86, '', '', '', '', '', 'Islam', 'Bangladeshi', '0000-00-00', '', '', '', 'Gangni', 'Meherpur', 'Active', 3, 1, 'none', '2025', ''),
(379, 2508085, 87, '', '', '', '', '', 'Islam', 'Bangladeshi', '0000-00-00', '', '', '', 'Gangni', 'Meherpur', 'Active', 3, 1, 'none', '2025', ''),
(380, 2508086, 88, '', '', '', '', '', 'Islam', 'Bangladeshi', '0000-00-00', '', '', '', 'Gangni', 'Meherpur', 'Active', 3, 1, 'none', '2025', ''),
(381, 2508087, 89, '', '', '', '', '', 'Islam', 'Bangladeshi', '0000-00-00', '', '', '', 'Gangni', 'Meherpur', 'Active', 3, 1, 'none', '2025', ''),
(382, 2508088, 90, '', '', '', '', '', 'Islam', 'Bangladeshi', '0000-00-00', '', '', '', 'Gangni', 'Meherpur', 'Active', 3, 1, 'none', '2025', ''),
(383, 2508089, 91, '', '', '', '', '', 'Islam', 'Bangladeshi', '0000-00-00', '', '', '', 'Gangni', 'Meherpur', 'Active', 3, 1, 'none', '2025', ''),
(384, 2508090, 92, '', '', '', '', '', 'Islam', 'Bangladeshi', '0000-00-00', '', '', '', 'Gangni', 'Meherpur', 'Active', 3, 1, 'none', '2025', ''),
(385, 2508091, 93, '', '', '', '', '', 'Islam', 'Bangladeshi', '0000-00-00', '', '', '', 'Gangni', 'Meherpur', 'Active', 3, 1, 'none', '2025', ''),
(386, 2508092, 94, '', '', '', '', '', 'Islam', 'Bangladeshi', '0000-00-00', '', '', '', 'Gangni', 'Meherpur', 'Active', 3, 1, 'none', '2025', ''),
(387, 2508093, 95, '', '', '', '', '', 'Islam', 'Bangladeshi', '0000-00-00', '', '', '', 'Gangni', 'Meherpur', 'Active', 3, 1, 'none', '2025', ''),
(388, 2508094, 96, '', '', '', '', '', 'Islam', 'Bangladeshi', '0000-00-00', '', '', '', 'Gangni', 'Meherpur', 'Active', 3, 1, 'none', '2025', ''),
(389, 2508095, 97, '', '', '', '', '', 'Islam', 'Bangladeshi', '0000-00-00', '', '', '', 'Gangni', 'Meherpur', 'Active', 3, 1, 'none', '2025', ''),
(390, 2508096, 98, '', '', '', '', '', 'Islam', 'Bangladeshi', '0000-00-00', '', '', '', 'Gangni', 'Meherpur', 'Active', 3, 1, 'none', '2025', ''),
(391, 2508097, 99, '', '', '', '', '', 'Islam', 'Bangladeshi', '0000-00-00', '', '', '', 'Gangni', 'Meherpur', 'Active', 3, 1, 'none', '2025', ''),
(392, 2508098, 100, '', '', '', '', '', 'Islam', 'Bangladeshi', '0000-00-00', '', '', '', 'Gangni', 'Meherpur', 'Active', 3, 1, 'none', '2025', ''),
(393, 2508099, 102, '', '', '', '', '', 'Islam', 'Bangladeshi', '0000-00-00', '', '', '', 'Gangni', 'Meherpur', 'Active', 3, 1, 'none', '2025', ''),
(394, 2508100, 103, '', '', '', '', '', 'Islam', 'Bangladeshi', '0000-00-00', '', '', '', 'Gangni', 'Meherpur', 'Active', 3, 1, 'none', '2025', ''),
(395, 2508101, 104, '', '', '', '', '', 'Islam', 'Bangladeshi', '0000-00-00', '', '', '', 'Gangni', 'Meherpur', 'Active', 3, 1, 'none', '2025', ''),
(396, 2508102, 105, '', '', '', '', '', 'Islam', 'Bangladeshi', '0000-00-00', '', '', '', 'Gangni', 'Meherpur', 'Active', 3, 1, 'none', '2025', ''),
(397, 2508103, 106, '', '', '', '', '', 'Islam', 'Bangladeshi', '0000-00-00', '', '', '', 'Gangni', 'Meherpur', 'Active', 3, 1, 'none', '2025', ''),
(398, 2508104, 107, '', '', '', '', '', 'Islam', 'Bangladeshi', '0000-00-00', '', '', '', 'Gangni', 'Meherpur', 'Active', 3, 1, 'none', '2025', ''),
(399, 2508105, 108, '', '', '', '', '', 'Islam', 'Bangladeshi', '0000-00-00', '', '', '', 'Gangni', 'Meherpur', 'Active', 3, 1, 'none', '2025', ''),
(400, 2508106, 109, '', '', '', '', '', 'Islam', 'Bangladeshi', '0000-00-00', '', '', '', 'Gangni', 'Meherpur', 'Active', 3, 1, 'none', '2025', ''),
(401, 2508107, 110, '', '', '', '', '', 'Islam', 'Bangladeshi', '0000-00-00', '', '', '', 'Gangni', 'Meherpur', 'Active', 3, 1, 'none', '2025', ''),
(402, 2508108, 111, '', '', '', '', '', 'Islam', 'Bangladeshi', '0000-00-00', '', '', '', 'Gangni', 'Meherpur', 'Active', 3, 1, 'none', '2025', ''),
(403, 2508109, 112, '', '', '', '', '', 'Islam', 'Bangladeshi', '0000-00-00', '', '', '', 'Gangni', 'Meherpur', 'Active', 3, 1, 'none', '2025', ''),
(404, 2508110, 113, '', '', '', '', '', 'Islam', 'Bangladeshi', '0000-00-00', '', '', '', 'Gangni', 'Meherpur', 'Active', 3, 1, 'none', '2025', ''),
(405, 2508111, 114, '', '', '', '', '', 'Islam', 'Bangladeshi', '0000-00-00', '', '', '', 'Gangni', 'Meherpur', 'Active', 3, 1, 'none', '2025', ''),
(406, 2508112, 115, '', '', '', '', '', 'Islam', 'Bangladeshi', '0000-00-00', '', '', '', 'Gangni', 'Meherpur', 'Active', 3, 1, 'none', '2025', ''),
(407, 2508113, 116, '', '', '', '', '', 'Islam', 'Bangladeshi', '0000-00-00', '', '', '', 'Gangni', 'Meherpur', 'Active', 3, 1, 'none', '2025', ''),
(408, 2508114, 117, '', '', '', '', '', 'Islam', 'Bangladeshi', '0000-00-00', '', '', '', 'Gangni', 'Meherpur', 'Active', 3, 1, 'none', '2025', ''),
(409, 2508115, 118, '', '', '', '', '', 'Islam', 'Bangladeshi', '0000-00-00', '', '', '', 'Gangni', 'Meherpur', 'Active', 3, 1, 'none', '2025', ''),
(410, 2508116, 119, '', '', '', '', '', 'Islam', 'Bangladeshi', '0000-00-00', '', '', '', 'Gangni', 'Meherpur', 'Active', 3, 1, 'none', '2025', ''),
(411, 2508117, 120, '', '', '', '', '', 'Islam', 'Bangladeshi', '0000-00-00', '', '', '', 'Gangni', 'Meherpur', 'Active', 3, 1, 'none', '2025', ''),
(412, 2508118, 121, '', '', '', '', '', 'Islam', 'Bangladeshi', '0000-00-00', '', '', '', 'Gangni', 'Meherpur', 'Active', 3, 1, 'none', '2025', ''),
(413, 2508119, 122, '', '', '', '', '', 'Islam', 'Bangladeshi', '0000-00-00', '', '', '', 'Gangni', 'Meherpur', 'Active', 3, 1, 'none', '2025', ''),
(414, 2508120, 123, '', '', '', '', '', 'Islam', 'Bangladeshi', '0000-00-00', '', '', '', 'Gangni', 'Meherpur', 'Active', 3, 1, 'none', '2025', ''),
(415, 2508121, 124, '', '', '', '', '', 'Islam', 'Bangladeshi', '0000-00-00', '', '', '', 'Gangni', 'Meherpur', 'Active', 3, 1, 'none', '2025', ''),
(416, 2508122, 126, '', '', '', '', '', 'Islam', 'Bangladeshi', '0000-00-00', '', '', '', 'Gangni', 'Meherpur', 'Active', 3, 1, 'none', '2025', ''),
(417, 2508123, 128, '', '', '', '', '', 'Islam', 'Bangladeshi', '0000-00-00', '', '', '', 'Gangni', 'Meherpur', 'Active', 3, 1, 'none', '2025', ''),
(418, 2508124, 129, '', '', '', '', '', 'Islam', 'Bangladeshi', '0000-00-00', '', '', '', 'Gangni', 'Meherpur', 'Active', 3, 1, 'none', '2025', ''),
(419, 2508125, 130, '', '', '', '', '', 'Islam', 'Bangladeshi', '0000-00-00', '', '', '', 'Gangni', 'Meherpur', 'Active', 3, 1, 'none', '2025', ''),
(420, 2508126, 131, '', '', '', '', '', 'Islam', 'Bangladeshi', '0000-00-00', '', '', '', 'Gangni', 'Meherpur', 'Active', 3, 1, 'none', '2025', ''),
(421, 2508127, 132, '', '', '', '', '', 'Islam', 'Bangladeshi', '0000-00-00', '', '', '', 'Gangni', 'Meherpur', 'Active', 3, 1, 'none', '2025', ''),
(422, 2508128, 133, '', '', '', '', '', 'Islam', 'Bangladeshi', '0000-00-00', '', '', '', 'Gangni', 'Meherpur', 'Active', 3, 1, 'none', '2025', ''),
(423, 2508129, 134, '', '', '', '', '', 'Islam', 'Bangladeshi', '0000-00-00', '', '', '', 'Gangni', 'Meherpur', 'Active', 3, 1, 'none', '2025', ''),
(424, 2508130, 136, '', '', '', '', '', 'Islam', 'Bangladeshi', '0000-00-00', '', '', '', 'Gangni', 'Meherpur', 'Active', 3, 1, 'none', '2025', ''),
(425, 2508131, 137, '', '', '', '', '', 'Islam', 'Bangladeshi', '0000-00-00', '', '', '', 'Gangni', 'Meherpur', 'Active', 3, 1, 'none', '2025', ''),
(426, 2508132, 139, '', '', '', '', '', 'Islam', 'Bangladeshi', '0000-00-00', '', '', '', 'Gangni', 'Meherpur', 'Active', 3, 1, 'none', '2025', ''),
(427, 2508133, 140, '', '', '', '', '', 'Islam', 'Bangladeshi', '0000-00-00', '', '', '', 'Gangni', 'Meherpur', 'Active', 3, 1, 'none', '2025', ''),
(428, 2508134, 141, '', '', '', '', '', 'Islam', 'Bangladeshi', '0000-00-00', '', '', '', 'Gangni', 'Meherpur', 'Active', 3, 1, 'none', '2025', ''),
(429, 2508135, 142, '', '', '', '', '', 'Islam', 'Bangladeshi', '0000-00-00', '', '', '', 'Gangni', 'Meherpur', 'Active', 3, 1, 'none', '2025', ''),
(430, 2508136, 143, '', '', '', '', '', 'Islam', 'Bangladeshi', '0000-00-00', '', '', '', 'Gangni', 'Meherpur', 'Active', 3, 1, 'none', '2025', ''),
(431, 2508137, 144, '', '', '', '', '', 'Islam', 'Bangladeshi', '0000-00-00', '', '', '', 'Gangni', 'Meherpur', 'Active', 3, 1, 'none', '2025', '');
INSERT INTO `students` (`id`, `student_id`, `roll_no`, `student_name`, `father_name`, `mother_name`, `gender`, `mobile_no`, `religion`, `nationality`, `date_of_birth`, `blood_group`, `village`, `post_office`, `upazilla`, `district`, `status`, `class_id`, `section_id`, `student_group`, `year`, `photo`) VALUES
(432, 2508138, 145, '', '', '', '', '', 'Islam', 'Bangladeshi', '0000-00-00', '', '', '', 'Gangni', 'Meherpur', 'Active', 3, 1, 'none', '2025', ''),
(433, 2508139, 146, '', '', '', '', '', 'Islam', 'Bangladeshi', '0000-00-00', '', '', '', 'Gangni', 'Meherpur', 'Active', 3, 1, 'none', '2025', ''),
(434, 2508140, 147, '', '', '', '', '', 'Islam', 'Bangladeshi', '0000-00-00', '', '', '', 'Gangni', 'Meherpur', 'Active', 3, 1, 'none', '2025', ''),
(435, 2508141, 148, '', '', '', '', '', 'Islam', 'Bangladeshi', '0000-00-00', '', '', '', 'Gangni', 'Meherpur', 'Active', 3, 1, 'none', '2025', ''),
(436, 2508142, 149, '', '', '', '', '', 'Islam', 'Bangladeshi', '0000-00-00', '', '', '', 'Gangni', 'Meherpur', 'Active', 3, 1, 'none', '2025', ''),
(437, 2508143, 150, '', '', '', '', '', 'Islam', 'Bangladeshi', '0000-00-00', '', '', '', 'Gangni', 'Meherpur', 'Active', 3, 1, 'none', '2025', ''),
(438, 2508144, 151, '', '', '', '', '', 'Islam', 'Bangladeshi', '0000-00-00', '', '', '', 'Gangni', 'Meherpur', 'Active', 3, 1, 'none', '2025', ''),
(439, 2508145, 152, '', '', '', '', '', 'Islam', 'Bangladeshi', '0000-00-00', '', '', '', 'Gangni', 'Meherpur', 'Active', 3, 1, 'none', '2025', ''),
(440, 2508146, 153, '', '', '', '', '', 'Islam', 'Bangladeshi', '0000-00-00', '', '', '', 'Gangni', 'Meherpur', 'Active', 3, 1, 'none', '2025', ''),
(441, 2508147, 154, '', '', '', '', '', 'Islam', 'Bangladeshi', '0000-00-00', '', '', '', 'Gangni', 'Meherpur', 'Active', 3, 1, 'none', '2025', ''),
(442, 2508148, 155, '', '', '', '', '', 'Islam', 'Bangladeshi', '0000-00-00', '', '', '', 'Gangni', 'Meherpur', 'Active', 3, 1, 'none', '2025', ''),
(443, 2508149, 159, '', '', '', '', '', 'Islam', 'Bangladeshi', '0000-00-00', '', '', '', 'Gangni', 'Meherpur', 'Active', 3, 1, 'none', '2025', ''),
(444, 2508150, 160, '', '', '', '', '', 'Islam', 'Bangladeshi', '0000-00-00', '', '', '', 'Gangni', 'Meherpur', 'Active', 3, 1, 'none', '2025', ''),
(445, 2508151, 161, '', '', '', '', '', 'Islam', 'Bangladeshi', '0000-00-00', '', '', '', 'Gangni', 'Meherpur', 'Active', 3, 1, 'none', '2025', ''),
(446, 2508152, 162, '', '', '', '', '', 'Islam', 'Bangladeshi', '0000-00-00', '', '', '', 'Gangni', 'Meherpur', 'Active', 3, 1, 'none', '2025', ''),
(447, 2508153, 163, '', '', '', '', '', 'Islam', 'Bangladeshi', '0000-00-00', '', '', '', 'Gangni', 'Meherpur', 'Active', 3, 1, 'none', '2025', '');

-- --------------------------------------------------------

--
-- Table structure for table `student_subjects`
--

CREATE TABLE `student_subjects` (
  `id` int(11) NOT NULL,
  `student_id` int(20) DEFAULT NULL,
  `subject_id` int(11) DEFAULT NULL,
  `created_at` timestamp NOT NULL DEFAULT current_timestamp()
) ENGINE=InnoDB DEFAULT CHARSET=utf8mb4 COLLATE=utf8mb4_unicode_ci;

--
-- Dumping data for table `student_subjects`
--

INSERT INTO `student_subjects` (`id`, `student_id`, `subject_id`, `created_at`) VALUES
(1, 2507140, 11, '2025-07-16 14:03:27'),
(2, 2507140, 12, '2025-07-16 14:03:27'),
(3, 2507140, 13, '2025-07-16 14:03:27'),
(4, 2507140, 14, '2025-07-16 14:03:27'),
(5, 2507140, 15, '2025-07-16 14:03:27'),
(6, 2507140, 16, '2025-07-16 14:03:27'),
(7, 2507140, 17, '2025-07-16 14:03:27'),
(8, 2507140, 18, '2025-07-16 14:03:27'),
(9, 2507140, 19, '2025-07-16 14:03:27'),
(10, 2507140, 20, '2025-07-16 14:03:27'),
(11, 2507139, 11, '2025-07-16 14:03:53'),
(12, 2507139, 12, '2025-07-16 14:03:53'),
(13, 2507139, 13, '2025-07-16 14:03:53'),
(14, 2507139, 14, '2025-07-16 14:03:53'),
(15, 2507139, 15, '2025-07-16 14:03:53'),
(16, 2507139, 16, '2025-07-16 14:03:53'),
(17, 2507139, 17, '2025-07-16 14:03:53'),
(18, 2507139, 18, '2025-07-16 14:03:53'),
(19, 2507139, 19, '2025-07-16 14:03:53'),
(20, 2507139, 20, '2025-07-16 14:03:53'),
(21, 2507138, 11, '2025-07-16 14:03:56'),
(22, 2507138, 12, '2025-07-16 14:03:56'),
(23, 2507138, 13, '2025-07-16 14:03:56'),
(24, 2507138, 14, '2025-07-16 14:03:56'),
(25, 2507138, 15, '2025-07-16 14:03:56'),
(26, 2507138, 16, '2025-07-16 14:03:56'),
(27, 2507138, 17, '2025-07-16 14:03:56'),
(28, 2507138, 18, '2025-07-16 14:03:56'),
(29, 2507138, 19, '2025-07-16 14:03:56'),
(30, 2507138, 20, '2025-07-16 14:03:56'),
(31, 2507137, 11, '2025-07-16 14:03:59'),
(32, 2507137, 12, '2025-07-16 14:03:59'),
(33, 2507137, 13, '2025-07-16 14:03:59'),
(34, 2507137, 14, '2025-07-16 14:03:59'),
(35, 2507137, 15, '2025-07-16 14:03:59'),
(36, 2507137, 16, '2025-07-16 14:03:59'),
(37, 2507137, 17, '2025-07-16 14:03:59'),
(38, 2507137, 18, '2025-07-16 14:03:59'),
(39, 2507137, 19, '2025-07-16 14:03:59'),
(40, 2507137, 20, '2025-07-16 14:03:59'),
(41, 2507136, 11, '2025-07-16 14:04:03'),
(42, 2507136, 12, '2025-07-16 14:04:03'),
(43, 2507136, 13, '2025-07-16 14:04:03'),
(44, 2507136, 14, '2025-07-16 14:04:03'),
(45, 2507136, 15, '2025-07-16 14:04:03'),
(46, 2507136, 16, '2025-07-16 14:04:03'),
(47, 2507136, 17, '2025-07-16 14:04:03'),
(48, 2507136, 18, '2025-07-16 14:04:03'),
(49, 2507136, 19, '2025-07-16 14:04:03'),
(50, 2507136, 20, '2025-07-16 14:04:03'),
(51, 2507135, 11, '2025-07-16 14:04:05'),
(52, 2507135, 12, '2025-07-16 14:04:05'),
(53, 2507135, 13, '2025-07-16 14:04:05'),
(54, 2507135, 14, '2025-07-16 14:04:05'),
(55, 2507135, 15, '2025-07-16 14:04:05'),
(56, 2507135, 16, '2025-07-16 14:04:05'),
(57, 2507135, 17, '2025-07-16 14:04:05'),
(58, 2507135, 18, '2025-07-16 14:04:05'),
(59, 2507135, 19, '2025-07-16 14:04:05'),
(60, 2507135, 20, '2025-07-16 14:04:05'),
(61, 2507134, 11, '2025-07-16 14:06:10'),
(62, 2507134, 12, '2025-07-16 14:06:10'),
(63, 2507134, 13, '2025-07-16 14:06:10'),
(64, 2507134, 14, '2025-07-16 14:06:10'),
(65, 2507134, 15, '2025-07-16 14:06:10'),
(66, 2507134, 16, '2025-07-16 14:06:10'),
(67, 2507134, 17, '2025-07-16 14:06:10'),
(68, 2507134, 18, '2025-07-16 14:06:10'),
(69, 2507134, 19, '2025-07-16 14:06:10'),
(70, 2507134, 20, '2025-07-16 14:06:10'),
(71, 2507133, 11, '2025-07-16 14:06:13'),
(72, 2507133, 12, '2025-07-16 14:06:13'),
(73, 2507133, 13, '2025-07-16 14:06:13'),
(74, 2507133, 14, '2025-07-16 14:06:13'),
(75, 2507133, 15, '2025-07-16 14:06:13'),
(76, 2507133, 16, '2025-07-16 14:06:13'),
(77, 2507133, 17, '2025-07-16 14:06:13'),
(78, 2507133, 18, '2025-07-16 14:06:13'),
(79, 2507133, 19, '2025-07-16 14:06:13'),
(80, 2507133, 20, '2025-07-16 14:06:13'),
(81, 2507131, 11, '2025-07-16 14:06:16'),
(82, 2507131, 12, '2025-07-16 14:06:16'),
(83, 2507131, 13, '2025-07-16 14:06:16'),
(84, 2507131, 14, '2025-07-16 14:06:16'),
(85, 2507131, 15, '2025-07-16 14:06:16'),
(86, 2507131, 16, '2025-07-16 14:06:16'),
(87, 2507131, 17, '2025-07-16 14:06:16'),
(88, 2507131, 18, '2025-07-16 14:06:16'),
(89, 2507131, 19, '2025-07-16 14:06:16'),
(90, 2507131, 20, '2025-07-16 14:06:16'),
(91, 2507129, 11, '2025-07-16 14:06:20'),
(92, 2507129, 12, '2025-07-16 14:06:20'),
(93, 2507129, 13, '2025-07-16 14:06:20'),
(94, 2507129, 14, '2025-07-16 14:06:20'),
(95, 2507129, 15, '2025-07-16 14:06:20'),
(96, 2507129, 16, '2025-07-16 14:06:20'),
(97, 2507129, 17, '2025-07-16 14:06:20'),
(98, 2507129, 18, '2025-07-16 14:06:20'),
(99, 2507129, 19, '2025-07-16 14:06:20'),
(100, 2507129, 20, '2025-07-16 14:06:20'),
(101, 2507128, 11, '2025-07-16 14:06:23'),
(102, 2507128, 12, '2025-07-16 14:06:23'),
(103, 2507128, 13, '2025-07-16 14:06:23'),
(104, 2507128, 14, '2025-07-16 14:06:23'),
(105, 2507128, 15, '2025-07-16 14:06:23'),
(106, 2507128, 16, '2025-07-16 14:06:23'),
(107, 2507128, 17, '2025-07-16 14:06:23'),
(108, 2507128, 18, '2025-07-16 14:06:23'),
(109, 2507128, 19, '2025-07-16 14:06:23'),
(110, 2507128, 20, '2025-07-16 14:06:23'),
(111, 2507132, 11, '2025-07-16 14:08:53'),
(112, 2507132, 12, '2025-07-16 14:08:53'),
(113, 2507132, 13, '2025-07-16 14:08:53'),
(114, 2507132, 14, '2025-07-16 14:08:53'),
(115, 2507132, 15, '2025-07-16 14:08:53'),
(116, 2507132, 16, '2025-07-16 14:08:53'),
(117, 2507132, 17, '2025-07-16 14:08:53'),
(118, 2507132, 18, '2025-07-16 14:08:53'),
(119, 2507132, 19, '2025-07-16 14:08:53'),
(120, 2507132, 20, '2025-07-16 14:08:53'),
(121, 2507130, 11, '2025-07-16 14:08:57'),
(122, 2507130, 12, '2025-07-16 14:08:57'),
(123, 2507130, 13, '2025-07-16 14:08:57'),
(124, 2507130, 14, '2025-07-16 14:08:57'),
(125, 2507130, 15, '2025-07-16 14:08:57'),
(126, 2507130, 16, '2025-07-16 14:08:57'),
(127, 2507130, 17, '2025-07-16 14:08:57'),
(128, 2507130, 18, '2025-07-16 14:08:57'),
(129, 2507130, 19, '2025-07-16 14:08:57'),
(130, 2507130, 20, '2025-07-16 14:08:57'),
(131, 2507127, 11, '2025-07-16 14:09:01'),
(132, 2507127, 12, '2025-07-16 14:09:01'),
(133, 2507127, 13, '2025-07-16 14:09:01'),
(134, 2507127, 14, '2025-07-16 14:09:01'),
(135, 2507127, 15, '2025-07-16 14:09:01'),
(136, 2507127, 16, '2025-07-16 14:09:01'),
(137, 2507127, 17, '2025-07-16 14:09:01'),
(138, 2507127, 18, '2025-07-16 14:09:01'),
(139, 2507127, 19, '2025-07-16 14:09:01'),
(140, 2507127, 20, '2025-07-16 14:09:01'),
(161, 2507124, 11, '2025-07-16 14:09:12'),
(162, 2507124, 12, '2025-07-16 14:09:12'),
(163, 2507124, 13, '2025-07-16 14:09:12'),
(164, 2507124, 14, '2025-07-16 14:09:12'),
(165, 2507124, 15, '2025-07-16 14:09:12'),
(166, 2507124, 16, '2025-07-16 14:09:12'),
(167, 2507124, 17, '2025-07-16 14:09:12'),
(168, 2507124, 18, '2025-07-16 14:09:12'),
(169, 2507124, 19, '2025-07-16 14:09:12'),
(170, 2507124, 20, '2025-07-16 14:09:12'),
(171, 2507125, 11, '2025-07-16 14:09:18'),
(172, 2507125, 12, '2025-07-16 14:09:18'),
(173, 2507125, 13, '2025-07-16 14:09:18'),
(174, 2507125, 14, '2025-07-16 14:09:18'),
(175, 2507125, 15, '2025-07-16 14:09:18'),
(176, 2507125, 16, '2025-07-16 14:09:18'),
(177, 2507125, 17, '2025-07-16 14:09:18'),
(178, 2507125, 18, '2025-07-16 14:09:18'),
(179, 2507125, 19, '2025-07-16 14:09:18'),
(180, 2507125, 20, '2025-07-16 14:09:18'),
(191, 2507126, 11, '2025-07-16 14:09:51'),
(192, 2507126, 12, '2025-07-16 14:09:51'),
(193, 2507126, 13, '2025-07-16 14:09:51'),
(194, 2507126, 14, '2025-07-16 14:09:51'),
(195, 2507126, 15, '2025-07-16 14:09:51'),
(196, 2507126, 16, '2025-07-16 14:09:51'),
(197, 2507126, 17, '2025-07-16 14:09:51'),
(198, 2507126, 18, '2025-07-16 14:09:51'),
(199, 2507126, 19, '2025-07-16 14:09:51'),
(200, 2507126, 20, '2025-07-16 14:09:51'),
(201, 2507123, 11, '2025-07-16 14:11:50'),
(202, 2507123, 12, '2025-07-16 14:11:50'),
(203, 2507123, 13, '2025-07-16 14:11:50'),
(204, 2507123, 14, '2025-07-16 14:11:50'),
(205, 2507123, 15, '2025-07-16 14:11:50'),
(206, 2507123, 16, '2025-07-16 14:11:50'),
(207, 2507123, 17, '2025-07-16 14:11:50'),
(208, 2507123, 18, '2025-07-16 14:11:50'),
(209, 2507123, 19, '2025-07-16 14:11:50'),
(210, 2507123, 20, '2025-07-16 14:11:50'),
(211, 2507122, 11, '2025-07-16 14:11:54'),
(212, 2507122, 12, '2025-07-16 14:11:54'),
(213, 2507122, 13, '2025-07-16 14:11:54'),
(214, 2507122, 14, '2025-07-16 14:11:54'),
(215, 2507122, 15, '2025-07-16 14:11:54'),
(216, 2507122, 16, '2025-07-16 14:11:54'),
(217, 2507122, 17, '2025-07-16 14:11:54'),
(218, 2507122, 18, '2025-07-16 14:11:54'),
(219, 2507122, 19, '2025-07-16 14:11:54'),
(220, 2507122, 20, '2025-07-16 14:11:54'),
(221, 2507121, 11, '2025-07-16 14:11:58'),
(222, 2507121, 12, '2025-07-16 14:11:58'),
(223, 2507121, 13, '2025-07-16 14:11:58'),
(224, 2507121, 14, '2025-07-16 14:11:58'),
(225, 2507121, 15, '2025-07-16 14:11:58'),
(226, 2507121, 16, '2025-07-16 14:11:58'),
(227, 2507121, 17, '2025-07-16 14:11:58'),
(228, 2507121, 18, '2025-07-16 14:11:58'),
(229, 2507121, 19, '2025-07-16 14:11:58'),
(230, 2507121, 20, '2025-07-16 14:11:58'),
(231, 2507120, 11, '2025-07-16 14:12:02'),
(232, 2507120, 12, '2025-07-16 14:12:02'),
(233, 2507120, 13, '2025-07-16 14:12:02'),
(234, 2507120, 14, '2025-07-16 14:12:02'),
(235, 2507120, 15, '2025-07-16 14:12:02'),
(236, 2507120, 16, '2025-07-16 14:12:02'),
(237, 2507120, 17, '2025-07-16 14:12:02'),
(238, 2507120, 18, '2025-07-16 14:12:02'),
(239, 2507120, 19, '2025-07-16 14:12:02'),
(240, 2507120, 20, '2025-07-16 14:12:02'),
(241, 2507119, 11, '2025-07-16 14:12:12'),
(242, 2507119, 12, '2025-07-16 14:12:12'),
(243, 2507119, 13, '2025-07-16 14:12:12'),
(244, 2507119, 14, '2025-07-16 14:12:12'),
(245, 2507119, 15, '2025-07-16 14:12:12'),
(246, 2507119, 16, '2025-07-16 14:12:12'),
(247, 2507119, 17, '2025-07-16 14:12:12'),
(248, 2507119, 18, '2025-07-16 14:12:12'),
(249, 2507119, 19, '2025-07-16 14:12:12'),
(250, 2507119, 20, '2025-07-16 14:12:12'),
(251, 2507118, 11, '2025-07-16 14:12:17'),
(252, 2507118, 12, '2025-07-16 14:12:17'),
(253, 2507118, 13, '2025-07-16 14:12:17'),
(254, 2507118, 14, '2025-07-16 14:12:17'),
(255, 2507118, 15, '2025-07-16 14:12:17'),
(256, 2507118, 16, '2025-07-16 14:12:17'),
(257, 2507118, 17, '2025-07-16 14:12:17'),
(258, 2507118, 18, '2025-07-16 14:12:17'),
(259, 2507118, 19, '2025-07-16 14:12:17'),
(260, 2507118, 20, '2025-07-16 14:12:17'),
(261, 2507117, 11, '2025-07-16 14:12:20'),
(262, 2507117, 12, '2025-07-16 14:12:20'),
(263, 2507117, 13, '2025-07-16 14:12:20'),
(264, 2507117, 14, '2025-07-16 14:12:20'),
(265, 2507117, 15, '2025-07-16 14:12:20'),
(266, 2507117, 16, '2025-07-16 14:12:20'),
(267, 2507117, 17, '2025-07-16 14:12:20'),
(268, 2507117, 18, '2025-07-16 14:12:20'),
(269, 2507117, 19, '2025-07-16 14:12:20'),
(270, 2507117, 20, '2025-07-16 14:12:20'),
(271, 2507116, 11, '2025-07-16 14:12:23'),
(272, 2507116, 12, '2025-07-16 14:12:23'),
(273, 2507116, 13, '2025-07-16 14:12:23'),
(274, 2507116, 14, '2025-07-16 14:12:23'),
(275, 2507116, 15, '2025-07-16 14:12:23'),
(276, 2507116, 16, '2025-07-16 14:12:23'),
(277, 2507116, 17, '2025-07-16 14:12:23'),
(278, 2507116, 18, '2025-07-16 14:12:23'),
(279, 2507116, 19, '2025-07-16 14:12:23'),
(280, 2507116, 20, '2025-07-16 14:12:23'),
(281, 2507115, 11, '2025-07-16 14:12:26'),
(282, 2507115, 12, '2025-07-16 14:12:26'),
(283, 2507115, 13, '2025-07-16 14:12:26'),
(284, 2507115, 14, '2025-07-16 14:12:26'),
(285, 2507115, 15, '2025-07-16 14:12:26'),
(286, 2507115, 16, '2025-07-16 14:12:26'),
(287, 2507115, 17, '2025-07-16 14:12:26'),
(288, 2507115, 18, '2025-07-16 14:12:26'),
(289, 2507115, 19, '2025-07-16 14:12:26'),
(290, 2507115, 20, '2025-07-16 14:12:26'),
(291, 2507114, 11, '2025-07-16 14:13:13'),
(292, 2507114, 12, '2025-07-16 14:13:13'),
(293, 2507114, 13, '2025-07-16 14:13:13'),
(294, 2507114, 14, '2025-07-16 14:13:13'),
(295, 2507114, 15, '2025-07-16 14:13:13'),
(296, 2507114, 16, '2025-07-16 14:13:13'),
(297, 2507114, 17, '2025-07-16 14:13:13'),
(298, 2507114, 18, '2025-07-16 14:13:13'),
(299, 2507114, 19, '2025-07-16 14:13:13'),
(300, 2507114, 20, '2025-07-16 14:13:13'),
(301, 2507113, 11, '2025-07-16 14:13:25'),
(302, 2507113, 12, '2025-07-16 14:13:25'),
(303, 2507113, 13, '2025-07-16 14:13:25'),
(304, 2507113, 14, '2025-07-16 14:13:25'),
(305, 2507113, 15, '2025-07-16 14:13:25'),
(306, 2507113, 16, '2025-07-16 14:13:25'),
(307, 2507113, 17, '2025-07-16 14:13:25'),
(308, 2507113, 18, '2025-07-16 14:13:25'),
(309, 2507113, 19, '2025-07-16 14:13:25'),
(310, 2507113, 20, '2025-07-16 14:13:25'),
(311, 2507112, 11, '2025-07-16 14:13:30'),
(312, 2507112, 12, '2025-07-16 14:13:30'),
(313, 2507112, 13, '2025-07-16 14:13:30'),
(314, 2507112, 14, '2025-07-16 14:13:30'),
(315, 2507112, 15, '2025-07-16 14:13:30'),
(316, 2507112, 16, '2025-07-16 14:13:30'),
(317, 2507112, 17, '2025-07-16 14:13:30'),
(318, 2507112, 18, '2025-07-16 14:13:30'),
(319, 2507112, 19, '2025-07-16 14:13:30'),
(320, 2507112, 20, '2025-07-16 14:13:30'),
(321, 2507111, 11, '2025-07-16 14:13:33'),
(322, 2507111, 12, '2025-07-16 14:13:33'),
(323, 2507111, 13, '2025-07-16 14:13:33'),
(324, 2507111, 14, '2025-07-16 14:13:33'),
(325, 2507111, 15, '2025-07-16 14:13:33'),
(326, 2507111, 16, '2025-07-16 14:13:33'),
(327, 2507111, 17, '2025-07-16 14:13:33'),
(328, 2507111, 18, '2025-07-16 14:13:33'),
(329, 2507111, 19, '2025-07-16 14:13:33'),
(330, 2507111, 20, '2025-07-16 14:13:33'),
(331, 2507110, 11, '2025-07-16 14:13:36'),
(332, 2507110, 12, '2025-07-16 14:13:36'),
(333, 2507110, 13, '2025-07-16 14:13:36'),
(334, 2507110, 14, '2025-07-16 14:13:36'),
(335, 2507110, 15, '2025-07-16 14:13:36'),
(336, 2507110, 16, '2025-07-16 14:13:36'),
(337, 2507110, 17, '2025-07-16 14:13:36'),
(338, 2507110, 18, '2025-07-16 14:13:36'),
(339, 2507110, 19, '2025-07-16 14:13:36'),
(340, 2507110, 20, '2025-07-16 14:13:36'),
(341, 2507109, 11, '2025-07-16 14:13:39'),
(342, 2507109, 12, '2025-07-16 14:13:39'),
(343, 2507109, 13, '2025-07-16 14:13:39'),
(344, 2507109, 14, '2025-07-16 14:13:39'),
(345, 2507109, 15, '2025-07-16 14:13:39'),
(346, 2507109, 16, '2025-07-16 14:13:39'),
(347, 2507109, 17, '2025-07-16 14:13:39'),
(348, 2507109, 18, '2025-07-16 14:13:39'),
(349, 2507109, 19, '2025-07-16 14:13:39'),
(350, 2507109, 20, '2025-07-16 14:13:39'),
(351, 2507108, 11, '2025-07-16 14:13:41'),
(352, 2507108, 12, '2025-07-16 14:13:41'),
(353, 2507108, 13, '2025-07-16 14:13:41'),
(354, 2507108, 14, '2025-07-16 14:13:41'),
(355, 2507108, 15, '2025-07-16 14:13:41'),
(356, 2507108, 16, '2025-07-16 14:13:41'),
(357, 2507108, 17, '2025-07-16 14:13:41'),
(358, 2507108, 18, '2025-07-16 14:13:41'),
(359, 2507108, 19, '2025-07-16 14:13:41'),
(360, 2507108, 20, '2025-07-16 14:13:41'),
(361, 2507107, 11, '2025-07-16 14:13:44'),
(362, 2507107, 12, '2025-07-16 14:13:44'),
(363, 2507107, 13, '2025-07-16 14:13:44'),
(364, 2507107, 14, '2025-07-16 14:13:44'),
(365, 2507107, 15, '2025-07-16 14:13:44'),
(366, 2507107, 16, '2025-07-16 14:13:44'),
(367, 2507107, 17, '2025-07-16 14:13:44'),
(368, 2507107, 18, '2025-07-16 14:13:44'),
(369, 2507107, 19, '2025-07-16 14:13:44'),
(370, 2507107, 20, '2025-07-16 14:13:44'),
(371, 2507106, 11, '2025-07-16 14:13:47'),
(372, 2507106, 12, '2025-07-16 14:13:47'),
(373, 2507106, 13, '2025-07-16 14:13:47'),
(374, 2507106, 14, '2025-07-16 14:13:47'),
(375, 2507106, 15, '2025-07-16 14:13:47'),
(376, 2507106, 16, '2025-07-16 14:13:47'),
(377, 2507106, 17, '2025-07-16 14:13:47'),
(378, 2507106, 18, '2025-07-16 14:13:47'),
(379, 2507106, 19, '2025-07-16 14:13:47'),
(380, 2507106, 20, '2025-07-16 14:13:47'),
(381, 2507105, 11, '2025-07-16 14:13:49'),
(382, 2507105, 12, '2025-07-16 14:13:49'),
(383, 2507105, 13, '2025-07-16 14:13:49'),
(384, 2507105, 14, '2025-07-16 14:13:49'),
(385, 2507105, 15, '2025-07-16 14:13:49'),
(386, 2507105, 16, '2025-07-16 14:13:49'),
(387, 2507105, 17, '2025-07-16 14:13:49'),
(388, 2507105, 18, '2025-07-16 14:13:49'),
(389, 2507105, 19, '2025-07-16 14:13:49'),
(390, 2507105, 20, '2025-07-16 14:13:49'),
(391, 2507103, 11, '2025-07-16 14:13:52'),
(392, 2507103, 12, '2025-07-16 14:13:52'),
(393, 2507103, 13, '2025-07-16 14:13:52'),
(394, 2507103, 14, '2025-07-16 14:13:52'),
(395, 2507103, 15, '2025-07-16 14:13:52'),
(396, 2507103, 16, '2025-07-16 14:13:52'),
(397, 2507103, 17, '2025-07-16 14:13:52'),
(398, 2507103, 18, '2025-07-16 14:13:52'),
(399, 2507103, 19, '2025-07-16 14:13:52'),
(400, 2507103, 20, '2025-07-16 14:13:52'),
(401, 2507101, 11, '2025-07-16 14:13:55'),
(402, 2507101, 12, '2025-07-16 14:13:55'),
(403, 2507101, 13, '2025-07-16 14:13:55'),
(404, 2507101, 14, '2025-07-16 14:13:55'),
(405, 2507101, 15, '2025-07-16 14:13:55'),
(406, 2507101, 16, '2025-07-16 14:13:55'),
(407, 2507101, 17, '2025-07-16 14:13:55'),
(408, 2507101, 18, '2025-07-16 14:13:55'),
(409, 2507101, 19, '2025-07-16 14:13:55'),
(410, 2507101, 20, '2025-07-16 14:13:55'),
(411, 2507104, 11, '2025-07-16 14:14:35'),
(412, 2507104, 12, '2025-07-16 14:14:35'),
(413, 2507104, 13, '2025-07-16 14:14:35'),
(414, 2507104, 14, '2025-07-16 14:14:35'),
(415, 2507104, 15, '2025-07-16 14:14:35'),
(416, 2507104, 16, '2025-07-16 14:14:35'),
(417, 2507104, 17, '2025-07-16 14:14:35'),
(418, 2507104, 18, '2025-07-16 14:14:35'),
(419, 2507104, 19, '2025-07-16 14:14:35'),
(420, 2507104, 20, '2025-07-16 14:14:35'),
(421, 2507102, 11, '2025-07-16 14:14:38'),
(422, 2507102, 12, '2025-07-16 14:14:38'),
(423, 2507102, 13, '2025-07-16 14:14:38'),
(424, 2507102, 14, '2025-07-16 14:14:38'),
(425, 2507102, 15, '2025-07-16 14:14:38'),
(426, 2507102, 16, '2025-07-16 14:14:38'),
(427, 2507102, 17, '2025-07-16 14:14:38'),
(428, 2507102, 18, '2025-07-16 14:14:38'),
(429, 2507102, 19, '2025-07-16 14:14:38'),
(430, 2507102, 20, '2025-07-16 14:14:38'),
(441, 2507100, 11, '2025-07-16 14:14:50'),
(442, 2507100, 12, '2025-07-16 14:14:50'),
(443, 2507100, 13, '2025-07-16 14:14:50'),
(444, 2507100, 14, '2025-07-16 14:14:50'),
(445, 2507100, 15, '2025-07-16 14:14:50'),
(446, 2507100, 16, '2025-07-16 14:14:50'),
(447, 2507100, 17, '2025-07-16 14:14:50'),
(448, 2507100, 18, '2025-07-16 14:14:50'),
(449, 2507100, 19, '2025-07-16 14:14:50'),
(450, 2507100, 20, '2025-07-16 14:14:50'),
(451, 2507099, 11, '2025-07-16 14:14:53'),
(452, 2507099, 12, '2025-07-16 14:14:53'),
(453, 2507099, 13, '2025-07-16 14:14:53'),
(454, 2507099, 14, '2025-07-16 14:14:53'),
(455, 2507099, 15, '2025-07-16 14:14:53'),
(456, 2507099, 16, '2025-07-16 14:14:53'),
(457, 2507099, 17, '2025-07-16 14:14:53'),
(458, 2507099, 18, '2025-07-16 14:14:53'),
(459, 2507099, 19, '2025-07-16 14:14:53'),
(460, 2507099, 20, '2025-07-16 14:14:53'),
(461, 2507098, 11, '2025-07-16 14:14:56'),
(462, 2507098, 12, '2025-07-16 14:14:56'),
(463, 2507098, 13, '2025-07-16 14:14:56'),
(464, 2507098, 14, '2025-07-16 14:14:56'),
(465, 2507098, 15, '2025-07-16 14:14:56'),
(466, 2507098, 16, '2025-07-16 14:14:56'),
(467, 2507098, 17, '2025-07-16 14:14:56'),
(468, 2507098, 18, '2025-07-16 14:14:56'),
(469, 2507098, 19, '2025-07-16 14:14:56'),
(470, 2507098, 20, '2025-07-16 14:14:56'),
(471, 2507097, 11, '2025-07-16 14:14:59'),
(472, 2507097, 12, '2025-07-16 14:14:59'),
(473, 2507097, 13, '2025-07-16 14:14:59'),
(474, 2507097, 14, '2025-07-16 14:14:59'),
(475, 2507097, 15, '2025-07-16 14:14:59'),
(476, 2507097, 16, '2025-07-16 14:14:59'),
(477, 2507097, 17, '2025-07-16 14:14:59'),
(478, 2507097, 18, '2025-07-16 14:14:59'),
(479, 2507097, 19, '2025-07-16 14:14:59'),
(480, 2507097, 20, '2025-07-16 14:14:59'),
(481, 2507096, 11, '2025-07-16 14:15:01'),
(482, 2507096, 12, '2025-07-16 14:15:01'),
(483, 2507096, 13, '2025-07-16 14:15:01'),
(484, 2507096, 14, '2025-07-16 14:15:01'),
(485, 2507096, 15, '2025-07-16 14:15:01'),
(486, 2507096, 16, '2025-07-16 14:15:01'),
(487, 2507096, 17, '2025-07-16 14:15:01'),
(488, 2507096, 18, '2025-07-16 14:15:01'),
(489, 2507096, 19, '2025-07-16 14:15:01'),
(490, 2507096, 20, '2025-07-16 14:15:01'),
(491, 2507095, 11, '2025-07-16 14:15:03'),
(492, 2507095, 12, '2025-07-16 14:15:03'),
(493, 2507095, 13, '2025-07-16 14:15:03'),
(494, 2507095, 14, '2025-07-16 14:15:03'),
(495, 2507095, 15, '2025-07-16 14:15:03'),
(496, 2507095, 16, '2025-07-16 14:15:03'),
(497, 2507095, 17, '2025-07-16 14:15:03'),
(498, 2507095, 18, '2025-07-16 14:15:03'),
(499, 2507095, 19, '2025-07-16 14:15:03'),
(500, 2507095, 20, '2025-07-16 14:15:03'),
(501, 2507094, 11, '2025-07-16 14:19:28'),
(502, 2507094, 12, '2025-07-16 14:19:28'),
(503, 2507094, 13, '2025-07-16 14:19:28'),
(504, 2507094, 14, '2025-07-16 14:19:28'),
(505, 2507094, 15, '2025-07-16 14:19:28'),
(506, 2507094, 16, '2025-07-16 14:19:28'),
(507, 2507094, 17, '2025-07-16 14:19:28'),
(508, 2507094, 18, '2025-07-16 14:19:28'),
(509, 2507094, 19, '2025-07-16 14:19:28'),
(510, 2507094, 20, '2025-07-16 14:19:28'),
(511, 2507093, 11, '2025-07-16 14:19:31'),
(512, 2507093, 12, '2025-07-16 14:19:31'),
(513, 2507093, 13, '2025-07-16 14:19:31'),
(514, 2507093, 14, '2025-07-16 14:19:31'),
(515, 2507093, 15, '2025-07-16 14:19:31'),
(516, 2507093, 16, '2025-07-16 14:19:31'),
(517, 2507093, 17, '2025-07-16 14:19:31'),
(518, 2507093, 18, '2025-07-16 14:19:31'),
(519, 2507093, 19, '2025-07-16 14:19:31'),
(520, 2507093, 20, '2025-07-16 14:19:31'),
(521, 2507092, 11, '2025-07-16 14:19:33'),
(522, 2507092, 12, '2025-07-16 14:19:33'),
(523, 2507092, 13, '2025-07-16 14:19:33'),
(524, 2507092, 14, '2025-07-16 14:19:33'),
(525, 2507092, 15, '2025-07-16 14:19:33'),
(526, 2507092, 16, '2025-07-16 14:19:33'),
(527, 2507092, 17, '2025-07-16 14:19:33'),
(528, 2507092, 18, '2025-07-16 14:19:33'),
(529, 2507092, 19, '2025-07-16 14:19:33'),
(530, 2507092, 20, '2025-07-16 14:19:33'),
(531, 2507091, 11, '2025-07-16 14:19:36'),
(532, 2507091, 12, '2025-07-16 14:19:36'),
(533, 2507091, 13, '2025-07-16 14:19:36'),
(534, 2507091, 14, '2025-07-16 14:19:36'),
(535, 2507091, 15, '2025-07-16 14:19:36'),
(536, 2507091, 16, '2025-07-16 14:19:36'),
(537, 2507091, 17, '2025-07-16 14:19:36'),
(538, 2507091, 18, '2025-07-16 14:19:36'),
(539, 2507091, 19, '2025-07-16 14:19:36'),
(540, 2507091, 20, '2025-07-16 14:19:36'),
(541, 2507090, 11, '2025-07-16 14:19:38'),
(542, 2507090, 12, '2025-07-16 14:19:38'),
(543, 2507090, 13, '2025-07-16 14:19:38'),
(544, 2507090, 14, '2025-07-16 14:19:38'),
(545, 2507090, 15, '2025-07-16 14:19:38'),
(546, 2507090, 16, '2025-07-16 14:19:38'),
(547, 2507090, 17, '2025-07-16 14:19:38'),
(548, 2507090, 18, '2025-07-16 14:19:38'),
(549, 2507090, 19, '2025-07-16 14:19:38'),
(550, 2507090, 20, '2025-07-16 14:19:38'),
(551, 2507089, 11, '2025-07-16 14:19:41'),
(552, 2507089, 12, '2025-07-16 14:19:41'),
(553, 2507089, 13, '2025-07-16 14:19:41'),
(554, 2507089, 14, '2025-07-16 14:19:41'),
(555, 2507089, 15, '2025-07-16 14:19:41'),
(556, 2507089, 16, '2025-07-16 14:19:41'),
(557, 2507089, 17, '2025-07-16 14:19:41'),
(558, 2507089, 18, '2025-07-16 14:19:41'),
(559, 2507089, 19, '2025-07-16 14:19:41'),
(560, 2507089, 20, '2025-07-16 14:19:41'),
(561, 2507088, 11, '2025-07-16 14:19:42'),
(562, 2507088, 12, '2025-07-16 14:19:42'),
(563, 2507088, 13, '2025-07-16 14:19:42'),
(564, 2507088, 14, '2025-07-16 14:19:42'),
(565, 2507088, 15, '2025-07-16 14:19:42'),
(566, 2507088, 16, '2025-07-16 14:19:42'),
(567, 2507088, 17, '2025-07-16 14:19:42'),
(568, 2507088, 18, '2025-07-16 14:19:42'),
(569, 2507088, 19, '2025-07-16 14:19:42'),
(570, 2507088, 20, '2025-07-16 14:19:42'),
(571, 2507087, 11, '2025-07-16 14:19:44'),
(572, 2507087, 12, '2025-07-16 14:19:44'),
(573, 2507087, 13, '2025-07-16 14:19:44'),
(574, 2507087, 14, '2025-07-16 14:19:44'),
(575, 2507087, 15, '2025-07-16 14:19:44'),
(576, 2507087, 16, '2025-07-16 14:19:44'),
(577, 2507087, 17, '2025-07-16 14:19:44'),
(578, 2507087, 18, '2025-07-16 14:19:44'),
(579, 2507087, 19, '2025-07-16 14:19:44'),
(580, 2507087, 20, '2025-07-16 14:19:44'),
(581, 2507086, 11, '2025-07-16 14:19:46'),
(582, 2507086, 12, '2025-07-16 14:19:46'),
(583, 2507086, 13, '2025-07-16 14:19:46'),
(584, 2507086, 14, '2025-07-16 14:19:46'),
(585, 2507086, 15, '2025-07-16 14:19:46'),
(586, 2507086, 16, '2025-07-16 14:19:46'),
(587, 2507086, 17, '2025-07-16 14:19:46'),
(588, 2507086, 18, '2025-07-16 14:19:46'),
(589, 2507086, 19, '2025-07-16 14:19:46'),
(590, 2507086, 20, '2025-07-16 14:19:46'),
(591, 2507085, 11, '2025-07-16 14:19:48'),
(592, 2507085, 12, '2025-07-16 14:19:48'),
(593, 2507085, 13, '2025-07-16 14:19:48'),
(594, 2507085, 14, '2025-07-16 14:19:48'),
(595, 2507085, 15, '2025-07-16 14:19:48'),
(596, 2507085, 16, '2025-07-16 14:19:48'),
(597, 2507085, 17, '2025-07-16 14:19:48'),
(598, 2507085, 18, '2025-07-16 14:19:48'),
(599, 2507085, 19, '2025-07-16 14:19:48'),
(600, 2507085, 20, '2025-07-16 14:19:48'),
(601, 2507084, 11, '2025-07-16 14:19:50'),
(602, 2507084, 12, '2025-07-16 14:19:50'),
(603, 2507084, 13, '2025-07-16 14:19:50'),
(604, 2507084, 14, '2025-07-16 14:19:50'),
(605, 2507084, 15, '2025-07-16 14:19:50'),
(606, 2507084, 16, '2025-07-16 14:19:50'),
(607, 2507084, 17, '2025-07-16 14:19:50'),
(608, 2507084, 18, '2025-07-16 14:19:50'),
(609, 2507084, 19, '2025-07-16 14:19:50'),
(610, 2507084, 20, '2025-07-16 14:19:50'),
(611, 2507083, 11, '2025-07-16 14:19:52'),
(612, 2507083, 12, '2025-07-16 14:19:52'),
(613, 2507083, 13, '2025-07-16 14:19:52'),
(614, 2507083, 14, '2025-07-16 14:19:52'),
(615, 2507083, 15, '2025-07-16 14:19:52'),
(616, 2507083, 16, '2025-07-16 14:19:52'),
(617, 2507083, 17, '2025-07-16 14:19:52'),
(618, 2507083, 18, '2025-07-16 14:19:52'),
(619, 2507083, 19, '2025-07-16 14:19:52'),
(620, 2507083, 20, '2025-07-16 14:19:52'),
(621, 2507082, 11, '2025-07-16 14:19:54'),
(622, 2507082, 12, '2025-07-16 14:19:54'),
(623, 2507082, 13, '2025-07-16 14:19:54'),
(624, 2507082, 14, '2025-07-16 14:19:54'),
(625, 2507082, 15, '2025-07-16 14:19:54'),
(626, 2507082, 16, '2025-07-16 14:19:54'),
(627, 2507082, 17, '2025-07-16 14:19:54'),
(628, 2507082, 18, '2025-07-16 14:19:54'),
(629, 2507082, 19, '2025-07-16 14:19:54'),
(630, 2507082, 20, '2025-07-16 14:19:54'),
(631, 2507081, 11, '2025-07-16 14:19:55'),
(632, 2507081, 12, '2025-07-16 14:19:55'),
(633, 2507081, 13, '2025-07-16 14:19:55'),
(634, 2507081, 14, '2025-07-16 14:19:55'),
(635, 2507081, 15, '2025-07-16 14:19:55'),
(636, 2507081, 16, '2025-07-16 14:19:55'),
(637, 2507081, 17, '2025-07-16 14:19:55'),
(638, 2507081, 18, '2025-07-16 14:19:55'),
(639, 2507081, 19, '2025-07-16 14:19:55'),
(640, 2507081, 20, '2025-07-16 14:19:55'),
(641, 2507080, 11, '2025-07-16 14:19:58'),
(642, 2507080, 12, '2025-07-16 14:19:58'),
(643, 2507080, 13, '2025-07-16 14:19:58'),
(644, 2507080, 14, '2025-07-16 14:19:58'),
(645, 2507080, 15, '2025-07-16 14:19:58'),
(646, 2507080, 16, '2025-07-16 14:19:58'),
(647, 2507080, 17, '2025-07-16 14:19:58'),
(648, 2507080, 18, '2025-07-16 14:19:58'),
(649, 2507080, 19, '2025-07-16 14:19:58'),
(650, 2507080, 20, '2025-07-16 14:19:58'),
(651, 2507079, 11, '2025-07-16 14:19:59'),
(652, 2507079, 12, '2025-07-16 14:19:59'),
(653, 2507079, 13, '2025-07-16 14:19:59'),
(654, 2507079, 14, '2025-07-16 14:19:59'),
(655, 2507079, 15, '2025-07-16 14:19:59'),
(656, 2507079, 16, '2025-07-16 14:19:59'),
(657, 2507079, 17, '2025-07-16 14:19:59'),
(658, 2507079, 18, '2025-07-16 14:19:59'),
(659, 2507079, 19, '2025-07-16 14:19:59'),
(660, 2507079, 20, '2025-07-16 14:19:59'),
(661, 2507078, 11, '2025-07-16 14:20:01'),
(662, 2507078, 12, '2025-07-16 14:20:01'),
(663, 2507078, 13, '2025-07-16 14:20:01'),
(664, 2507078, 14, '2025-07-16 14:20:01'),
(665, 2507078, 15, '2025-07-16 14:20:01'),
(666, 2507078, 16, '2025-07-16 14:20:01'),
(667, 2507078, 17, '2025-07-16 14:20:01'),
(668, 2507078, 18, '2025-07-16 14:20:01'),
(669, 2507078, 19, '2025-07-16 14:20:01'),
(670, 2507078, 20, '2025-07-16 14:20:01'),
(671, 2507077, 11, '2025-07-16 14:20:03'),
(672, 2507077, 12, '2025-07-16 14:20:03'),
(673, 2507077, 13, '2025-07-16 14:20:03'),
(674, 2507077, 14, '2025-07-16 14:20:03'),
(675, 2507077, 15, '2025-07-16 14:20:03'),
(676, 2507077, 16, '2025-07-16 14:20:03'),
(677, 2507077, 17, '2025-07-16 14:20:03'),
(678, 2507077, 18, '2025-07-16 14:20:03'),
(679, 2507077, 19, '2025-07-16 14:20:03'),
(680, 2507077, 20, '2025-07-16 14:20:03'),
(681, 2507076, 11, '2025-07-16 14:20:05'),
(682, 2507076, 12, '2025-07-16 14:20:05'),
(683, 2507076, 13, '2025-07-16 14:20:05'),
(684, 2507076, 14, '2025-07-16 14:20:05'),
(685, 2507076, 15, '2025-07-16 14:20:05'),
(686, 2507076, 16, '2025-07-16 14:20:05'),
(687, 2507076, 17, '2025-07-16 14:20:05'),
(688, 2507076, 18, '2025-07-16 14:20:05'),
(689, 2507076, 19, '2025-07-16 14:20:05'),
(690, 2507076, 20, '2025-07-16 14:20:05'),
(701, 2507075, 11, '2025-07-16 14:20:08'),
(702, 2507075, 12, '2025-07-16 14:20:08'),
(703, 2507075, 13, '2025-07-16 14:20:08'),
(704, 2507075, 14, '2025-07-16 14:20:08'),
(705, 2507075, 15, '2025-07-16 14:20:08'),
(706, 2507075, 16, '2025-07-16 14:20:08'),
(707, 2507075, 17, '2025-07-16 14:20:08'),
(708, 2507075, 18, '2025-07-16 14:20:08'),
(709, 2507075, 19, '2025-07-16 14:20:08'),
(710, 2507075, 20, '2025-07-16 14:20:08'),
(711, 2507074, 11, '2025-07-16 14:20:10'),
(712, 2507074, 12, '2025-07-16 14:20:10'),
(713, 2507074, 13, '2025-07-16 14:20:10'),
(714, 2507074, 14, '2025-07-16 14:20:10'),
(715, 2507074, 15, '2025-07-16 14:20:10'),
(716, 2507074, 16, '2025-07-16 14:20:10'),
(717, 2507074, 17, '2025-07-16 14:20:10'),
(718, 2507074, 18, '2025-07-16 14:20:10'),
(719, 2507074, 19, '2025-07-16 14:20:10'),
(720, 2507074, 20, '2025-07-16 14:20:10'),
(721, 2507073, 11, '2025-07-16 14:20:12'),
(722, 2507073, 12, '2025-07-16 14:20:12'),
(723, 2507073, 13, '2025-07-16 14:20:12'),
(724, 2507073, 14, '2025-07-16 14:20:12'),
(725, 2507073, 15, '2025-07-16 14:20:12'),
(726, 2507073, 16, '2025-07-16 14:20:12'),
(727, 2507073, 17, '2025-07-16 14:20:12'),
(728, 2507073, 18, '2025-07-16 14:20:12'),
(729, 2507073, 19, '2025-07-16 14:20:12'),
(730, 2507073, 20, '2025-07-16 14:20:12'),
(731, 2507072, 11, '2025-07-16 14:20:14'),
(732, 2507072, 12, '2025-07-16 14:20:14'),
(733, 2507072, 13, '2025-07-16 14:20:14'),
(734, 2507072, 14, '2025-07-16 14:20:14'),
(735, 2507072, 15, '2025-07-16 14:20:14'),
(736, 2507072, 16, '2025-07-16 14:20:14'),
(737, 2507072, 17, '2025-07-16 14:20:14'),
(738, 2507072, 18, '2025-07-16 14:20:14'),
(739, 2507072, 19, '2025-07-16 14:20:14'),
(740, 2507072, 20, '2025-07-16 14:20:14'),
(741, 2507071, 11, '2025-07-16 14:20:15'),
(742, 2507071, 12, '2025-07-16 14:20:15'),
(743, 2507071, 13, '2025-07-16 14:20:15'),
(744, 2507071, 14, '2025-07-16 14:20:15'),
(745, 2507071, 15, '2025-07-16 14:20:15'),
(746, 2507071, 16, '2025-07-16 14:20:15'),
(747, 2507071, 17, '2025-07-16 14:20:15'),
(748, 2507071, 18, '2025-07-16 14:20:15'),
(749, 2507071, 19, '2025-07-16 14:20:15'),
(750, 2507071, 20, '2025-07-16 14:20:15'),
(751, 2507070, 11, '2025-07-16 14:20:17'),
(752, 2507070, 12, '2025-07-16 14:20:17'),
(753, 2507070, 13, '2025-07-16 14:20:17'),
(754, 2507070, 14, '2025-07-16 14:20:17'),
(755, 2507070, 15, '2025-07-16 14:20:17'),
(756, 2507070, 16, '2025-07-16 14:20:17'),
(757, 2507070, 17, '2025-07-16 14:20:17'),
(758, 2507070, 18, '2025-07-16 14:20:17'),
(759, 2507070, 19, '2025-07-16 14:20:17'),
(760, 2507070, 20, '2025-07-16 14:20:17'),
(761, 2507069, 11, '2025-07-16 14:20:19'),
(762, 2507069, 12, '2025-07-16 14:20:19'),
(763, 2507069, 13, '2025-07-16 14:20:19'),
(764, 2507069, 14, '2025-07-16 14:20:19'),
(765, 2507069, 15, '2025-07-16 14:20:19'),
(766, 2507069, 16, '2025-07-16 14:20:19'),
(767, 2507069, 17, '2025-07-16 14:20:19'),
(768, 2507069, 18, '2025-07-16 14:20:19'),
(769, 2507069, 19, '2025-07-16 14:20:19'),
(770, 2507069, 20, '2025-07-16 14:20:19'),
(771, 2507068, 11, '2025-07-16 14:20:20'),
(772, 2507068, 12, '2025-07-16 14:20:20'),
(773, 2507068, 13, '2025-07-16 14:20:20'),
(774, 2507068, 14, '2025-07-16 14:20:20'),
(775, 2507068, 15, '2025-07-16 14:20:20'),
(776, 2507068, 16, '2025-07-16 14:20:20'),
(777, 2507068, 17, '2025-07-16 14:20:20'),
(778, 2507068, 18, '2025-07-16 14:20:20'),
(779, 2507068, 19, '2025-07-16 14:20:20'),
(780, 2507068, 20, '2025-07-16 14:20:20'),
(781, 2507067, 11, '2025-07-16 14:20:22'),
(782, 2507067, 12, '2025-07-16 14:20:22'),
(783, 2507067, 13, '2025-07-16 14:20:22'),
(784, 2507067, 14, '2025-07-16 14:20:22'),
(785, 2507067, 15, '2025-07-16 14:20:22'),
(786, 2507067, 16, '2025-07-16 14:20:22'),
(787, 2507067, 17, '2025-07-16 14:20:22'),
(788, 2507067, 18, '2025-07-16 14:20:22'),
(789, 2507067, 19, '2025-07-16 14:20:22'),
(790, 2507067, 20, '2025-07-16 14:20:22'),
(791, 2507066, 11, '2025-07-16 14:20:24'),
(792, 2507066, 12, '2025-07-16 14:20:24'),
(793, 2507066, 13, '2025-07-16 14:20:24'),
(794, 2507066, 14, '2025-07-16 14:20:24'),
(795, 2507066, 15, '2025-07-16 14:20:24'),
(796, 2507066, 16, '2025-07-16 14:20:24'),
(797, 2507066, 17, '2025-07-16 14:20:24'),
(798, 2507066, 18, '2025-07-16 14:20:24'),
(799, 2507066, 19, '2025-07-16 14:20:24'),
(800, 2507066, 20, '2025-07-16 14:20:24'),
(801, 2507065, 11, '2025-07-16 14:20:25'),
(802, 2507065, 12, '2025-07-16 14:20:25'),
(803, 2507065, 13, '2025-07-16 14:20:25'),
(804, 2507065, 14, '2025-07-16 14:20:25'),
(805, 2507065, 15, '2025-07-16 14:20:25'),
(806, 2507065, 16, '2025-07-16 14:20:25'),
(807, 2507065, 17, '2025-07-16 14:20:25'),
(808, 2507065, 18, '2025-07-16 14:20:25'),
(809, 2507065, 19, '2025-07-16 14:20:25'),
(810, 2507065, 20, '2025-07-16 14:20:25'),
(811, 2507064, 11, '2025-07-16 14:20:31'),
(812, 2507064, 12, '2025-07-16 14:20:31'),
(813, 2507064, 13, '2025-07-16 14:20:31'),
(814, 2507064, 14, '2025-07-16 14:20:31'),
(815, 2507064, 15, '2025-07-16 14:20:31'),
(816, 2507064, 16, '2025-07-16 14:20:31'),
(817, 2507064, 17, '2025-07-16 14:20:31'),
(818, 2507064, 18, '2025-07-16 14:20:31'),
(819, 2507064, 19, '2025-07-16 14:20:31'),
(820, 2507064, 20, '2025-07-16 14:20:31'),
(821, 2507063, 11, '2025-07-16 14:23:27'),
(822, 2507063, 12, '2025-07-16 14:23:27'),
(823, 2507063, 13, '2025-07-16 14:23:27'),
(824, 2507063, 14, '2025-07-16 14:23:27'),
(825, 2507063, 15, '2025-07-16 14:23:27'),
(826, 2507063, 16, '2025-07-16 14:23:27'),
(827, 2507063, 17, '2025-07-16 14:23:27'),
(828, 2507063, 18, '2025-07-16 14:23:27'),
(829, 2507063, 19, '2025-07-16 14:23:27'),
(830, 2507063, 20, '2025-07-16 14:23:27'),
(831, 2507062, 11, '2025-07-16 14:23:30'),
(832, 2507062, 12, '2025-07-16 14:23:30'),
(833, 2507062, 13, '2025-07-16 14:23:30'),
(834, 2507062, 14, '2025-07-16 14:23:30'),
(835, 2507062, 15, '2025-07-16 14:23:30'),
(836, 2507062, 16, '2025-07-16 14:23:30'),
(837, 2507062, 17, '2025-07-16 14:23:30'),
(838, 2507062, 18, '2025-07-16 14:23:30'),
(839, 2507062, 19, '2025-07-16 14:23:30'),
(840, 2507062, 20, '2025-07-16 14:23:30'),
(841, 2507061, 11, '2025-07-16 14:23:32'),
(842, 2507061, 12, '2025-07-16 14:23:32'),
(843, 2507061, 13, '2025-07-16 14:23:32'),
(844, 2507061, 14, '2025-07-16 14:23:32'),
(845, 2507061, 15, '2025-07-16 14:23:32'),
(846, 2507061, 16, '2025-07-16 14:23:32'),
(847, 2507061, 17, '2025-07-16 14:23:32'),
(848, 2507061, 18, '2025-07-16 14:23:32'),
(849, 2507061, 19, '2025-07-16 14:23:32'),
(850, 2507061, 20, '2025-07-16 14:23:32'),
(851, 2507060, 11, '2025-07-16 14:23:34'),
(852, 2507060, 12, '2025-07-16 14:23:34'),
(853, 2507060, 13, '2025-07-16 14:23:34'),
(854, 2507060, 14, '2025-07-16 14:23:34'),
(855, 2507060, 15, '2025-07-16 14:23:34'),
(856, 2507060, 16, '2025-07-16 14:23:34'),
(857, 2507060, 17, '2025-07-16 14:23:34'),
(858, 2507060, 18, '2025-07-16 14:23:34'),
(859, 2507060, 19, '2025-07-16 14:23:34'),
(860, 2507060, 20, '2025-07-16 14:23:34'),
(861, 2507059, 11, '2025-07-16 14:23:36'),
(862, 2507059, 12, '2025-07-16 14:23:36'),
(863, 2507059, 13, '2025-07-16 14:23:36'),
(864, 2507059, 14, '2025-07-16 14:23:36'),
(865, 2507059, 15, '2025-07-16 14:23:36'),
(866, 2507059, 16, '2025-07-16 14:23:36'),
(867, 2507059, 17, '2025-07-16 14:23:36'),
(868, 2507059, 18, '2025-07-16 14:23:36'),
(869, 2507059, 19, '2025-07-16 14:23:36'),
(870, 2507059, 20, '2025-07-16 14:23:36'),
(871, 2507058, 11, '2025-07-16 14:23:37'),
(872, 2507058, 12, '2025-07-16 14:23:37'),
(873, 2507058, 13, '2025-07-16 14:23:37'),
(874, 2507058, 14, '2025-07-16 14:23:37'),
(875, 2507058, 15, '2025-07-16 14:23:37'),
(876, 2507058, 16, '2025-07-16 14:23:37'),
(877, 2507058, 17, '2025-07-16 14:23:37'),
(878, 2507058, 18, '2025-07-16 14:23:37'),
(879, 2507058, 19, '2025-07-16 14:23:37'),
(880, 2507058, 20, '2025-07-16 14:23:37'),
(881, 2507057, 11, '2025-07-16 14:23:39'),
(882, 2507057, 12, '2025-07-16 14:23:39'),
(883, 2507057, 13, '2025-07-16 14:23:39'),
(884, 2507057, 14, '2025-07-16 14:23:39'),
(885, 2507057, 15, '2025-07-16 14:23:39'),
(886, 2507057, 16, '2025-07-16 14:23:39'),
(887, 2507057, 17, '2025-07-16 14:23:39'),
(888, 2507057, 18, '2025-07-16 14:23:39'),
(889, 2507057, 19, '2025-07-16 14:23:39'),
(890, 2507057, 20, '2025-07-16 14:23:39'),
(891, 2507055, 11, '2025-07-16 14:23:40'),
(892, 2507055, 12, '2025-07-16 14:23:40'),
(893, 2507055, 13, '2025-07-16 14:23:40'),
(894, 2507055, 14, '2025-07-16 14:23:40'),
(895, 2507055, 15, '2025-07-16 14:23:40'),
(896, 2507055, 16, '2025-07-16 14:23:40'),
(897, 2507055, 17, '2025-07-16 14:23:40'),
(898, 2507055, 18, '2025-07-16 14:23:40'),
(899, 2507055, 19, '2025-07-16 14:23:40'),
(900, 2507055, 20, '2025-07-16 14:23:40'),
(901, 2507054, 11, '2025-07-16 14:23:45'),
(902, 2507054, 12, '2025-07-16 14:23:45'),
(903, 2507054, 13, '2025-07-16 14:23:45'),
(904, 2507054, 14, '2025-07-16 14:23:45'),
(905, 2507054, 15, '2025-07-16 14:23:45'),
(906, 2507054, 16, '2025-07-16 14:23:45'),
(907, 2507054, 17, '2025-07-16 14:23:45'),
(908, 2507054, 18, '2025-07-16 14:23:45'),
(909, 2507054, 19, '2025-07-16 14:23:45'),
(910, 2507054, 20, '2025-07-16 14:23:45'),
(911, 2507053, 11, '2025-07-16 14:23:46'),
(912, 2507053, 12, '2025-07-16 14:23:46'),
(913, 2507053, 13, '2025-07-16 14:23:46'),
(914, 2507053, 14, '2025-07-16 14:23:46'),
(915, 2507053, 15, '2025-07-16 14:23:46'),
(916, 2507053, 16, '2025-07-16 14:23:46'),
(917, 2507053, 17, '2025-07-16 14:23:46'),
(918, 2507053, 18, '2025-07-16 14:23:46'),
(919, 2507053, 19, '2025-07-16 14:23:46'),
(920, 2507053, 20, '2025-07-16 14:23:46'),
(921, 2507052, 11, '2025-07-16 14:23:48'),
(922, 2507052, 12, '2025-07-16 14:23:48'),
(923, 2507052, 13, '2025-07-16 14:23:48'),
(924, 2507052, 14, '2025-07-16 14:23:48'),
(925, 2507052, 15, '2025-07-16 14:23:48'),
(926, 2507052, 16, '2025-07-16 14:23:48'),
(927, 2507052, 17, '2025-07-16 14:23:48'),
(928, 2507052, 18, '2025-07-16 14:23:48'),
(929, 2507052, 19, '2025-07-16 14:23:48'),
(930, 2507052, 20, '2025-07-16 14:23:48'),
(931, 2507051, 11, '2025-07-16 14:23:49'),
(932, 2507051, 12, '2025-07-16 14:23:49'),
(933, 2507051, 13, '2025-07-16 14:23:49'),
(934, 2507051, 14, '2025-07-16 14:23:49'),
(935, 2507051, 15, '2025-07-16 14:23:49'),
(936, 2507051, 16, '2025-07-16 14:23:49'),
(937, 2507051, 17, '2025-07-16 14:23:49'),
(938, 2507051, 18, '2025-07-16 14:23:49'),
(939, 2507051, 19, '2025-07-16 14:23:49'),
(940, 2507051, 20, '2025-07-16 14:23:49'),
(941, 2507050, 11, '2025-07-16 14:23:51'),
(942, 2507050, 12, '2025-07-16 14:23:51'),
(943, 2507050, 13, '2025-07-16 14:23:51'),
(944, 2507050, 14, '2025-07-16 14:23:51'),
(945, 2507050, 15, '2025-07-16 14:23:51'),
(946, 2507050, 16, '2025-07-16 14:23:51'),
(947, 2507050, 17, '2025-07-16 14:23:51'),
(948, 2507050, 18, '2025-07-16 14:23:51'),
(949, 2507050, 19, '2025-07-16 14:23:51'),
(950, 2507050, 20, '2025-07-16 14:23:51'),
(951, 2507049, 11, '2025-07-16 14:23:53'),
(952, 2507049, 12, '2025-07-16 14:23:53'),
(953, 2507049, 13, '2025-07-16 14:23:53'),
(954, 2507049, 14, '2025-07-16 14:23:53'),
(955, 2507049, 15, '2025-07-16 14:23:53'),
(956, 2507049, 16, '2025-07-16 14:23:53'),
(957, 2507049, 17, '2025-07-16 14:23:53'),
(958, 2507049, 18, '2025-07-16 14:23:53'),
(959, 2507049, 19, '2025-07-16 14:23:53'),
(960, 2507049, 20, '2025-07-16 14:23:53'),
(961, 2507048, 11, '2025-07-16 14:23:54'),
(962, 2507048, 12, '2025-07-16 14:23:54'),
(963, 2507048, 13, '2025-07-16 14:23:54'),
(964, 2507048, 14, '2025-07-16 14:23:54'),
(965, 2507048, 15, '2025-07-16 14:23:54'),
(966, 2507048, 16, '2025-07-16 14:23:54'),
(967, 2507048, 17, '2025-07-16 14:23:54'),
(968, 2507048, 18, '2025-07-16 14:23:54'),
(969, 2507048, 19, '2025-07-16 14:23:54'),
(970, 2507048, 20, '2025-07-16 14:23:54'),
(971, 2507047, 11, '2025-07-16 14:23:57'),
(972, 2507047, 12, '2025-07-16 14:23:57'),
(973, 2507047, 13, '2025-07-16 14:23:57'),
(974, 2507047, 14, '2025-07-16 14:23:57'),
(975, 2507047, 15, '2025-07-16 14:23:57'),
(976, 2507047, 16, '2025-07-16 14:23:57'),
(977, 2507047, 17, '2025-07-16 14:23:57'),
(978, 2507047, 18, '2025-07-16 14:23:57'),
(979, 2507047, 19, '2025-07-16 14:23:57'),
(980, 2507047, 20, '2025-07-16 14:23:57'),
(981, 2507046, 11, '2025-07-16 14:23:59'),
(982, 2507046, 12, '2025-07-16 14:23:59'),
(983, 2507046, 13, '2025-07-16 14:23:59'),
(984, 2507046, 14, '2025-07-16 14:23:59'),
(985, 2507046, 15, '2025-07-16 14:23:59'),
(986, 2507046, 16, '2025-07-16 14:23:59'),
(987, 2507046, 17, '2025-07-16 14:23:59'),
(988, 2507046, 18, '2025-07-16 14:23:59'),
(989, 2507046, 19, '2025-07-16 14:23:59'),
(990, 2507046, 20, '2025-07-16 14:23:59'),
(991, 2507045, 11, '2025-07-16 14:24:01'),
(992, 2507045, 12, '2025-07-16 14:24:01'),
(993, 2507045, 13, '2025-07-16 14:24:01'),
(994, 2507045, 14, '2025-07-16 14:24:01'),
(995, 2507045, 15, '2025-07-16 14:24:01'),
(996, 2507045, 16, '2025-07-16 14:24:01'),
(997, 2507045, 17, '2025-07-16 14:24:01'),
(998, 2507045, 18, '2025-07-16 14:24:01'),
(999, 2507045, 19, '2025-07-16 14:24:01'),
(1000, 2507045, 20, '2025-07-16 14:24:01'),
(1001, 2507044, 11, '2025-07-16 14:24:03'),
(1002, 2507044, 12, '2025-07-16 14:24:03'),
(1003, 2507044, 13, '2025-07-16 14:24:03'),
(1004, 2507044, 14, '2025-07-16 14:24:03'),
(1005, 2507044, 15, '2025-07-16 14:24:03'),
(1006, 2507044, 16, '2025-07-16 14:24:03'),
(1007, 2507044, 17, '2025-07-16 14:24:03'),
(1008, 2507044, 18, '2025-07-16 14:24:03'),
(1009, 2507044, 19, '2025-07-16 14:24:03'),
(1010, 2507044, 20, '2025-07-16 14:24:03'),
(1011, 2507043, 11, '2025-07-16 14:24:06'),
(1012, 2507043, 12, '2025-07-16 14:24:06'),
(1013, 2507043, 13, '2025-07-16 14:24:06'),
(1014, 2507043, 14, '2025-07-16 14:24:06'),
(1015, 2507043, 15, '2025-07-16 14:24:06'),
(1016, 2507043, 16, '2025-07-16 14:24:06'),
(1017, 2507043, 17, '2025-07-16 14:24:06'),
(1018, 2507043, 18, '2025-07-16 14:24:06'),
(1019, 2507043, 19, '2025-07-16 14:24:06'),
(1020, 2507043, 20, '2025-07-16 14:24:06'),
(1021, 2507042, 11, '2025-07-16 14:24:08'),
(1022, 2507042, 12, '2025-07-16 14:24:08'),
(1023, 2507042, 13, '2025-07-16 14:24:08'),
(1024, 2507042, 14, '2025-07-16 14:24:08'),
(1025, 2507042, 15, '2025-07-16 14:24:08'),
(1026, 2507042, 16, '2025-07-16 14:24:08'),
(1027, 2507042, 17, '2025-07-16 14:24:08'),
(1028, 2507042, 18, '2025-07-16 14:24:08'),
(1029, 2507042, 19, '2025-07-16 14:24:08'),
(1030, 2507042, 20, '2025-07-16 14:24:08'),
(1031, 2507041, 11, '2025-07-16 14:24:10'),
(1032, 2507041, 12, '2025-07-16 14:24:10'),
(1033, 2507041, 13, '2025-07-16 14:24:10'),
(1034, 2507041, 14, '2025-07-16 14:24:10'),
(1035, 2507041, 15, '2025-07-16 14:24:10'),
(1036, 2507041, 16, '2025-07-16 14:24:10'),
(1037, 2507041, 17, '2025-07-16 14:24:10'),
(1038, 2507041, 18, '2025-07-16 14:24:10'),
(1039, 2507041, 19, '2025-07-16 14:24:10'),
(1040, 2507041, 20, '2025-07-16 14:24:10'),
(1041, 2507040, 11, '2025-07-16 14:24:11'),
(1042, 2507040, 12, '2025-07-16 14:24:11'),
(1043, 2507040, 13, '2025-07-16 14:24:11'),
(1044, 2507040, 14, '2025-07-16 14:24:11'),
(1045, 2507040, 15, '2025-07-16 14:24:11'),
(1046, 2507040, 16, '2025-07-16 14:24:11'),
(1047, 2507040, 17, '2025-07-16 14:24:11'),
(1048, 2507040, 18, '2025-07-16 14:24:11'),
(1049, 2507040, 19, '2025-07-16 14:24:11'),
(1050, 2507040, 20, '2025-07-16 14:24:11'),
(1051, 2507039, 11, '2025-07-16 14:24:13'),
(1052, 2507039, 12, '2025-07-16 14:24:13'),
(1053, 2507039, 13, '2025-07-16 14:24:13'),
(1054, 2507039, 14, '2025-07-16 14:24:13'),
(1055, 2507039, 15, '2025-07-16 14:24:13'),
(1056, 2507039, 16, '2025-07-16 14:24:13'),
(1057, 2507039, 17, '2025-07-16 14:24:13'),
(1058, 2507039, 18, '2025-07-16 14:24:13'),
(1059, 2507039, 19, '2025-07-16 14:24:13'),
(1060, 2507039, 20, '2025-07-16 14:24:13'),
(1061, 2507038, 11, '2025-07-16 14:24:15'),
(1062, 2507038, 12, '2025-07-16 14:24:15'),
(1063, 2507038, 13, '2025-07-16 14:24:15'),
(1064, 2507038, 14, '2025-07-16 14:24:15'),
(1065, 2507038, 15, '2025-07-16 14:24:15'),
(1066, 2507038, 16, '2025-07-16 14:24:15'),
(1067, 2507038, 17, '2025-07-16 14:24:15'),
(1068, 2507038, 18, '2025-07-16 14:24:15'),
(1069, 2507038, 19, '2025-07-16 14:24:15'),
(1070, 2507038, 20, '2025-07-16 14:24:15'),
(1071, 2507037, 11, '2025-07-16 14:24:16'),
(1072, 2507037, 12, '2025-07-16 14:24:16'),
(1073, 2507037, 13, '2025-07-16 14:24:16'),
(1074, 2507037, 14, '2025-07-16 14:24:16'),
(1075, 2507037, 15, '2025-07-16 14:24:16'),
(1076, 2507037, 16, '2025-07-16 14:24:16'),
(1077, 2507037, 17, '2025-07-16 14:24:16'),
(1078, 2507037, 18, '2025-07-16 14:24:16'),
(1079, 2507037, 19, '2025-07-16 14:24:16'),
(1080, 2507037, 20, '2025-07-16 14:24:16'),
(1081, 2507036, 11, '2025-07-16 14:24:18'),
(1082, 2507036, 12, '2025-07-16 14:24:18'),
(1083, 2507036, 13, '2025-07-16 14:24:18'),
(1084, 2507036, 14, '2025-07-16 14:24:18'),
(1085, 2507036, 15, '2025-07-16 14:24:18'),
(1086, 2507036, 16, '2025-07-16 14:24:18'),
(1087, 2507036, 17, '2025-07-16 14:24:18'),
(1088, 2507036, 18, '2025-07-16 14:24:18'),
(1089, 2507036, 19, '2025-07-16 14:24:18'),
(1090, 2507036, 20, '2025-07-16 14:24:18'),
(1091, 2507035, 11, '2025-07-16 14:24:22'),
(1092, 2507035, 12, '2025-07-16 14:24:22'),
(1093, 2507035, 13, '2025-07-16 14:24:22'),
(1094, 2507035, 14, '2025-07-16 14:24:22'),
(1095, 2507035, 15, '2025-07-16 14:24:22'),
(1096, 2507035, 16, '2025-07-16 14:24:22'),
(1097, 2507035, 17, '2025-07-16 14:24:22'),
(1098, 2507035, 18, '2025-07-16 14:24:22'),
(1099, 2507035, 19, '2025-07-16 14:24:22'),
(1100, 2507035, 20, '2025-07-16 14:24:22'),
(1101, 2507034, 11, '2025-07-16 14:24:24'),
(1102, 2507034, 12, '2025-07-16 14:24:24'),
(1103, 2507034, 13, '2025-07-16 14:24:24'),
(1104, 2507034, 14, '2025-07-16 14:24:24'),
(1105, 2507034, 15, '2025-07-16 14:24:24'),
(1106, 2507034, 16, '2025-07-16 14:24:24'),
(1107, 2507034, 17, '2025-07-16 14:24:24'),
(1108, 2507034, 18, '2025-07-16 14:24:24'),
(1109, 2507034, 19, '2025-07-16 14:24:24'),
(1110, 2507034, 20, '2025-07-16 14:24:24'),
(1111, 2507033, 11, '2025-07-16 14:24:25'),
(1112, 2507033, 12, '2025-07-16 14:24:25'),
(1113, 2507033, 13, '2025-07-16 14:24:25'),
(1114, 2507033, 14, '2025-07-16 14:24:25'),
(1115, 2507033, 15, '2025-07-16 14:24:25'),
(1116, 2507033, 16, '2025-07-16 14:24:25'),
(1117, 2507033, 17, '2025-07-16 14:24:25'),
(1118, 2507033, 18, '2025-07-16 14:24:25'),
(1119, 2507033, 19, '2025-07-16 14:24:25'),
(1120, 2507033, 20, '2025-07-16 14:24:25'),
(1121, 2507032, 11, '2025-07-16 14:24:27'),
(1122, 2507032, 12, '2025-07-16 14:24:27'),
(1123, 2507032, 13, '2025-07-16 14:24:27'),
(1124, 2507032, 14, '2025-07-16 14:24:27'),
(1125, 2507032, 15, '2025-07-16 14:24:27'),
(1126, 2507032, 16, '2025-07-16 14:24:27'),
(1127, 2507032, 17, '2025-07-16 14:24:27'),
(1128, 2507032, 18, '2025-07-16 14:24:27'),
(1129, 2507032, 19, '2025-07-16 14:24:27'),
(1130, 2507032, 20, '2025-07-16 14:24:27'),
(1131, 2507031, 11, '2025-07-16 14:24:29'),
(1132, 2507031, 12, '2025-07-16 14:24:29'),
(1133, 2507031, 13, '2025-07-16 14:24:29'),
(1134, 2507031, 14, '2025-07-16 14:24:29'),
(1135, 2507031, 15, '2025-07-16 14:24:29'),
(1136, 2507031, 16, '2025-07-16 14:24:29'),
(1137, 2507031, 17, '2025-07-16 14:24:29'),
(1138, 2507031, 18, '2025-07-16 14:24:29'),
(1139, 2507031, 19, '2025-07-16 14:24:29'),
(1140, 2507031, 20, '2025-07-16 14:24:29'),
(1141, 2507030, 11, '2025-07-16 14:24:31'),
(1142, 2507030, 12, '2025-07-16 14:24:31'),
(1143, 2507030, 13, '2025-07-16 14:24:31'),
(1144, 2507030, 14, '2025-07-16 14:24:31'),
(1145, 2507030, 15, '2025-07-16 14:24:31'),
(1146, 2507030, 16, '2025-07-16 14:24:31'),
(1147, 2507030, 17, '2025-07-16 14:24:31'),
(1148, 2507030, 18, '2025-07-16 14:24:31'),
(1149, 2507030, 19, '2025-07-16 14:24:31'),
(1150, 2507030, 20, '2025-07-16 14:24:31'),
(1151, 2507029, 11, '2025-07-16 14:24:33'),
(1152, 2507029, 12, '2025-07-16 14:24:33'),
(1153, 2507029, 13, '2025-07-16 14:24:33'),
(1154, 2507029, 14, '2025-07-16 14:24:33'),
(1155, 2507029, 15, '2025-07-16 14:24:33'),
(1156, 2507029, 16, '2025-07-16 14:24:33'),
(1157, 2507029, 17, '2025-07-16 14:24:33'),
(1158, 2507029, 18, '2025-07-16 14:24:33'),
(1159, 2507029, 19, '2025-07-16 14:24:33'),
(1160, 2507029, 20, '2025-07-16 14:24:33'),
(1161, 2507028, 11, '2025-07-16 14:24:35'),
(1162, 2507028, 12, '2025-07-16 14:24:35'),
(1163, 2507028, 13, '2025-07-16 14:24:35'),
(1164, 2507028, 14, '2025-07-16 14:24:35'),
(1165, 2507028, 15, '2025-07-16 14:24:35'),
(1166, 2507028, 16, '2025-07-16 14:24:35'),
(1167, 2507028, 17, '2025-07-16 14:24:35'),
(1168, 2507028, 18, '2025-07-16 14:24:35'),
(1169, 2507028, 19, '2025-07-16 14:24:35'),
(1170, 2507028, 20, '2025-07-16 14:24:35'),
(1171, 2507027, 11, '2025-07-16 14:24:36'),
(1172, 2507027, 12, '2025-07-16 14:24:36'),
(1173, 2507027, 13, '2025-07-16 14:24:36'),
(1174, 2507027, 14, '2025-07-16 14:24:36'),
(1175, 2507027, 15, '2025-07-16 14:24:36'),
(1176, 2507027, 16, '2025-07-16 14:24:36'),
(1177, 2507027, 17, '2025-07-16 14:24:36'),
(1178, 2507027, 18, '2025-07-16 14:24:36'),
(1179, 2507027, 19, '2025-07-16 14:24:36'),
(1180, 2507027, 20, '2025-07-16 14:24:36'),
(1181, 2507026, 11, '2025-07-16 14:24:38'),
(1182, 2507026, 12, '2025-07-16 14:24:38'),
(1183, 2507026, 13, '2025-07-16 14:24:38'),
(1184, 2507026, 14, '2025-07-16 14:24:38'),
(1185, 2507026, 15, '2025-07-16 14:24:38'),
(1186, 2507026, 16, '2025-07-16 14:24:38'),
(1187, 2507026, 17, '2025-07-16 14:24:38'),
(1188, 2507026, 18, '2025-07-16 14:24:38'),
(1189, 2507026, 19, '2025-07-16 14:24:38'),
(1190, 2507026, 20, '2025-07-16 14:24:38'),
(1191, 2507025, 11, '2025-07-16 14:24:40'),
(1192, 2507025, 12, '2025-07-16 14:24:40'),
(1193, 2507025, 13, '2025-07-16 14:24:40'),
(1194, 2507025, 14, '2025-07-16 14:24:40'),
(1195, 2507025, 15, '2025-07-16 14:24:40'),
(1196, 2507025, 16, '2025-07-16 14:24:40'),
(1197, 2507025, 17, '2025-07-16 14:24:40'),
(1198, 2507025, 18, '2025-07-16 14:24:40'),
(1199, 2507025, 19, '2025-07-16 14:24:40'),
(1200, 2507025, 20, '2025-07-16 14:24:40'),
(1201, 2507024, 11, '2025-07-16 14:24:42'),
(1202, 2507024, 12, '2025-07-16 14:24:42'),
(1203, 2507024, 13, '2025-07-16 14:24:42'),
(1204, 2507024, 14, '2025-07-16 14:24:42'),
(1205, 2507024, 15, '2025-07-16 14:24:42'),
(1206, 2507024, 16, '2025-07-16 14:24:42'),
(1207, 2507024, 17, '2025-07-16 14:24:42'),
(1208, 2507024, 18, '2025-07-16 14:24:42'),
(1209, 2507024, 19, '2025-07-16 14:24:42'),
(1210, 2507024, 20, '2025-07-16 14:24:42'),
(1211, 2507023, 11, '2025-07-16 14:24:43'),
(1212, 2507023, 12, '2025-07-16 14:24:43'),
(1213, 2507023, 13, '2025-07-16 14:24:43'),
(1214, 2507023, 14, '2025-07-16 14:24:43'),
(1215, 2507023, 15, '2025-07-16 14:24:43'),
(1216, 2507023, 16, '2025-07-16 14:24:43'),
(1217, 2507023, 17, '2025-07-16 14:24:43'),
(1218, 2507023, 18, '2025-07-16 14:24:43'),
(1219, 2507023, 19, '2025-07-16 14:24:43'),
(1220, 2507023, 20, '2025-07-16 14:24:43'),
(1221, 2507022, 11, '2025-07-16 14:24:46'),
(1222, 2507022, 12, '2025-07-16 14:24:46'),
(1223, 2507022, 13, '2025-07-16 14:24:46'),
(1224, 2507022, 14, '2025-07-16 14:24:46'),
(1225, 2507022, 15, '2025-07-16 14:24:46'),
(1226, 2507022, 16, '2025-07-16 14:24:46'),
(1227, 2507022, 17, '2025-07-16 14:24:46'),
(1228, 2507022, 18, '2025-07-16 14:24:46'),
(1229, 2507022, 19, '2025-07-16 14:24:46'),
(1230, 2507022, 20, '2025-07-16 14:24:46'),
(1231, 2507021, 11, '2025-07-16 14:24:48'),
(1232, 2507021, 12, '2025-07-16 14:24:48'),
(1233, 2507021, 13, '2025-07-16 14:24:48'),
(1234, 2507021, 14, '2025-07-16 14:24:48'),
(1235, 2507021, 15, '2025-07-16 14:24:48'),
(1236, 2507021, 16, '2025-07-16 14:24:48'),
(1237, 2507021, 17, '2025-07-16 14:24:48'),
(1238, 2507021, 18, '2025-07-16 14:24:48'),
(1239, 2507021, 19, '2025-07-16 14:24:48'),
(1240, 2507021, 20, '2025-07-16 14:24:48'),
(1241, 2507020, 11, '2025-07-16 14:24:49'),
(1242, 2507020, 12, '2025-07-16 14:24:49'),
(1243, 2507020, 13, '2025-07-16 14:24:49'),
(1244, 2507020, 14, '2025-07-16 14:24:49'),
(1245, 2507020, 15, '2025-07-16 14:24:49'),
(1246, 2507020, 16, '2025-07-16 14:24:49'),
(1247, 2507020, 17, '2025-07-16 14:24:49'),
(1248, 2507020, 18, '2025-07-16 14:24:49'),
(1249, 2507020, 19, '2025-07-16 14:24:49'),
(1250, 2507020, 20, '2025-07-16 14:24:49'),
(1251, 2507019, 11, '2025-07-16 14:24:51'),
(1252, 2507019, 12, '2025-07-16 14:24:51'),
(1253, 2507019, 13, '2025-07-16 14:24:51'),
(1254, 2507019, 14, '2025-07-16 14:24:51'),
(1255, 2507019, 15, '2025-07-16 14:24:51'),
(1256, 2507019, 16, '2025-07-16 14:24:51'),
(1257, 2507019, 17, '2025-07-16 14:24:51'),
(1258, 2507019, 18, '2025-07-16 14:24:51'),
(1259, 2507019, 19, '2025-07-16 14:24:51'),
(1260, 2507019, 20, '2025-07-16 14:24:51'),
(1261, 2507018, 11, '2025-07-16 14:24:53'),
(1262, 2507018, 12, '2025-07-16 14:24:53'),
(1263, 2507018, 13, '2025-07-16 14:24:53');
INSERT INTO `student_subjects` (`id`, `student_id`, `subject_id`, `created_at`) VALUES
(1264, 2507018, 14, '2025-07-16 14:24:53'),
(1265, 2507018, 15, '2025-07-16 14:24:53'),
(1266, 2507018, 16, '2025-07-16 14:24:53'),
(1267, 2507018, 17, '2025-07-16 14:24:53'),
(1268, 2507018, 18, '2025-07-16 14:24:53'),
(1269, 2507018, 19, '2025-07-16 14:24:53'),
(1270, 2507018, 20, '2025-07-16 14:24:53'),
(1271, 2507017, 11, '2025-07-16 14:24:54'),
(1272, 2507017, 12, '2025-07-16 14:24:54'),
(1273, 2507017, 13, '2025-07-16 14:24:54'),
(1274, 2507017, 14, '2025-07-16 14:24:54'),
(1275, 2507017, 15, '2025-07-16 14:24:54'),
(1276, 2507017, 16, '2025-07-16 14:24:54'),
(1277, 2507017, 17, '2025-07-16 14:24:54'),
(1278, 2507017, 18, '2025-07-16 14:24:54'),
(1279, 2507017, 19, '2025-07-16 14:24:54'),
(1280, 2507017, 20, '2025-07-16 14:24:54'),
(1281, 2507016, 11, '2025-07-16 14:24:56'),
(1282, 2507016, 12, '2025-07-16 14:24:56'),
(1283, 2507016, 13, '2025-07-16 14:24:56'),
(1284, 2507016, 14, '2025-07-16 14:24:56'),
(1285, 2507016, 15, '2025-07-16 14:24:56'),
(1286, 2507016, 16, '2025-07-16 14:24:56'),
(1287, 2507016, 17, '2025-07-16 14:24:56'),
(1288, 2507016, 18, '2025-07-16 14:24:56'),
(1289, 2507016, 19, '2025-07-16 14:24:56'),
(1290, 2507016, 20, '2025-07-16 14:24:56'),
(1291, 2507015, 11, '2025-07-16 14:24:58'),
(1292, 2507015, 12, '2025-07-16 14:24:58'),
(1293, 2507015, 13, '2025-07-16 14:24:58'),
(1294, 2507015, 14, '2025-07-16 14:24:58'),
(1295, 2507015, 15, '2025-07-16 14:24:58'),
(1296, 2507015, 16, '2025-07-16 14:24:58'),
(1297, 2507015, 17, '2025-07-16 14:24:58'),
(1298, 2507015, 18, '2025-07-16 14:24:58'),
(1299, 2507015, 19, '2025-07-16 14:24:58'),
(1300, 2507015, 20, '2025-07-16 14:24:58'),
(1301, 2507014, 11, '2025-07-16 14:25:00'),
(1302, 2507014, 12, '2025-07-16 14:25:00'),
(1303, 2507014, 13, '2025-07-16 14:25:00'),
(1304, 2507014, 14, '2025-07-16 14:25:00'),
(1305, 2507014, 15, '2025-07-16 14:25:00'),
(1306, 2507014, 16, '2025-07-16 14:25:00'),
(1307, 2507014, 17, '2025-07-16 14:25:00'),
(1308, 2507014, 18, '2025-07-16 14:25:00'),
(1309, 2507014, 19, '2025-07-16 14:25:00'),
(1310, 2507014, 20, '2025-07-16 14:25:00'),
(1311, 2507013, 11, '2025-07-16 14:25:02'),
(1312, 2507013, 12, '2025-07-16 14:25:02'),
(1313, 2507013, 13, '2025-07-16 14:25:02'),
(1314, 2507013, 14, '2025-07-16 14:25:02'),
(1315, 2507013, 15, '2025-07-16 14:25:02'),
(1316, 2507013, 16, '2025-07-16 14:25:02'),
(1317, 2507013, 17, '2025-07-16 14:25:02'),
(1318, 2507013, 18, '2025-07-16 14:25:02'),
(1319, 2507013, 19, '2025-07-16 14:25:02'),
(1320, 2507013, 20, '2025-07-16 14:25:02'),
(1321, 2507012, 11, '2025-07-16 14:25:03'),
(1322, 2507012, 12, '2025-07-16 14:25:03'),
(1323, 2507012, 13, '2025-07-16 14:25:03'),
(1324, 2507012, 14, '2025-07-16 14:25:03'),
(1325, 2507012, 15, '2025-07-16 14:25:03'),
(1326, 2507012, 16, '2025-07-16 14:25:03'),
(1327, 2507012, 17, '2025-07-16 14:25:03'),
(1328, 2507012, 18, '2025-07-16 14:25:03'),
(1329, 2507012, 19, '2025-07-16 14:25:03'),
(1330, 2507012, 20, '2025-07-16 14:25:03'),
(1331, 2507011, 11, '2025-07-16 14:25:05'),
(1332, 2507011, 12, '2025-07-16 14:25:05'),
(1333, 2507011, 13, '2025-07-16 14:25:05'),
(1334, 2507011, 14, '2025-07-16 14:25:05'),
(1335, 2507011, 15, '2025-07-16 14:25:05'),
(1336, 2507011, 16, '2025-07-16 14:25:05'),
(1337, 2507011, 17, '2025-07-16 14:25:05'),
(1338, 2507011, 18, '2025-07-16 14:25:05'),
(1339, 2507011, 19, '2025-07-16 14:25:05'),
(1340, 2507011, 20, '2025-07-16 14:25:05'),
(1341, 2507010, 11, '2025-07-16 14:25:07'),
(1342, 2507010, 12, '2025-07-16 14:25:07'),
(1343, 2507010, 13, '2025-07-16 14:25:07'),
(1344, 2507010, 14, '2025-07-16 14:25:07'),
(1345, 2507010, 15, '2025-07-16 14:25:07'),
(1346, 2507010, 16, '2025-07-16 14:25:07'),
(1347, 2507010, 17, '2025-07-16 14:25:07'),
(1348, 2507010, 18, '2025-07-16 14:25:07'),
(1349, 2507010, 19, '2025-07-16 14:25:07'),
(1350, 2507010, 20, '2025-07-16 14:25:07'),
(1351, 2507009, 11, '2025-07-16 14:25:08'),
(1352, 2507009, 12, '2025-07-16 14:25:08'),
(1353, 2507009, 13, '2025-07-16 14:25:08'),
(1354, 2507009, 14, '2025-07-16 14:25:08'),
(1355, 2507009, 15, '2025-07-16 14:25:08'),
(1356, 2507009, 16, '2025-07-16 14:25:08'),
(1357, 2507009, 17, '2025-07-16 14:25:08'),
(1358, 2507009, 18, '2025-07-16 14:25:08'),
(1359, 2507009, 19, '2025-07-16 14:25:08'),
(1360, 2507009, 20, '2025-07-16 14:25:08'),
(1361, 2507008, 11, '2025-07-16 14:25:10'),
(1362, 2507008, 12, '2025-07-16 14:25:10'),
(1363, 2507008, 13, '2025-07-16 14:25:10'),
(1364, 2507008, 14, '2025-07-16 14:25:10'),
(1365, 2507008, 15, '2025-07-16 14:25:10'),
(1366, 2507008, 16, '2025-07-16 14:25:10'),
(1367, 2507008, 17, '2025-07-16 14:25:10'),
(1368, 2507008, 18, '2025-07-16 14:25:10'),
(1369, 2507008, 19, '2025-07-16 14:25:10'),
(1370, 2507008, 20, '2025-07-16 14:25:10'),
(1371, 2507006, 11, '2025-07-16 14:25:12'),
(1372, 2507006, 12, '2025-07-16 14:25:12'),
(1373, 2507006, 13, '2025-07-16 14:25:12'),
(1374, 2507006, 14, '2025-07-16 14:25:12'),
(1375, 2507006, 15, '2025-07-16 14:25:12'),
(1376, 2507006, 16, '2025-07-16 14:25:12'),
(1377, 2507006, 17, '2025-07-16 14:25:12'),
(1378, 2507006, 18, '2025-07-16 14:25:12'),
(1379, 2507006, 19, '2025-07-16 14:25:12'),
(1380, 2507006, 20, '2025-07-16 14:25:12'),
(1381, 2507005, 11, '2025-07-16 14:25:14'),
(1382, 2507005, 12, '2025-07-16 14:25:14'),
(1383, 2507005, 13, '2025-07-16 14:25:14'),
(1384, 2507005, 14, '2025-07-16 14:25:14'),
(1385, 2507005, 15, '2025-07-16 14:25:14'),
(1386, 2507005, 16, '2025-07-16 14:25:14'),
(1387, 2507005, 17, '2025-07-16 14:25:14'),
(1388, 2507005, 18, '2025-07-16 14:25:14'),
(1389, 2507005, 19, '2025-07-16 14:25:14'),
(1390, 2507005, 20, '2025-07-16 14:25:14'),
(1391, 2507003, 11, '2025-07-16 14:25:15'),
(1392, 2507003, 12, '2025-07-16 14:25:15'),
(1393, 2507003, 13, '2025-07-16 14:25:15'),
(1394, 2507003, 14, '2025-07-16 14:25:15'),
(1395, 2507003, 15, '2025-07-16 14:25:15'),
(1396, 2507003, 16, '2025-07-16 14:25:15'),
(1397, 2507003, 17, '2025-07-16 14:25:15'),
(1398, 2507003, 18, '2025-07-16 14:25:15'),
(1399, 2507003, 19, '2025-07-16 14:25:15'),
(1400, 2507003, 20, '2025-07-16 14:25:15'),
(1401, 2507002, 11, '2025-07-16 14:25:17'),
(1402, 2507002, 12, '2025-07-16 14:25:17'),
(1403, 2507002, 13, '2025-07-16 14:25:17'),
(1404, 2507002, 14, '2025-07-16 14:25:17'),
(1405, 2507002, 15, '2025-07-16 14:25:17'),
(1406, 2507002, 16, '2025-07-16 14:25:17'),
(1407, 2507002, 17, '2025-07-16 14:25:17'),
(1408, 2507002, 18, '2025-07-16 14:25:17'),
(1409, 2507002, 19, '2025-07-16 14:25:17'),
(1410, 2507002, 20, '2025-07-16 14:25:17'),
(1411, 2507001, 11, '2025-07-16 14:25:19'),
(1412, 2507001, 12, '2025-07-16 14:25:19'),
(1413, 2507001, 13, '2025-07-16 14:25:19'),
(1414, 2507001, 14, '2025-07-16 14:25:19'),
(1415, 2507001, 15, '2025-07-16 14:25:19'),
(1416, 2507001, 16, '2025-07-16 14:25:19'),
(1417, 2507001, 17, '2025-07-16 14:25:19'),
(1418, 2507001, 18, '2025-07-16 14:25:19'),
(1419, 2507001, 19, '2025-07-16 14:25:19'),
(1420, 2507001, 20, '2025-07-16 14:25:19'),
(1421, 2507007, 11, '2025-07-16 14:26:11'),
(1422, 2507007, 12, '2025-07-16 14:26:11'),
(1423, 2507007, 13, '2025-07-16 14:26:11'),
(1424, 2507007, 14, '2025-07-16 14:26:11'),
(1425, 2507007, 15, '2025-07-16 14:26:11'),
(1426, 2507007, 16, '2025-07-16 14:26:11'),
(1427, 2507007, 17, '2025-07-16 14:26:11'),
(1428, 2507007, 18, '2025-07-16 14:26:11'),
(1429, 2507007, 19, '2025-07-16 14:26:11'),
(1430, 2507007, 20, '2025-07-16 14:26:11'),
(1431, 2507056, 11, '2025-07-16 14:26:39'),
(1432, 2507056, 12, '2025-07-16 14:26:39'),
(1433, 2507056, 13, '2025-07-16 14:26:39'),
(1434, 2507056, 14, '2025-07-16 14:26:39'),
(1435, 2507056, 15, '2025-07-16 14:26:39'),
(1436, 2507056, 16, '2025-07-16 14:26:39'),
(1437, 2507056, 17, '2025-07-16 14:26:39'),
(1438, 2507056, 18, '2025-07-16 14:26:39'),
(1439, 2507056, 19, '2025-07-16 14:26:39'),
(1440, 2507056, 20, '2025-07-16 14:26:39'),
(1441, 2507004, 11, '2025-07-16 14:26:45'),
(1442, 2507004, 12, '2025-07-16 14:26:45'),
(1443, 2507004, 13, '2025-07-16 14:26:45'),
(1444, 2507004, 14, '2025-07-16 14:26:45'),
(1445, 2507004, 15, '2025-07-16 14:26:45'),
(1446, 2507004, 16, '2025-07-16 14:26:45'),
(1447, 2507004, 17, '2025-07-16 14:26:45'),
(1448, 2507004, 18, '2025-07-16 14:26:45'),
(1449, 2507004, 19, '2025-07-16 14:26:45'),
(1450, 2507004, 20, '2025-07-16 14:26:45'),
(1451, 2502140, 11, '2025-07-16 18:24:03'),
(1452, 2502140, 12, '2025-07-16 18:24:03'),
(1453, 2502140, 13, '2025-07-16 18:24:03'),
(1454, 2502140, 14, '2025-07-16 18:24:03'),
(1455, 2502140, 15, '2025-07-16 18:24:03'),
(1456, 2502140, 16, '2025-07-16 18:24:03'),
(1457, 2502140, 17, '2025-07-16 18:24:03'),
(1458, 2502140, 18, '2025-07-16 18:24:03'),
(1459, 2502140, 19, '2025-07-16 18:24:03'),
(1460, 2502140, 20, '2025-07-16 18:24:03'),
(1468, 2508153, 21, '2025-07-17 15:36:27'),
(1469, 2508153, 22, '2025-07-17 15:36:27'),
(1470, 2508153, 23, '2025-07-17 15:36:27'),
(1471, 2508153, 24, '2025-07-17 15:36:27'),
(1472, 2508153, 25, '2025-07-17 15:36:27'),
(1473, 2508153, 26, '2025-07-17 15:36:27'),
(1474, 2508153, 27, '2025-07-17 15:36:27'),
(1475, 2508153, 28, '2025-07-17 15:36:27'),
(1476, 2508153, 29, '2025-07-17 15:36:27'),
(1477, 2508153, 30, '2025-07-17 15:36:27'),
(1478, 2508001, 21, '2025-07-17 15:37:16'),
(1479, 2508001, 22, '2025-07-17 15:37:16'),
(1480, 2508001, 23, '2025-07-17 15:37:16'),
(1481, 2508001, 24, '2025-07-17 15:37:16'),
(1482, 2508001, 25, '2025-07-17 15:37:16'),
(1483, 2508001, 26, '2025-07-17 15:37:16'),
(1484, 2508001, 27, '2025-07-17 15:37:16'),
(1485, 2508001, 28, '2025-07-17 15:37:16'),
(1486, 2508001, 29, '2025-07-17 15:37:16'),
(1487, 2508001, 30, '2025-07-17 15:37:16'),
(1488, 2508002, 21, '2025-07-17 15:37:22'),
(1489, 2508002, 22, '2025-07-17 15:37:22'),
(1490, 2508002, 23, '2025-07-17 15:37:22'),
(1491, 2508002, 24, '2025-07-17 15:37:22'),
(1492, 2508002, 25, '2025-07-17 15:37:22'),
(1493, 2508002, 26, '2025-07-17 15:37:22'),
(1494, 2508002, 27, '2025-07-17 15:37:22'),
(1495, 2508002, 28, '2025-07-17 15:37:22'),
(1496, 2508002, 29, '2025-07-17 15:37:22'),
(1497, 2508002, 30, '2025-07-17 15:37:22'),
(1508, 2508003, 21, '2025-07-17 15:37:31'),
(1509, 2508003, 22, '2025-07-17 15:37:31'),
(1510, 2508003, 23, '2025-07-17 15:37:31'),
(1511, 2508003, 24, '2025-07-17 15:37:31'),
(1512, 2508003, 25, '2025-07-17 15:37:31'),
(1513, 2508003, 26, '2025-07-17 15:37:31'),
(1514, 2508003, 27, '2025-07-17 15:37:31'),
(1515, 2508003, 28, '2025-07-17 15:37:31'),
(1516, 2508003, 29, '2025-07-17 15:37:31'),
(1517, 2508003, 30, '2025-07-17 15:37:31'),
(1518, 2508004, 21, '2025-07-17 15:37:36'),
(1519, 2508004, 22, '2025-07-17 15:37:36'),
(1520, 2508004, 23, '2025-07-17 15:37:36'),
(1521, 2508004, 24, '2025-07-17 15:37:36'),
(1522, 2508004, 25, '2025-07-17 15:37:36'),
(1523, 2508004, 26, '2025-07-17 15:37:36'),
(1524, 2508004, 27, '2025-07-17 15:37:36'),
(1525, 2508004, 28, '2025-07-17 15:37:36'),
(1526, 2508004, 29, '2025-07-17 15:37:36'),
(1527, 2508004, 30, '2025-07-17 15:37:36'),
(1528, 2508152, 21, '2025-07-17 15:45:09'),
(1529, 2508152, 22, '2025-07-17 15:45:09'),
(1530, 2508152, 23, '2025-07-17 15:45:09'),
(1531, 2508152, 24, '2025-07-17 15:45:09'),
(1532, 2508152, 25, '2025-07-17 15:45:09'),
(1533, 2508152, 26, '2025-07-17 15:45:09'),
(1534, 2508152, 27, '2025-07-17 15:45:09'),
(1535, 2508152, 28, '2025-07-17 15:45:09'),
(1536, 2508152, 29, '2025-07-17 15:45:09'),
(1537, 2508152, 30, '2025-07-17 15:45:09'),
(1538, 2508151, 21, '2025-07-17 15:45:15'),
(1539, 2508151, 22, '2025-07-17 15:45:15'),
(1540, 2508151, 23, '2025-07-17 15:45:15'),
(1541, 2508151, 24, '2025-07-17 15:45:15'),
(1542, 2508151, 25, '2025-07-17 15:45:15'),
(1543, 2508151, 26, '2025-07-17 15:45:15'),
(1544, 2508151, 27, '2025-07-17 15:45:15'),
(1545, 2508151, 28, '2025-07-17 15:45:15'),
(1546, 2508151, 29, '2025-07-17 15:45:15'),
(1547, 2508151, 30, '2025-07-17 15:45:15'),
(1548, 2508150, 21, '2025-07-17 15:45:17'),
(1549, 2508150, 22, '2025-07-17 15:45:17'),
(1550, 2508150, 23, '2025-07-17 15:45:17'),
(1551, 2508150, 24, '2025-07-17 15:45:17'),
(1552, 2508150, 25, '2025-07-17 15:45:17'),
(1553, 2508150, 26, '2025-07-17 15:45:17'),
(1554, 2508150, 27, '2025-07-17 15:45:17'),
(1555, 2508150, 28, '2025-07-17 15:45:17'),
(1556, 2508150, 29, '2025-07-17 15:45:17'),
(1557, 2508150, 30, '2025-07-17 15:45:17'),
(1558, 2508149, 21, '2025-07-17 15:45:18'),
(1559, 2508149, 22, '2025-07-17 15:45:18'),
(1560, 2508149, 23, '2025-07-17 15:45:18'),
(1561, 2508149, 24, '2025-07-17 15:45:18'),
(1562, 2508149, 25, '2025-07-17 15:45:18'),
(1563, 2508149, 26, '2025-07-17 15:45:18'),
(1564, 2508149, 27, '2025-07-17 15:45:18'),
(1565, 2508149, 28, '2025-07-17 15:45:18'),
(1566, 2508149, 29, '2025-07-17 15:45:18'),
(1567, 2508149, 30, '2025-07-17 15:45:18'),
(1568, 2508148, 21, '2025-07-17 15:45:20'),
(1569, 2508148, 22, '2025-07-17 15:45:20'),
(1570, 2508148, 23, '2025-07-17 15:45:20'),
(1571, 2508148, 24, '2025-07-17 15:45:20'),
(1572, 2508148, 25, '2025-07-17 15:45:20'),
(1573, 2508148, 26, '2025-07-17 15:45:20'),
(1574, 2508148, 27, '2025-07-17 15:45:20'),
(1575, 2508148, 28, '2025-07-17 15:45:20'),
(1576, 2508148, 29, '2025-07-17 15:45:20'),
(1577, 2508148, 30, '2025-07-17 15:45:20'),
(1578, 2508147, 21, '2025-07-17 15:45:22'),
(1579, 2508147, 22, '2025-07-17 15:45:22'),
(1580, 2508147, 23, '2025-07-17 15:45:22'),
(1581, 2508147, 24, '2025-07-17 15:45:22'),
(1582, 2508147, 25, '2025-07-17 15:45:22'),
(1583, 2508147, 26, '2025-07-17 15:45:22'),
(1584, 2508147, 27, '2025-07-17 15:45:22'),
(1585, 2508147, 28, '2025-07-17 15:45:22'),
(1586, 2508147, 29, '2025-07-17 15:45:22'),
(1587, 2508147, 30, '2025-07-17 15:45:22'),
(1588, 2508146, 21, '2025-07-17 15:45:23'),
(1589, 2508146, 22, '2025-07-17 15:45:23'),
(1590, 2508146, 23, '2025-07-17 15:45:23'),
(1591, 2508146, 24, '2025-07-17 15:45:23'),
(1592, 2508146, 25, '2025-07-17 15:45:23'),
(1593, 2508146, 26, '2025-07-17 15:45:23'),
(1594, 2508146, 27, '2025-07-17 15:45:23'),
(1595, 2508146, 28, '2025-07-17 15:45:23'),
(1596, 2508146, 29, '2025-07-17 15:45:23'),
(1597, 2508146, 30, '2025-07-17 15:45:23'),
(1598, 2508145, 21, '2025-07-17 15:45:25'),
(1599, 2508145, 22, '2025-07-17 15:45:25'),
(1600, 2508145, 23, '2025-07-17 15:45:25'),
(1601, 2508145, 24, '2025-07-17 15:45:25'),
(1602, 2508145, 25, '2025-07-17 15:45:25'),
(1603, 2508145, 26, '2025-07-17 15:45:25'),
(1604, 2508145, 27, '2025-07-17 15:45:25'),
(1605, 2508145, 28, '2025-07-17 15:45:25'),
(1606, 2508145, 29, '2025-07-17 15:45:25'),
(1607, 2508145, 30, '2025-07-17 15:45:25'),
(1608, 2508144, 21, '2025-07-17 15:45:27'),
(1609, 2508144, 22, '2025-07-17 15:45:27'),
(1610, 2508144, 23, '2025-07-17 15:45:27'),
(1611, 2508144, 24, '2025-07-17 15:45:27'),
(1612, 2508144, 25, '2025-07-17 15:45:27'),
(1613, 2508144, 26, '2025-07-17 15:45:27'),
(1614, 2508144, 27, '2025-07-17 15:45:27'),
(1615, 2508144, 28, '2025-07-17 15:45:27'),
(1616, 2508144, 29, '2025-07-17 15:45:27'),
(1617, 2508144, 30, '2025-07-17 15:45:27'),
(1618, 2508143, 21, '2025-07-17 15:45:29'),
(1619, 2508143, 22, '2025-07-17 15:45:29'),
(1620, 2508143, 23, '2025-07-17 15:45:29'),
(1621, 2508143, 24, '2025-07-17 15:45:29'),
(1622, 2508143, 25, '2025-07-17 15:45:29'),
(1623, 2508143, 26, '2025-07-17 15:45:29'),
(1624, 2508143, 27, '2025-07-17 15:45:29'),
(1625, 2508143, 28, '2025-07-17 15:45:29'),
(1626, 2508143, 29, '2025-07-17 15:45:29'),
(1627, 2508143, 30, '2025-07-17 15:45:29'),
(1628, 2508142, 21, '2025-07-17 15:45:31'),
(1629, 2508142, 22, '2025-07-17 15:45:31'),
(1630, 2508142, 23, '2025-07-17 15:45:31'),
(1631, 2508142, 24, '2025-07-17 15:45:31'),
(1632, 2508142, 25, '2025-07-17 15:45:31'),
(1633, 2508142, 26, '2025-07-17 15:45:31'),
(1634, 2508142, 27, '2025-07-17 15:45:31'),
(1635, 2508142, 28, '2025-07-17 15:45:31'),
(1636, 2508142, 29, '2025-07-17 15:45:31'),
(1637, 2508142, 30, '2025-07-17 15:45:31'),
(1638, 2508141, 21, '2025-07-17 15:45:32'),
(1639, 2508141, 22, '2025-07-17 15:45:32'),
(1640, 2508141, 23, '2025-07-17 15:45:32'),
(1641, 2508141, 24, '2025-07-17 15:45:32'),
(1642, 2508141, 25, '2025-07-17 15:45:32'),
(1643, 2508141, 26, '2025-07-17 15:45:32'),
(1644, 2508141, 27, '2025-07-17 15:45:32'),
(1645, 2508141, 28, '2025-07-17 15:45:32'),
(1646, 2508141, 29, '2025-07-17 15:45:32'),
(1647, 2508141, 30, '2025-07-17 15:45:32'),
(1648, 2508140, 21, '2025-07-17 15:45:40'),
(1649, 2508140, 22, '2025-07-17 15:45:40'),
(1650, 2508140, 23, '2025-07-17 15:45:40'),
(1651, 2508140, 24, '2025-07-17 15:45:40'),
(1652, 2508140, 25, '2025-07-17 15:45:40'),
(1653, 2508140, 26, '2025-07-17 15:45:40'),
(1654, 2508140, 27, '2025-07-17 15:45:40'),
(1655, 2508140, 28, '2025-07-17 15:45:40'),
(1656, 2508140, 29, '2025-07-17 15:45:40'),
(1657, 2508140, 30, '2025-07-17 15:45:40'),
(1658, 2508139, 21, '2025-07-17 15:45:41'),
(1659, 2508139, 22, '2025-07-17 15:45:41'),
(1660, 2508139, 23, '2025-07-17 15:45:41'),
(1661, 2508139, 24, '2025-07-17 15:45:41'),
(1662, 2508139, 25, '2025-07-17 15:45:41'),
(1663, 2508139, 26, '2025-07-17 15:45:41'),
(1664, 2508139, 27, '2025-07-17 15:45:41'),
(1665, 2508139, 28, '2025-07-17 15:45:41'),
(1666, 2508139, 29, '2025-07-17 15:45:41'),
(1667, 2508139, 30, '2025-07-17 15:45:41'),
(1668, 2508138, 21, '2025-07-17 15:45:43'),
(1669, 2508138, 22, '2025-07-17 15:45:43'),
(1670, 2508138, 23, '2025-07-17 15:45:43'),
(1671, 2508138, 24, '2025-07-17 15:45:43'),
(1672, 2508138, 25, '2025-07-17 15:45:43'),
(1673, 2508138, 26, '2025-07-17 15:45:43'),
(1674, 2508138, 27, '2025-07-17 15:45:43'),
(1675, 2508138, 28, '2025-07-17 15:45:43'),
(1676, 2508138, 29, '2025-07-17 15:45:43'),
(1677, 2508138, 30, '2025-07-17 15:45:43'),
(1678, 2508137, 21, '2025-07-17 15:45:44'),
(1679, 2508137, 22, '2025-07-17 15:45:44'),
(1680, 2508137, 23, '2025-07-17 15:45:44'),
(1681, 2508137, 24, '2025-07-17 15:45:44'),
(1682, 2508137, 25, '2025-07-17 15:45:44'),
(1683, 2508137, 26, '2025-07-17 15:45:44'),
(1684, 2508137, 27, '2025-07-17 15:45:44'),
(1685, 2508137, 28, '2025-07-17 15:45:44'),
(1686, 2508137, 29, '2025-07-17 15:45:44'),
(1687, 2508137, 30, '2025-07-17 15:45:44'),
(1688, 2508136, 21, '2025-07-17 15:45:46'),
(1689, 2508136, 22, '2025-07-17 15:45:46'),
(1690, 2508136, 23, '2025-07-17 15:45:46'),
(1691, 2508136, 24, '2025-07-17 15:45:46'),
(1692, 2508136, 25, '2025-07-17 15:45:46'),
(1693, 2508136, 26, '2025-07-17 15:45:46'),
(1694, 2508136, 27, '2025-07-17 15:45:46'),
(1695, 2508136, 28, '2025-07-17 15:45:46'),
(1696, 2508136, 29, '2025-07-17 15:45:46'),
(1697, 2508136, 30, '2025-07-17 15:45:46'),
(1698, 2508135, 21, '2025-07-17 15:45:48'),
(1699, 2508135, 22, '2025-07-17 15:45:48'),
(1700, 2508135, 23, '2025-07-17 15:45:48'),
(1701, 2508135, 24, '2025-07-17 15:45:48'),
(1702, 2508135, 25, '2025-07-17 15:45:48'),
(1703, 2508135, 26, '2025-07-17 15:45:48'),
(1704, 2508135, 27, '2025-07-17 15:45:48'),
(1705, 2508135, 28, '2025-07-17 15:45:48'),
(1706, 2508135, 29, '2025-07-17 15:45:48'),
(1707, 2508135, 30, '2025-07-17 15:45:48'),
(1708, 2508134, 21, '2025-07-17 15:45:49'),
(1709, 2508134, 22, '2025-07-17 15:45:49'),
(1710, 2508134, 23, '2025-07-17 15:45:49'),
(1711, 2508134, 24, '2025-07-17 15:45:49'),
(1712, 2508134, 25, '2025-07-17 15:45:49'),
(1713, 2508134, 26, '2025-07-17 15:45:49'),
(1714, 2508134, 27, '2025-07-17 15:45:49'),
(1715, 2508134, 28, '2025-07-17 15:45:49'),
(1716, 2508134, 29, '2025-07-17 15:45:49'),
(1717, 2508134, 30, '2025-07-17 15:45:49'),
(1718, 2508133, 21, '2025-07-17 15:45:51'),
(1719, 2508133, 22, '2025-07-17 15:45:51'),
(1720, 2508133, 23, '2025-07-17 15:45:51'),
(1721, 2508133, 24, '2025-07-17 15:45:51'),
(1722, 2508133, 25, '2025-07-17 15:45:51'),
(1723, 2508133, 26, '2025-07-17 15:45:51'),
(1724, 2508133, 27, '2025-07-17 15:45:51'),
(1725, 2508133, 28, '2025-07-17 15:45:51'),
(1726, 2508133, 29, '2025-07-17 15:45:51'),
(1727, 2508133, 30, '2025-07-17 15:45:51'),
(1728, 2508132, 21, '2025-07-17 15:45:52'),
(1729, 2508132, 22, '2025-07-17 15:45:52'),
(1730, 2508132, 23, '2025-07-17 15:45:52'),
(1731, 2508132, 24, '2025-07-17 15:45:52'),
(1732, 2508132, 25, '2025-07-17 15:45:52'),
(1733, 2508132, 26, '2025-07-17 15:45:52'),
(1734, 2508132, 27, '2025-07-17 15:45:52'),
(1735, 2508132, 28, '2025-07-17 15:45:52'),
(1736, 2508132, 29, '2025-07-17 15:45:52'),
(1737, 2508132, 30, '2025-07-17 15:45:52'),
(1738, 2508131, 21, '2025-07-17 15:45:55'),
(1739, 2508131, 22, '2025-07-17 15:45:55'),
(1740, 2508131, 23, '2025-07-17 15:45:55'),
(1741, 2508131, 24, '2025-07-17 15:45:55'),
(1742, 2508131, 25, '2025-07-17 15:45:55'),
(1743, 2508131, 26, '2025-07-17 15:45:55'),
(1744, 2508131, 27, '2025-07-17 15:45:55'),
(1745, 2508131, 28, '2025-07-17 15:45:55'),
(1746, 2508131, 29, '2025-07-17 15:45:55'),
(1747, 2508131, 30, '2025-07-17 15:45:55'),
(1748, 2508130, 21, '2025-07-17 15:45:56'),
(1749, 2508130, 22, '2025-07-17 15:45:56'),
(1750, 2508130, 23, '2025-07-17 15:45:56'),
(1751, 2508130, 24, '2025-07-17 15:45:56'),
(1752, 2508130, 25, '2025-07-17 15:45:56'),
(1753, 2508130, 26, '2025-07-17 15:45:56'),
(1754, 2508130, 27, '2025-07-17 15:45:56'),
(1755, 2508130, 28, '2025-07-17 15:45:56'),
(1756, 2508130, 29, '2025-07-17 15:45:56'),
(1757, 2508130, 30, '2025-07-17 15:45:56'),
(1758, 2508129, 21, '2025-07-17 15:45:58'),
(1759, 2508129, 22, '2025-07-17 15:45:58'),
(1760, 2508129, 23, '2025-07-17 15:45:58'),
(1761, 2508129, 24, '2025-07-17 15:45:58'),
(1762, 2508129, 25, '2025-07-17 15:45:58'),
(1763, 2508129, 26, '2025-07-17 15:45:58'),
(1764, 2508129, 27, '2025-07-17 15:45:58'),
(1765, 2508129, 28, '2025-07-17 15:45:58'),
(1766, 2508129, 29, '2025-07-17 15:45:58'),
(1767, 2508129, 30, '2025-07-17 15:45:58'),
(1768, 2508127, 21, '2025-07-17 15:46:00'),
(1769, 2508127, 22, '2025-07-17 15:46:00'),
(1770, 2508127, 23, '2025-07-17 15:46:00'),
(1771, 2508127, 24, '2025-07-17 15:46:00'),
(1772, 2508127, 25, '2025-07-17 15:46:00'),
(1773, 2508127, 26, '2025-07-17 15:46:00'),
(1774, 2508127, 27, '2025-07-17 15:46:00'),
(1775, 2508127, 28, '2025-07-17 15:46:00'),
(1776, 2508127, 29, '2025-07-17 15:46:00'),
(1777, 2508127, 30, '2025-07-17 15:46:00'),
(1788, 2508125, 21, '2025-07-17 15:46:04'),
(1789, 2508125, 22, '2025-07-17 15:46:04'),
(1790, 2508125, 23, '2025-07-17 15:46:04'),
(1791, 2508125, 24, '2025-07-17 15:46:04'),
(1792, 2508125, 25, '2025-07-17 15:46:04'),
(1793, 2508125, 26, '2025-07-17 15:46:04'),
(1794, 2508125, 27, '2025-07-17 15:46:04'),
(1795, 2508125, 28, '2025-07-17 15:46:04'),
(1796, 2508125, 29, '2025-07-17 15:46:04'),
(1797, 2508125, 30, '2025-07-17 15:46:04'),
(1798, 2508124, 21, '2025-07-17 15:46:06'),
(1799, 2508124, 22, '2025-07-17 15:46:06'),
(1800, 2508124, 23, '2025-07-17 15:46:06'),
(1801, 2508124, 24, '2025-07-17 15:46:06'),
(1802, 2508124, 25, '2025-07-17 15:46:06'),
(1803, 2508124, 26, '2025-07-17 15:46:06'),
(1804, 2508124, 27, '2025-07-17 15:46:06'),
(1805, 2508124, 28, '2025-07-17 15:46:06'),
(1806, 2508124, 29, '2025-07-17 15:46:06'),
(1807, 2508124, 30, '2025-07-17 15:46:06'),
(1808, 2508123, 21, '2025-07-17 15:46:08'),
(1809, 2508123, 22, '2025-07-17 15:46:08'),
(1810, 2508123, 23, '2025-07-17 15:46:08'),
(1811, 2508123, 24, '2025-07-17 15:46:08'),
(1812, 2508123, 25, '2025-07-17 15:46:08'),
(1813, 2508123, 26, '2025-07-17 15:46:08'),
(1814, 2508123, 27, '2025-07-17 15:46:08'),
(1815, 2508123, 28, '2025-07-17 15:46:08'),
(1816, 2508123, 29, '2025-07-17 15:46:08'),
(1817, 2508123, 30, '2025-07-17 15:46:08'),
(1818, 2508122, 21, '2025-07-17 15:46:09'),
(1819, 2508122, 22, '2025-07-17 15:46:09'),
(1820, 2508122, 23, '2025-07-17 15:46:09'),
(1821, 2508122, 24, '2025-07-17 15:46:09'),
(1822, 2508122, 25, '2025-07-17 15:46:09'),
(1823, 2508122, 26, '2025-07-17 15:46:09'),
(1824, 2508122, 27, '2025-07-17 15:46:09'),
(1825, 2508122, 28, '2025-07-17 15:46:09'),
(1826, 2508122, 29, '2025-07-17 15:46:09'),
(1827, 2508122, 30, '2025-07-17 15:46:09'),
(1828, 2508121, 21, '2025-07-17 15:46:11'),
(1829, 2508121, 22, '2025-07-17 15:46:11'),
(1830, 2508121, 23, '2025-07-17 15:46:11'),
(1831, 2508121, 24, '2025-07-17 15:46:11'),
(1832, 2508121, 25, '2025-07-17 15:46:11'),
(1833, 2508121, 26, '2025-07-17 15:46:11'),
(1834, 2508121, 27, '2025-07-17 15:46:11'),
(1835, 2508121, 28, '2025-07-17 15:46:11'),
(1836, 2508121, 29, '2025-07-17 15:46:11'),
(1837, 2508121, 30, '2025-07-17 15:46:11'),
(1838, 2508120, 21, '2025-07-17 15:46:13'),
(1839, 2508120, 22, '2025-07-17 15:46:13'),
(1840, 2508120, 23, '2025-07-17 15:46:13'),
(1841, 2508120, 24, '2025-07-17 15:46:13'),
(1842, 2508120, 25, '2025-07-17 15:46:13'),
(1843, 2508120, 26, '2025-07-17 15:46:13'),
(1844, 2508120, 27, '2025-07-17 15:46:13'),
(1845, 2508120, 28, '2025-07-17 15:46:13'),
(1846, 2508120, 29, '2025-07-17 15:46:13'),
(1847, 2508120, 30, '2025-07-17 15:46:13'),
(1848, 2508119, 21, '2025-07-17 15:46:14'),
(1849, 2508119, 22, '2025-07-17 15:46:14'),
(1850, 2508119, 23, '2025-07-17 15:46:14'),
(1851, 2508119, 24, '2025-07-17 15:46:14'),
(1852, 2508119, 25, '2025-07-17 15:46:14'),
(1853, 2508119, 26, '2025-07-17 15:46:14'),
(1854, 2508119, 27, '2025-07-17 15:46:14'),
(1855, 2508119, 28, '2025-07-17 15:46:14'),
(1856, 2508119, 29, '2025-07-17 15:46:14'),
(1857, 2508119, 30, '2025-07-17 15:46:14'),
(1858, 2508118, 21, '2025-07-17 15:46:16'),
(1859, 2508118, 22, '2025-07-17 15:46:16'),
(1860, 2508118, 23, '2025-07-17 15:46:16'),
(1861, 2508118, 24, '2025-07-17 15:46:16'),
(1862, 2508118, 25, '2025-07-17 15:46:16'),
(1863, 2508118, 26, '2025-07-17 15:46:16'),
(1864, 2508118, 27, '2025-07-17 15:46:16'),
(1865, 2508118, 28, '2025-07-17 15:46:16'),
(1866, 2508118, 29, '2025-07-17 15:46:16'),
(1867, 2508118, 30, '2025-07-17 15:46:16'),
(1868, 2508117, 21, '2025-07-17 15:46:17'),
(1869, 2508117, 22, '2025-07-17 15:46:17'),
(1870, 2508117, 23, '2025-07-17 15:46:17'),
(1871, 2508117, 24, '2025-07-17 15:46:17'),
(1872, 2508117, 25, '2025-07-17 15:46:17'),
(1873, 2508117, 26, '2025-07-17 15:46:17'),
(1874, 2508117, 27, '2025-07-17 15:46:17'),
(1875, 2508117, 28, '2025-07-17 15:46:17'),
(1876, 2508117, 29, '2025-07-17 15:46:17'),
(1877, 2508117, 30, '2025-07-17 15:46:17'),
(1878, 2508116, 21, '2025-07-17 15:46:19'),
(1879, 2508116, 22, '2025-07-17 15:46:19'),
(1880, 2508116, 23, '2025-07-17 15:46:19'),
(1881, 2508116, 24, '2025-07-17 15:46:19'),
(1882, 2508116, 25, '2025-07-17 15:46:19'),
(1883, 2508116, 26, '2025-07-17 15:46:19'),
(1884, 2508116, 27, '2025-07-17 15:46:19'),
(1885, 2508116, 28, '2025-07-17 15:46:19'),
(1886, 2508116, 29, '2025-07-17 15:46:19'),
(1887, 2508116, 30, '2025-07-17 15:46:19'),
(1888, 2508115, 21, '2025-07-17 15:46:20'),
(1889, 2508115, 22, '2025-07-17 15:46:20'),
(1890, 2508115, 23, '2025-07-17 15:46:20'),
(1891, 2508115, 24, '2025-07-17 15:46:20'),
(1892, 2508115, 25, '2025-07-17 15:46:20'),
(1893, 2508115, 26, '2025-07-17 15:46:20'),
(1894, 2508115, 27, '2025-07-17 15:46:20'),
(1895, 2508115, 28, '2025-07-17 15:46:20'),
(1896, 2508115, 29, '2025-07-17 15:46:20'),
(1897, 2508115, 30, '2025-07-17 15:46:20'),
(1898, 2508114, 21, '2025-07-17 15:46:22'),
(1899, 2508114, 22, '2025-07-17 15:46:22'),
(1900, 2508114, 23, '2025-07-17 15:46:22'),
(1901, 2508114, 24, '2025-07-17 15:46:22'),
(1902, 2508114, 25, '2025-07-17 15:46:22'),
(1903, 2508114, 26, '2025-07-17 15:46:22'),
(1904, 2508114, 27, '2025-07-17 15:46:22'),
(1905, 2508114, 28, '2025-07-17 15:46:22'),
(1906, 2508114, 29, '2025-07-17 15:46:22'),
(1907, 2508114, 30, '2025-07-17 15:46:22'),
(1908, 2508113, 21, '2025-07-17 15:46:24'),
(1909, 2508113, 22, '2025-07-17 15:46:24'),
(1910, 2508113, 23, '2025-07-17 15:46:24'),
(1911, 2508113, 24, '2025-07-17 15:46:24'),
(1912, 2508113, 25, '2025-07-17 15:46:24'),
(1913, 2508113, 26, '2025-07-17 15:46:24'),
(1914, 2508113, 27, '2025-07-17 15:46:24'),
(1915, 2508113, 28, '2025-07-17 15:46:24'),
(1916, 2508113, 29, '2025-07-17 15:46:24'),
(1917, 2508113, 30, '2025-07-17 15:46:24'),
(1918, 2508112, 21, '2025-07-17 15:46:26'),
(1919, 2508112, 22, '2025-07-17 15:46:26'),
(1920, 2508112, 23, '2025-07-17 15:46:26'),
(1921, 2508112, 24, '2025-07-17 15:46:26'),
(1922, 2508112, 25, '2025-07-17 15:46:26'),
(1923, 2508112, 26, '2025-07-17 15:46:26'),
(1924, 2508112, 27, '2025-07-17 15:46:26'),
(1925, 2508112, 28, '2025-07-17 15:46:26'),
(1926, 2508112, 29, '2025-07-17 15:46:26'),
(1927, 2508112, 30, '2025-07-17 15:46:26'),
(1928, 2508111, 21, '2025-07-17 15:46:28'),
(1929, 2508111, 22, '2025-07-17 15:46:28'),
(1930, 2508111, 23, '2025-07-17 15:46:28'),
(1931, 2508111, 24, '2025-07-17 15:46:28'),
(1932, 2508111, 25, '2025-07-17 15:46:28'),
(1933, 2508111, 26, '2025-07-17 15:46:28'),
(1934, 2508111, 27, '2025-07-17 15:46:28'),
(1935, 2508111, 28, '2025-07-17 15:46:28'),
(1936, 2508111, 29, '2025-07-17 15:46:28'),
(1937, 2508111, 30, '2025-07-17 15:46:28'),
(1938, 2508110, 21, '2025-07-17 15:46:30'),
(1939, 2508110, 22, '2025-07-17 15:46:30'),
(1940, 2508110, 23, '2025-07-17 15:46:30'),
(1941, 2508110, 24, '2025-07-17 15:46:30'),
(1942, 2508110, 25, '2025-07-17 15:46:30'),
(1943, 2508110, 26, '2025-07-17 15:46:30'),
(1944, 2508110, 27, '2025-07-17 15:46:30'),
(1945, 2508110, 28, '2025-07-17 15:46:30'),
(1946, 2508110, 29, '2025-07-17 15:46:30'),
(1947, 2508110, 30, '2025-07-17 15:46:30'),
(1948, 2508109, 21, '2025-07-17 15:46:31'),
(1949, 2508109, 22, '2025-07-17 15:46:31'),
(1950, 2508109, 23, '2025-07-17 15:46:31'),
(1951, 2508109, 24, '2025-07-17 15:46:31'),
(1952, 2508109, 25, '2025-07-17 15:46:31'),
(1953, 2508109, 26, '2025-07-17 15:46:31'),
(1954, 2508109, 27, '2025-07-17 15:46:31'),
(1955, 2508109, 28, '2025-07-17 15:46:31'),
(1956, 2508109, 29, '2025-07-17 15:46:31'),
(1957, 2508109, 30, '2025-07-17 15:46:31'),
(1958, 2508108, 21, '2025-07-17 15:46:33'),
(1959, 2508108, 22, '2025-07-17 15:46:33'),
(1960, 2508108, 23, '2025-07-17 15:46:33'),
(1961, 2508108, 24, '2025-07-17 15:46:33'),
(1962, 2508108, 25, '2025-07-17 15:46:33'),
(1963, 2508108, 26, '2025-07-17 15:46:33'),
(1964, 2508108, 27, '2025-07-17 15:46:33'),
(1965, 2508108, 28, '2025-07-17 15:46:33'),
(1966, 2508108, 29, '2025-07-17 15:46:33'),
(1967, 2508108, 30, '2025-07-17 15:46:33'),
(1968, 2508107, 21, '2025-07-17 15:46:35'),
(1969, 2508107, 22, '2025-07-17 15:46:35'),
(1970, 2508107, 23, '2025-07-17 15:46:35'),
(1971, 2508107, 24, '2025-07-17 15:46:35'),
(1972, 2508107, 25, '2025-07-17 15:46:35'),
(1973, 2508107, 26, '2025-07-17 15:46:35'),
(1974, 2508107, 27, '2025-07-17 15:46:35'),
(1975, 2508107, 28, '2025-07-17 15:46:35'),
(1976, 2508107, 29, '2025-07-17 15:46:35'),
(1977, 2508107, 30, '2025-07-17 15:46:35'),
(1978, 2508106, 21, '2025-07-17 15:46:36'),
(1979, 2508106, 22, '2025-07-17 15:46:36'),
(1980, 2508106, 23, '2025-07-17 15:46:36'),
(1981, 2508106, 24, '2025-07-17 15:46:36'),
(1982, 2508106, 25, '2025-07-17 15:46:36'),
(1983, 2508106, 26, '2025-07-17 15:46:36'),
(1984, 2508106, 27, '2025-07-17 15:46:36'),
(1985, 2508106, 28, '2025-07-17 15:46:36'),
(1986, 2508106, 29, '2025-07-17 15:46:36'),
(1987, 2508106, 30, '2025-07-17 15:46:36'),
(1988, 2508105, 21, '2025-07-17 15:46:38'),
(1989, 2508105, 22, '2025-07-17 15:46:38'),
(1990, 2508105, 23, '2025-07-17 15:46:38'),
(1991, 2508105, 24, '2025-07-17 15:46:38'),
(1992, 2508105, 25, '2025-07-17 15:46:38'),
(1993, 2508105, 26, '2025-07-17 15:46:38'),
(1994, 2508105, 27, '2025-07-17 15:46:38'),
(1995, 2508105, 28, '2025-07-17 15:46:38'),
(1996, 2508105, 29, '2025-07-17 15:46:38'),
(1997, 2508105, 30, '2025-07-17 15:46:38'),
(1998, 2508104, 21, '2025-07-17 15:46:40'),
(1999, 2508104, 22, '2025-07-17 15:46:40'),
(2000, 2508104, 23, '2025-07-17 15:46:40'),
(2001, 2508104, 24, '2025-07-17 15:46:40'),
(2002, 2508104, 25, '2025-07-17 15:46:40'),
(2003, 2508104, 26, '2025-07-17 15:46:40'),
(2004, 2508104, 27, '2025-07-17 15:46:40'),
(2005, 2508104, 28, '2025-07-17 15:46:40'),
(2006, 2508104, 29, '2025-07-17 15:46:40'),
(2007, 2508104, 30, '2025-07-17 15:46:40'),
(2008, 2508103, 21, '2025-07-17 15:46:42'),
(2009, 2508103, 22, '2025-07-17 15:46:42'),
(2010, 2508103, 23, '2025-07-17 15:46:42'),
(2011, 2508103, 24, '2025-07-17 15:46:42'),
(2012, 2508103, 25, '2025-07-17 15:46:42'),
(2013, 2508103, 26, '2025-07-17 15:46:42'),
(2014, 2508103, 27, '2025-07-17 15:46:42'),
(2015, 2508103, 28, '2025-07-17 15:46:42'),
(2016, 2508103, 29, '2025-07-17 15:46:42'),
(2017, 2508103, 30, '2025-07-17 15:46:42'),
(2018, 2508102, 21, '2025-07-17 15:46:43'),
(2019, 2508102, 22, '2025-07-17 15:46:43'),
(2020, 2508102, 23, '2025-07-17 15:46:43'),
(2021, 2508102, 24, '2025-07-17 15:46:43'),
(2022, 2508102, 25, '2025-07-17 15:46:43'),
(2023, 2508102, 26, '2025-07-17 15:46:43'),
(2024, 2508102, 27, '2025-07-17 15:46:43'),
(2025, 2508102, 28, '2025-07-17 15:46:43'),
(2026, 2508102, 29, '2025-07-17 15:46:43'),
(2027, 2508102, 30, '2025-07-17 15:46:43'),
(2028, 2508101, 21, '2025-07-17 15:46:45'),
(2029, 2508101, 22, '2025-07-17 15:46:45'),
(2030, 2508101, 23, '2025-07-17 15:46:45'),
(2031, 2508101, 24, '2025-07-17 15:46:45'),
(2032, 2508101, 25, '2025-07-17 15:46:45'),
(2033, 2508101, 26, '2025-07-17 15:46:45'),
(2034, 2508101, 27, '2025-07-17 15:46:45'),
(2035, 2508101, 28, '2025-07-17 15:46:45'),
(2036, 2508101, 29, '2025-07-17 15:46:45'),
(2037, 2508101, 30, '2025-07-17 15:46:45'),
(2038, 2508100, 21, '2025-07-17 15:46:47'),
(2039, 2508100, 22, '2025-07-17 15:46:47'),
(2040, 2508100, 23, '2025-07-17 15:46:47'),
(2041, 2508100, 24, '2025-07-17 15:46:47'),
(2042, 2508100, 25, '2025-07-17 15:46:47'),
(2043, 2508100, 26, '2025-07-17 15:46:47'),
(2044, 2508100, 27, '2025-07-17 15:46:47'),
(2045, 2508100, 28, '2025-07-17 15:46:47'),
(2046, 2508100, 29, '2025-07-17 15:46:47'),
(2047, 2508100, 30, '2025-07-17 15:46:47'),
(2048, 2508099, 21, '2025-07-17 15:46:49'),
(2049, 2508099, 22, '2025-07-17 15:46:49'),
(2050, 2508099, 23, '2025-07-17 15:46:49'),
(2051, 2508099, 24, '2025-07-17 15:46:49'),
(2052, 2508099, 25, '2025-07-17 15:46:49'),
(2053, 2508099, 26, '2025-07-17 15:46:49'),
(2054, 2508099, 27, '2025-07-17 15:46:49'),
(2055, 2508099, 28, '2025-07-17 15:46:49'),
(2056, 2508099, 29, '2025-07-17 15:46:49'),
(2057, 2508099, 30, '2025-07-17 15:46:49'),
(2058, 2508098, 21, '2025-07-17 15:46:51'),
(2059, 2508098, 22, '2025-07-17 15:46:51'),
(2060, 2508098, 23, '2025-07-17 15:46:51'),
(2061, 2508098, 24, '2025-07-17 15:46:51'),
(2062, 2508098, 25, '2025-07-17 15:46:51'),
(2063, 2508098, 26, '2025-07-17 15:46:51'),
(2064, 2508098, 27, '2025-07-17 15:46:51'),
(2065, 2508098, 28, '2025-07-17 15:46:51'),
(2066, 2508098, 29, '2025-07-17 15:46:51'),
(2067, 2508098, 30, '2025-07-17 15:46:51'),
(2068, 2508096, 21, '2025-07-17 15:46:52'),
(2069, 2508096, 22, '2025-07-17 15:46:52'),
(2070, 2508096, 23, '2025-07-17 15:46:52'),
(2071, 2508096, 24, '2025-07-17 15:46:52'),
(2072, 2508096, 25, '2025-07-17 15:46:52'),
(2073, 2508096, 26, '2025-07-17 15:46:52'),
(2074, 2508096, 27, '2025-07-17 15:46:52'),
(2075, 2508096, 28, '2025-07-17 15:46:52'),
(2076, 2508096, 29, '2025-07-17 15:46:52'),
(2077, 2508096, 30, '2025-07-17 15:46:52'),
(2078, 2508095, 21, '2025-07-17 15:46:54'),
(2079, 2508095, 22, '2025-07-17 15:46:54'),
(2080, 2508095, 23, '2025-07-17 15:46:54'),
(2081, 2508095, 24, '2025-07-17 15:46:54'),
(2082, 2508095, 25, '2025-07-17 15:46:54'),
(2083, 2508095, 26, '2025-07-17 15:46:54'),
(2084, 2508095, 27, '2025-07-17 15:46:54'),
(2085, 2508095, 28, '2025-07-17 15:46:54'),
(2086, 2508095, 29, '2025-07-17 15:46:54'),
(2087, 2508095, 30, '2025-07-17 15:46:54'),
(2088, 2508094, 21, '2025-07-17 15:46:56'),
(2089, 2508094, 22, '2025-07-17 15:46:56'),
(2090, 2508094, 23, '2025-07-17 15:46:56'),
(2091, 2508094, 24, '2025-07-17 15:46:56'),
(2092, 2508094, 25, '2025-07-17 15:46:56'),
(2093, 2508094, 26, '2025-07-17 15:46:56'),
(2094, 2508094, 27, '2025-07-17 15:46:56'),
(2095, 2508094, 28, '2025-07-17 15:46:56'),
(2096, 2508094, 29, '2025-07-17 15:46:56'),
(2097, 2508094, 30, '2025-07-17 15:46:56'),
(2098, 2508093, 21, '2025-07-17 15:46:57'),
(2099, 2508093, 22, '2025-07-17 15:46:57'),
(2100, 2508093, 23, '2025-07-17 15:46:57'),
(2101, 2508093, 24, '2025-07-17 15:46:57'),
(2102, 2508093, 25, '2025-07-17 15:46:57'),
(2103, 2508093, 26, '2025-07-17 15:46:57'),
(2104, 2508093, 27, '2025-07-17 15:46:57'),
(2105, 2508093, 28, '2025-07-17 15:46:57'),
(2106, 2508093, 29, '2025-07-17 15:46:57'),
(2107, 2508093, 30, '2025-07-17 15:46:57'),
(2108, 2508092, 21, '2025-07-17 15:46:59'),
(2109, 2508092, 22, '2025-07-17 15:46:59'),
(2110, 2508092, 23, '2025-07-17 15:46:59'),
(2111, 2508092, 24, '2025-07-17 15:46:59'),
(2112, 2508092, 25, '2025-07-17 15:46:59'),
(2113, 2508092, 26, '2025-07-17 15:46:59'),
(2114, 2508092, 27, '2025-07-17 15:46:59'),
(2115, 2508092, 28, '2025-07-17 15:46:59'),
(2116, 2508092, 29, '2025-07-17 15:46:59'),
(2117, 2508092, 30, '2025-07-17 15:46:59'),
(2118, 2508091, 21, '2025-07-17 15:47:01'),
(2119, 2508091, 22, '2025-07-17 15:47:01'),
(2120, 2508091, 23, '2025-07-17 15:47:01'),
(2121, 2508091, 24, '2025-07-17 15:47:01'),
(2122, 2508091, 25, '2025-07-17 15:47:01'),
(2123, 2508091, 26, '2025-07-17 15:47:01'),
(2124, 2508091, 27, '2025-07-17 15:47:01'),
(2125, 2508091, 28, '2025-07-17 15:47:01'),
(2126, 2508091, 29, '2025-07-17 15:47:01'),
(2127, 2508091, 30, '2025-07-17 15:47:01'),
(2128, 2508090, 21, '2025-07-17 15:47:02'),
(2129, 2508090, 22, '2025-07-17 15:47:02'),
(2130, 2508090, 23, '2025-07-17 15:47:02'),
(2131, 2508090, 24, '2025-07-17 15:47:02'),
(2132, 2508090, 25, '2025-07-17 15:47:02'),
(2133, 2508090, 26, '2025-07-17 15:47:02'),
(2134, 2508090, 27, '2025-07-17 15:47:02'),
(2135, 2508090, 28, '2025-07-17 15:47:02'),
(2136, 2508090, 29, '2025-07-17 15:47:02'),
(2137, 2508090, 30, '2025-07-17 15:47:02'),
(2138, 2508089, 21, '2025-07-17 15:47:04'),
(2139, 2508089, 22, '2025-07-17 15:47:04'),
(2140, 2508089, 23, '2025-07-17 15:47:04'),
(2141, 2508089, 24, '2025-07-17 15:47:04'),
(2142, 2508089, 25, '2025-07-17 15:47:04'),
(2143, 2508089, 26, '2025-07-17 15:47:04'),
(2144, 2508089, 27, '2025-07-17 15:47:04'),
(2145, 2508089, 28, '2025-07-17 15:47:04'),
(2146, 2508089, 29, '2025-07-17 15:47:04'),
(2147, 2508089, 30, '2025-07-17 15:47:04'),
(2148, 2508088, 21, '2025-07-17 15:47:05'),
(2149, 2508088, 22, '2025-07-17 15:47:05'),
(2150, 2508088, 23, '2025-07-17 15:47:05'),
(2151, 2508088, 24, '2025-07-17 15:47:05'),
(2152, 2508088, 25, '2025-07-17 15:47:05'),
(2153, 2508088, 26, '2025-07-17 15:47:05'),
(2154, 2508088, 27, '2025-07-17 15:47:05'),
(2155, 2508088, 28, '2025-07-17 15:47:05'),
(2156, 2508088, 29, '2025-07-17 15:47:05'),
(2157, 2508088, 30, '2025-07-17 15:47:05'),
(2158, 2508087, 21, '2025-07-17 15:47:07'),
(2159, 2508087, 22, '2025-07-17 15:47:07'),
(2160, 2508087, 23, '2025-07-17 15:47:07'),
(2161, 2508087, 24, '2025-07-17 15:47:07'),
(2162, 2508087, 25, '2025-07-17 15:47:07'),
(2163, 2508087, 26, '2025-07-17 15:47:07'),
(2164, 2508087, 27, '2025-07-17 15:47:07'),
(2165, 2508087, 28, '2025-07-17 15:47:07'),
(2166, 2508087, 29, '2025-07-17 15:47:07'),
(2167, 2508087, 30, '2025-07-17 15:47:07'),
(2168, 2508086, 21, '2025-07-17 15:47:09'),
(2169, 2508086, 22, '2025-07-17 15:47:09'),
(2170, 2508086, 23, '2025-07-17 15:47:09'),
(2171, 2508086, 24, '2025-07-17 15:47:09'),
(2172, 2508086, 25, '2025-07-17 15:47:09'),
(2173, 2508086, 26, '2025-07-17 15:47:09'),
(2174, 2508086, 27, '2025-07-17 15:47:09'),
(2175, 2508086, 28, '2025-07-17 15:47:09'),
(2176, 2508086, 29, '2025-07-17 15:47:09'),
(2177, 2508086, 30, '2025-07-17 15:47:09'),
(2178, 2508085, 21, '2025-07-17 15:47:10'),
(2179, 2508085, 22, '2025-07-17 15:47:10'),
(2180, 2508085, 23, '2025-07-17 15:47:10'),
(2181, 2508085, 24, '2025-07-17 15:47:10'),
(2182, 2508085, 25, '2025-07-17 15:47:10'),
(2183, 2508085, 26, '2025-07-17 15:47:10'),
(2184, 2508085, 27, '2025-07-17 15:47:10'),
(2185, 2508085, 28, '2025-07-17 15:47:10'),
(2186, 2508085, 29, '2025-07-17 15:47:10'),
(2187, 2508085, 30, '2025-07-17 15:47:10'),
(2188, 2508084, 21, '2025-07-17 15:47:12'),
(2189, 2508084, 22, '2025-07-17 15:47:12'),
(2190, 2508084, 23, '2025-07-17 15:47:12'),
(2191, 2508084, 24, '2025-07-17 15:47:12'),
(2192, 2508084, 25, '2025-07-17 15:47:12'),
(2193, 2508084, 26, '2025-07-17 15:47:12'),
(2194, 2508084, 27, '2025-07-17 15:47:12'),
(2195, 2508084, 28, '2025-07-17 15:47:12'),
(2196, 2508084, 29, '2025-07-17 15:47:12'),
(2197, 2508084, 30, '2025-07-17 15:47:12'),
(2198, 2508083, 21, '2025-07-17 15:47:13'),
(2199, 2508083, 22, '2025-07-17 15:47:13'),
(2200, 2508083, 23, '2025-07-17 15:47:13'),
(2201, 2508083, 24, '2025-07-17 15:47:13'),
(2202, 2508083, 25, '2025-07-17 15:47:13'),
(2203, 2508083, 26, '2025-07-17 15:47:13'),
(2204, 2508083, 27, '2025-07-17 15:47:13'),
(2205, 2508083, 28, '2025-07-17 15:47:13'),
(2206, 2508083, 29, '2025-07-17 15:47:13'),
(2207, 2508083, 30, '2025-07-17 15:47:13'),
(2208, 2508082, 21, '2025-07-17 15:47:15'),
(2209, 2508082, 22, '2025-07-17 15:47:15'),
(2210, 2508082, 23, '2025-07-17 15:47:15'),
(2211, 2508082, 24, '2025-07-17 15:47:15'),
(2212, 2508082, 25, '2025-07-17 15:47:15'),
(2213, 2508082, 26, '2025-07-17 15:47:15'),
(2214, 2508082, 27, '2025-07-17 15:47:15'),
(2215, 2508082, 28, '2025-07-17 15:47:15'),
(2216, 2508082, 29, '2025-07-17 15:47:15'),
(2217, 2508082, 30, '2025-07-17 15:47:15'),
(2218, 2508081, 21, '2025-07-17 15:47:17'),
(2219, 2508081, 22, '2025-07-17 15:47:17'),
(2220, 2508081, 23, '2025-07-17 15:47:17'),
(2221, 2508081, 24, '2025-07-17 15:47:17'),
(2222, 2508081, 25, '2025-07-17 15:47:17'),
(2223, 2508081, 26, '2025-07-17 15:47:17'),
(2224, 2508081, 27, '2025-07-17 15:47:17'),
(2225, 2508081, 28, '2025-07-17 15:47:17'),
(2226, 2508081, 29, '2025-07-17 15:47:17'),
(2227, 2508081, 30, '2025-07-17 15:47:17'),
(2228, 2508080, 21, '2025-07-17 15:47:18'),
(2229, 2508080, 22, '2025-07-17 15:47:18'),
(2230, 2508080, 23, '2025-07-17 15:47:18'),
(2231, 2508080, 24, '2025-07-17 15:47:18'),
(2232, 2508080, 25, '2025-07-17 15:47:18'),
(2233, 2508080, 26, '2025-07-17 15:47:18'),
(2234, 2508080, 27, '2025-07-17 15:47:18'),
(2235, 2508080, 28, '2025-07-17 15:47:18'),
(2236, 2508080, 29, '2025-07-17 15:47:18'),
(2237, 2508080, 30, '2025-07-17 15:47:18'),
(2238, 2508079, 21, '2025-07-17 15:47:20'),
(2239, 2508079, 22, '2025-07-17 15:47:20'),
(2240, 2508079, 23, '2025-07-17 15:47:20'),
(2241, 2508079, 24, '2025-07-17 15:47:20'),
(2242, 2508079, 25, '2025-07-17 15:47:20'),
(2243, 2508079, 26, '2025-07-17 15:47:20'),
(2244, 2508079, 27, '2025-07-17 15:47:20'),
(2245, 2508079, 28, '2025-07-17 15:47:20'),
(2246, 2508079, 29, '2025-07-17 15:47:20'),
(2247, 2508079, 30, '2025-07-17 15:47:20'),
(2248, 2508078, 21, '2025-07-17 15:47:21'),
(2249, 2508078, 22, '2025-07-17 15:47:21'),
(2250, 2508078, 23, '2025-07-17 15:47:21'),
(2251, 2508078, 24, '2025-07-17 15:47:21'),
(2252, 2508078, 25, '2025-07-17 15:47:21'),
(2253, 2508078, 26, '2025-07-17 15:47:21'),
(2254, 2508078, 27, '2025-07-17 15:47:21'),
(2255, 2508078, 28, '2025-07-17 15:47:21'),
(2256, 2508078, 29, '2025-07-17 15:47:21'),
(2257, 2508078, 30, '2025-07-17 15:47:21'),
(2258, 2508077, 21, '2025-07-17 15:47:23'),
(2259, 2508077, 22, '2025-07-17 15:47:23'),
(2260, 2508077, 23, '2025-07-17 15:47:23'),
(2261, 2508077, 24, '2025-07-17 15:47:23'),
(2262, 2508077, 25, '2025-07-17 15:47:23'),
(2263, 2508077, 26, '2025-07-17 15:47:23'),
(2264, 2508077, 27, '2025-07-17 15:47:23'),
(2265, 2508077, 28, '2025-07-17 15:47:23'),
(2266, 2508077, 29, '2025-07-17 15:47:23'),
(2267, 2508077, 30, '2025-07-17 15:47:23'),
(2268, 2508076, 21, '2025-07-17 15:47:24'),
(2269, 2508076, 22, '2025-07-17 15:47:24'),
(2270, 2508076, 23, '2025-07-17 15:47:24'),
(2271, 2508076, 24, '2025-07-17 15:47:24'),
(2272, 2508076, 25, '2025-07-17 15:47:24'),
(2273, 2508076, 26, '2025-07-17 15:47:24'),
(2274, 2508076, 27, '2025-07-17 15:47:24'),
(2275, 2508076, 28, '2025-07-17 15:47:24'),
(2276, 2508076, 29, '2025-07-17 15:47:24'),
(2277, 2508076, 30, '2025-07-17 15:47:24'),
(2278, 2508075, 21, '2025-07-17 15:47:25'),
(2279, 2508075, 22, '2025-07-17 15:47:25'),
(2280, 2508075, 23, '2025-07-17 15:47:25'),
(2281, 2508075, 24, '2025-07-17 15:47:25'),
(2282, 2508075, 25, '2025-07-17 15:47:25'),
(2283, 2508075, 26, '2025-07-17 15:47:25'),
(2284, 2508075, 27, '2025-07-17 15:47:25'),
(2285, 2508075, 28, '2025-07-17 15:47:25'),
(2286, 2508075, 29, '2025-07-17 15:47:25'),
(2287, 2508075, 30, '2025-07-17 15:47:25'),
(2288, 2508074, 21, '2025-07-17 15:47:27'),
(2289, 2508074, 22, '2025-07-17 15:47:27'),
(2290, 2508074, 23, '2025-07-17 15:47:27'),
(2291, 2508074, 24, '2025-07-17 15:47:27'),
(2292, 2508074, 25, '2025-07-17 15:47:27'),
(2293, 2508074, 26, '2025-07-17 15:47:27'),
(2294, 2508074, 27, '2025-07-17 15:47:27'),
(2295, 2508074, 28, '2025-07-17 15:47:27'),
(2296, 2508074, 29, '2025-07-17 15:47:27'),
(2297, 2508074, 30, '2025-07-17 15:47:27'),
(2298, 2508073, 21, '2025-07-17 15:47:28'),
(2299, 2508073, 22, '2025-07-17 15:47:28'),
(2300, 2508073, 23, '2025-07-17 15:47:28'),
(2301, 2508073, 24, '2025-07-17 15:47:28'),
(2302, 2508073, 25, '2025-07-17 15:47:28'),
(2303, 2508073, 26, '2025-07-17 15:47:28'),
(2304, 2508073, 27, '2025-07-17 15:47:28'),
(2305, 2508073, 28, '2025-07-17 15:47:28'),
(2306, 2508073, 29, '2025-07-17 15:47:28'),
(2307, 2508073, 30, '2025-07-17 15:47:28'),
(2308, 2508072, 21, '2025-07-17 15:47:30'),
(2309, 2508072, 22, '2025-07-17 15:47:30'),
(2310, 2508072, 23, '2025-07-17 15:47:30'),
(2311, 2508072, 24, '2025-07-17 15:47:30'),
(2312, 2508072, 25, '2025-07-17 15:47:30'),
(2313, 2508072, 26, '2025-07-17 15:47:30'),
(2314, 2508072, 27, '2025-07-17 15:47:30'),
(2315, 2508072, 28, '2025-07-17 15:47:30'),
(2316, 2508072, 29, '2025-07-17 15:47:30'),
(2317, 2508072, 30, '2025-07-17 15:47:30'),
(2318, 2508071, 21, '2025-07-17 15:47:31'),
(2319, 2508071, 22, '2025-07-17 15:47:31'),
(2320, 2508071, 23, '2025-07-17 15:47:31'),
(2321, 2508071, 24, '2025-07-17 15:47:31'),
(2322, 2508071, 25, '2025-07-17 15:47:31'),
(2323, 2508071, 26, '2025-07-17 15:47:31'),
(2324, 2508071, 27, '2025-07-17 15:47:31'),
(2325, 2508071, 28, '2025-07-17 15:47:31'),
(2326, 2508071, 29, '2025-07-17 15:47:31'),
(2327, 2508071, 30, '2025-07-17 15:47:31'),
(2328, 2508070, 21, '2025-07-17 15:47:33'),
(2329, 2508070, 22, '2025-07-17 15:47:33'),
(2330, 2508070, 23, '2025-07-17 15:47:33'),
(2331, 2508070, 24, '2025-07-17 15:47:33'),
(2332, 2508070, 25, '2025-07-17 15:47:33'),
(2333, 2508070, 26, '2025-07-17 15:47:33'),
(2334, 2508070, 27, '2025-07-17 15:47:33'),
(2335, 2508070, 28, '2025-07-17 15:47:33'),
(2336, 2508070, 29, '2025-07-17 15:47:33'),
(2337, 2508070, 30, '2025-07-17 15:47:33'),
(2338, 2508069, 21, '2025-07-17 15:47:35'),
(2339, 2508069, 22, '2025-07-17 15:47:35'),
(2340, 2508069, 23, '2025-07-17 15:47:35'),
(2341, 2508069, 24, '2025-07-17 15:47:35'),
(2342, 2508069, 25, '2025-07-17 15:47:35'),
(2343, 2508069, 26, '2025-07-17 15:47:35'),
(2344, 2508069, 27, '2025-07-17 15:47:35'),
(2345, 2508069, 28, '2025-07-17 15:47:35'),
(2346, 2508069, 29, '2025-07-17 15:47:35'),
(2347, 2508069, 30, '2025-07-17 15:47:35'),
(2348, 2508068, 21, '2025-07-17 15:47:37'),
(2349, 2508068, 22, '2025-07-17 15:47:37'),
(2350, 2508068, 23, '2025-07-17 15:47:37'),
(2351, 2508068, 24, '2025-07-17 15:47:37'),
(2352, 2508068, 25, '2025-07-17 15:47:37'),
(2353, 2508068, 26, '2025-07-17 15:47:37'),
(2354, 2508068, 27, '2025-07-17 15:47:37'),
(2355, 2508068, 28, '2025-07-17 15:47:37'),
(2356, 2508068, 29, '2025-07-17 15:47:37'),
(2357, 2508068, 30, '2025-07-17 15:47:37'),
(2358, 2508128, 21, '2025-07-17 15:48:35'),
(2359, 2508128, 22, '2025-07-17 15:48:35'),
(2360, 2508128, 23, '2025-07-17 15:48:35'),
(2361, 2508128, 24, '2025-07-17 15:48:35'),
(2362, 2508128, 25, '2025-07-17 15:48:35'),
(2363, 2508128, 26, '2025-07-17 15:48:35'),
(2364, 2508128, 27, '2025-07-17 15:48:35'),
(2365, 2508128, 28, '2025-07-17 15:48:35'),
(2366, 2508128, 29, '2025-07-17 15:48:35'),
(2367, 2508128, 30, '2025-07-17 15:48:35'),
(2368, 2508126, 21, '2025-07-17 15:48:41'),
(2369, 2508126, 22, '2025-07-17 15:48:41'),
(2370, 2508126, 23, '2025-07-17 15:48:41'),
(2371, 2508126, 24, '2025-07-17 15:48:41'),
(2372, 2508126, 25, '2025-07-17 15:48:41'),
(2373, 2508126, 26, '2025-07-17 15:48:41'),
(2374, 2508126, 27, '2025-07-17 15:48:41'),
(2375, 2508126, 28, '2025-07-17 15:48:41'),
(2376, 2508126, 29, '2025-07-17 15:48:41'),
(2377, 2508126, 30, '2025-07-17 15:48:41'),
(2378, 2508097, 21, '2025-07-17 15:48:44'),
(2379, 2508097, 22, '2025-07-17 15:48:44'),
(2380, 2508097, 23, '2025-07-17 15:48:44'),
(2381, 2508097, 24, '2025-07-17 15:48:44'),
(2382, 2508097, 25, '2025-07-17 15:48:44'),
(2383, 2508097, 26, '2025-07-17 15:48:44'),
(2384, 2508097, 27, '2025-07-17 15:48:44'),
(2385, 2508097, 28, '2025-07-17 15:48:44'),
(2386, 2508097, 29, '2025-07-17 15:48:44'),
(2387, 2508097, 30, '2025-07-17 15:48:44'),
(2388, 2508067, 21, '2025-07-17 15:51:05'),
(2389, 2508067, 22, '2025-07-17 15:51:05'),
(2390, 2508067, 23, '2025-07-17 15:51:05'),
(2391, 2508067, 24, '2025-07-17 15:51:05'),
(2392, 2508067, 25, '2025-07-17 15:51:05'),
(2393, 2508067, 26, '2025-07-17 15:51:05'),
(2394, 2508067, 27, '2025-07-17 15:51:05'),
(2395, 2508067, 28, '2025-07-17 15:51:05'),
(2396, 2508067, 29, '2025-07-17 15:51:05'),
(2397, 2508067, 30, '2025-07-17 15:51:05'),
(2398, 2508066, 21, '2025-07-17 15:51:08'),
(2399, 2508066, 22, '2025-07-17 15:51:08'),
(2400, 2508066, 23, '2025-07-17 15:51:08'),
(2401, 2508066, 24, '2025-07-17 15:51:08'),
(2402, 2508066, 25, '2025-07-17 15:51:08'),
(2403, 2508066, 26, '2025-07-17 15:51:08'),
(2404, 2508066, 27, '2025-07-17 15:51:08'),
(2405, 2508066, 28, '2025-07-17 15:51:08'),
(2406, 2508066, 29, '2025-07-17 15:51:08'),
(2407, 2508066, 30, '2025-07-17 15:51:08'),
(2408, 2508065, 21, '2025-07-17 15:51:10'),
(2409, 2508065, 22, '2025-07-17 15:51:10'),
(2410, 2508065, 23, '2025-07-17 15:51:10'),
(2411, 2508065, 24, '2025-07-17 15:51:10'),
(2412, 2508065, 25, '2025-07-17 15:51:10'),
(2413, 2508065, 26, '2025-07-17 15:51:10'),
(2414, 2508065, 27, '2025-07-17 15:51:10'),
(2415, 2508065, 28, '2025-07-17 15:51:10'),
(2416, 2508065, 29, '2025-07-17 15:51:10'),
(2417, 2508065, 30, '2025-07-17 15:51:10'),
(2418, 2508064, 21, '2025-07-17 15:51:11'),
(2419, 2508064, 22, '2025-07-17 15:51:11'),
(2420, 2508064, 23, '2025-07-17 15:51:11'),
(2421, 2508064, 24, '2025-07-17 15:51:11'),
(2422, 2508064, 25, '2025-07-17 15:51:11'),
(2423, 2508064, 26, '2025-07-17 15:51:11'),
(2424, 2508064, 27, '2025-07-17 15:51:11'),
(2425, 2508064, 28, '2025-07-17 15:51:11'),
(2426, 2508064, 29, '2025-07-17 15:51:11'),
(2427, 2508064, 30, '2025-07-17 15:51:11'),
(2428, 2508063, 21, '2025-07-17 15:51:13'),
(2429, 2508063, 22, '2025-07-17 15:51:13'),
(2430, 2508063, 23, '2025-07-17 15:51:13'),
(2431, 2508063, 24, '2025-07-17 15:51:13'),
(2432, 2508063, 25, '2025-07-17 15:51:13'),
(2433, 2508063, 26, '2025-07-17 15:51:13'),
(2434, 2508063, 27, '2025-07-17 15:51:13'),
(2435, 2508063, 28, '2025-07-17 15:51:13'),
(2436, 2508063, 29, '2025-07-17 15:51:13'),
(2437, 2508063, 30, '2025-07-17 15:51:13'),
(2438, 2508062, 21, '2025-07-17 15:51:15'),
(2439, 2508062, 22, '2025-07-17 15:51:15'),
(2440, 2508062, 23, '2025-07-17 15:51:15'),
(2441, 2508062, 24, '2025-07-17 15:51:15'),
(2442, 2508062, 25, '2025-07-17 15:51:15'),
(2443, 2508062, 26, '2025-07-17 15:51:15'),
(2444, 2508062, 27, '2025-07-17 15:51:15'),
(2445, 2508062, 28, '2025-07-17 15:51:15'),
(2446, 2508062, 29, '2025-07-17 15:51:15'),
(2447, 2508062, 30, '2025-07-17 15:51:15'),
(2448, 2508061, 21, '2025-07-17 15:51:17'),
(2449, 2508061, 22, '2025-07-17 15:51:17'),
(2450, 2508061, 23, '2025-07-17 15:51:17'),
(2451, 2508061, 24, '2025-07-17 15:51:17'),
(2452, 2508061, 25, '2025-07-17 15:51:17'),
(2453, 2508061, 26, '2025-07-17 15:51:17'),
(2454, 2508061, 27, '2025-07-17 15:51:17'),
(2455, 2508061, 28, '2025-07-17 15:51:17'),
(2456, 2508061, 29, '2025-07-17 15:51:17'),
(2457, 2508061, 30, '2025-07-17 15:51:17'),
(2458, 2508060, 21, '2025-07-17 15:51:19'),
(2459, 2508060, 22, '2025-07-17 15:51:19'),
(2460, 2508060, 23, '2025-07-17 15:51:19'),
(2461, 2508060, 24, '2025-07-17 15:51:19'),
(2462, 2508060, 25, '2025-07-17 15:51:19'),
(2463, 2508060, 26, '2025-07-17 15:51:19'),
(2464, 2508060, 27, '2025-07-17 15:51:19'),
(2465, 2508060, 28, '2025-07-17 15:51:19'),
(2466, 2508060, 29, '2025-07-17 15:51:19'),
(2467, 2508060, 30, '2025-07-17 15:51:19'),
(2468, 2508059, 21, '2025-07-17 15:51:20'),
(2469, 2508059, 22, '2025-07-17 15:51:20'),
(2470, 2508059, 23, '2025-07-17 15:51:20'),
(2471, 2508059, 24, '2025-07-17 15:51:20'),
(2472, 2508059, 25, '2025-07-17 15:51:20'),
(2473, 2508059, 26, '2025-07-17 15:51:20'),
(2474, 2508059, 27, '2025-07-17 15:51:20'),
(2475, 2508059, 28, '2025-07-17 15:51:20'),
(2476, 2508059, 29, '2025-07-17 15:51:20'),
(2477, 2508059, 30, '2025-07-17 15:51:20'),
(2478, 2508058, 21, '2025-07-17 15:51:22');
INSERT INTO `student_subjects` (`id`, `student_id`, `subject_id`, `created_at`) VALUES
(2479, 2508058, 22, '2025-07-17 15:51:22'),
(2480, 2508058, 23, '2025-07-17 15:51:22'),
(2481, 2508058, 24, '2025-07-17 15:51:22'),
(2482, 2508058, 25, '2025-07-17 15:51:22'),
(2483, 2508058, 26, '2025-07-17 15:51:22'),
(2484, 2508058, 27, '2025-07-17 15:51:22'),
(2485, 2508058, 28, '2025-07-17 15:51:22'),
(2486, 2508058, 29, '2025-07-17 15:51:22'),
(2487, 2508058, 30, '2025-07-17 15:51:22'),
(2488, 2508057, 21, '2025-07-17 15:51:23'),
(2489, 2508057, 22, '2025-07-17 15:51:23'),
(2490, 2508057, 23, '2025-07-17 15:51:23'),
(2491, 2508057, 24, '2025-07-17 15:51:23'),
(2492, 2508057, 25, '2025-07-17 15:51:23'),
(2493, 2508057, 26, '2025-07-17 15:51:23'),
(2494, 2508057, 27, '2025-07-17 15:51:23'),
(2495, 2508057, 28, '2025-07-17 15:51:23'),
(2496, 2508057, 29, '2025-07-17 15:51:23'),
(2497, 2508057, 30, '2025-07-17 15:51:23'),
(2498, 2508056, 21, '2025-07-17 15:51:25'),
(2499, 2508056, 22, '2025-07-17 15:51:25'),
(2500, 2508056, 23, '2025-07-17 15:51:25'),
(2501, 2508056, 24, '2025-07-17 15:51:25'),
(2502, 2508056, 25, '2025-07-17 15:51:25'),
(2503, 2508056, 26, '2025-07-17 15:51:25'),
(2504, 2508056, 27, '2025-07-17 15:51:25'),
(2505, 2508056, 28, '2025-07-17 15:51:25'),
(2506, 2508056, 29, '2025-07-17 15:51:25'),
(2507, 2508056, 30, '2025-07-17 15:51:25'),
(2508, 2508055, 21, '2025-07-17 15:51:26'),
(2509, 2508055, 22, '2025-07-17 15:51:26'),
(2510, 2508055, 23, '2025-07-17 15:51:26'),
(2511, 2508055, 24, '2025-07-17 15:51:26'),
(2512, 2508055, 25, '2025-07-17 15:51:26'),
(2513, 2508055, 26, '2025-07-17 15:51:26'),
(2514, 2508055, 27, '2025-07-17 15:51:26'),
(2515, 2508055, 28, '2025-07-17 15:51:26'),
(2516, 2508055, 29, '2025-07-17 15:51:26'),
(2517, 2508055, 30, '2025-07-17 15:51:26'),
(2518, 2508054, 21, '2025-07-17 15:51:28'),
(2519, 2508054, 22, '2025-07-17 15:51:28'),
(2520, 2508054, 23, '2025-07-17 15:51:28'),
(2521, 2508054, 24, '2025-07-17 15:51:28'),
(2522, 2508054, 25, '2025-07-17 15:51:28'),
(2523, 2508054, 26, '2025-07-17 15:51:28'),
(2524, 2508054, 27, '2025-07-17 15:51:28'),
(2525, 2508054, 28, '2025-07-17 15:51:28'),
(2526, 2508054, 29, '2025-07-17 15:51:28'),
(2527, 2508054, 30, '2025-07-17 15:51:28'),
(2528, 2508053, 21, '2025-07-17 15:51:30'),
(2529, 2508053, 22, '2025-07-17 15:51:30'),
(2530, 2508053, 23, '2025-07-17 15:51:30'),
(2531, 2508053, 24, '2025-07-17 15:51:30'),
(2532, 2508053, 25, '2025-07-17 15:51:30'),
(2533, 2508053, 26, '2025-07-17 15:51:30'),
(2534, 2508053, 27, '2025-07-17 15:51:30'),
(2535, 2508053, 28, '2025-07-17 15:51:30'),
(2536, 2508053, 29, '2025-07-17 15:51:30'),
(2537, 2508053, 30, '2025-07-17 15:51:30'),
(2538, 2508052, 21, '2025-07-17 15:51:31'),
(2539, 2508052, 22, '2025-07-17 15:51:31'),
(2540, 2508052, 23, '2025-07-17 15:51:31'),
(2541, 2508052, 24, '2025-07-17 15:51:31'),
(2542, 2508052, 25, '2025-07-17 15:51:31'),
(2543, 2508052, 26, '2025-07-17 15:51:31'),
(2544, 2508052, 27, '2025-07-17 15:51:31'),
(2545, 2508052, 28, '2025-07-17 15:51:31'),
(2546, 2508052, 29, '2025-07-17 15:51:31'),
(2547, 2508052, 30, '2025-07-17 15:51:31'),
(2548, 2508051, 21, '2025-07-17 15:51:33'),
(2549, 2508051, 22, '2025-07-17 15:51:33'),
(2550, 2508051, 23, '2025-07-17 15:51:33'),
(2551, 2508051, 24, '2025-07-17 15:51:33'),
(2552, 2508051, 25, '2025-07-17 15:51:33'),
(2553, 2508051, 26, '2025-07-17 15:51:33'),
(2554, 2508051, 27, '2025-07-17 15:51:33'),
(2555, 2508051, 28, '2025-07-17 15:51:33'),
(2556, 2508051, 29, '2025-07-17 15:51:33'),
(2557, 2508051, 30, '2025-07-17 15:51:33'),
(2558, 2508050, 21, '2025-07-17 15:51:34'),
(2559, 2508050, 22, '2025-07-17 15:51:34'),
(2560, 2508050, 23, '2025-07-17 15:51:34'),
(2561, 2508050, 24, '2025-07-17 15:51:34'),
(2562, 2508050, 25, '2025-07-17 15:51:34'),
(2563, 2508050, 26, '2025-07-17 15:51:34'),
(2564, 2508050, 27, '2025-07-17 15:51:34'),
(2565, 2508050, 28, '2025-07-17 15:51:34'),
(2566, 2508050, 29, '2025-07-17 15:51:34'),
(2567, 2508050, 30, '2025-07-17 15:51:34'),
(2568, 2508049, 21, '2025-07-17 15:51:36'),
(2569, 2508049, 22, '2025-07-17 15:51:36'),
(2570, 2508049, 23, '2025-07-17 15:51:36'),
(2571, 2508049, 24, '2025-07-17 15:51:36'),
(2572, 2508049, 25, '2025-07-17 15:51:36'),
(2573, 2508049, 26, '2025-07-17 15:51:36'),
(2574, 2508049, 27, '2025-07-17 15:51:36'),
(2575, 2508049, 28, '2025-07-17 15:51:36'),
(2576, 2508049, 29, '2025-07-17 15:51:36'),
(2577, 2508049, 30, '2025-07-17 15:51:36'),
(2578, 2508048, 21, '2025-07-17 15:51:37'),
(2579, 2508048, 22, '2025-07-17 15:51:37'),
(2580, 2508048, 23, '2025-07-17 15:51:37'),
(2581, 2508048, 24, '2025-07-17 15:51:37'),
(2582, 2508048, 25, '2025-07-17 15:51:37'),
(2583, 2508048, 26, '2025-07-17 15:51:37'),
(2584, 2508048, 27, '2025-07-17 15:51:37'),
(2585, 2508048, 28, '2025-07-17 15:51:37'),
(2586, 2508048, 29, '2025-07-17 15:51:37'),
(2587, 2508048, 30, '2025-07-17 15:51:37'),
(2588, 2508047, 21, '2025-07-17 15:51:39'),
(2589, 2508047, 22, '2025-07-17 15:51:39'),
(2590, 2508047, 23, '2025-07-17 15:51:39'),
(2591, 2508047, 24, '2025-07-17 15:51:39'),
(2592, 2508047, 25, '2025-07-17 15:51:39'),
(2593, 2508047, 26, '2025-07-17 15:51:39'),
(2594, 2508047, 27, '2025-07-17 15:51:39'),
(2595, 2508047, 28, '2025-07-17 15:51:39'),
(2596, 2508047, 29, '2025-07-17 15:51:39'),
(2597, 2508047, 30, '2025-07-17 15:51:39'),
(2598, 2508046, 21, '2025-07-17 15:51:40'),
(2599, 2508046, 22, '2025-07-17 15:51:40'),
(2600, 2508046, 23, '2025-07-17 15:51:40'),
(2601, 2508046, 24, '2025-07-17 15:51:40'),
(2602, 2508046, 25, '2025-07-17 15:51:40'),
(2603, 2508046, 26, '2025-07-17 15:51:40'),
(2604, 2508046, 27, '2025-07-17 15:51:40'),
(2605, 2508046, 28, '2025-07-17 15:51:40'),
(2606, 2508046, 29, '2025-07-17 15:51:40'),
(2607, 2508046, 30, '2025-07-17 15:51:40'),
(2608, 2508045, 21, '2025-07-17 15:51:42'),
(2609, 2508045, 22, '2025-07-17 15:51:42'),
(2610, 2508045, 23, '2025-07-17 15:51:42'),
(2611, 2508045, 24, '2025-07-17 15:51:42'),
(2612, 2508045, 25, '2025-07-17 15:51:42'),
(2613, 2508045, 26, '2025-07-17 15:51:42'),
(2614, 2508045, 27, '2025-07-17 15:51:42'),
(2615, 2508045, 28, '2025-07-17 15:51:42'),
(2616, 2508045, 29, '2025-07-17 15:51:42'),
(2617, 2508045, 30, '2025-07-17 15:51:42'),
(2618, 2508044, 21, '2025-07-17 15:51:43'),
(2619, 2508044, 22, '2025-07-17 15:51:43'),
(2620, 2508044, 23, '2025-07-17 15:51:43'),
(2621, 2508044, 24, '2025-07-17 15:51:43'),
(2622, 2508044, 25, '2025-07-17 15:51:43'),
(2623, 2508044, 26, '2025-07-17 15:51:43'),
(2624, 2508044, 27, '2025-07-17 15:51:43'),
(2625, 2508044, 28, '2025-07-17 15:51:43'),
(2626, 2508044, 29, '2025-07-17 15:51:43'),
(2627, 2508044, 30, '2025-07-17 15:51:43'),
(2628, 2508043, 21, '2025-07-17 15:51:45'),
(2629, 2508043, 22, '2025-07-17 15:51:45'),
(2630, 2508043, 23, '2025-07-17 15:51:45'),
(2631, 2508043, 24, '2025-07-17 15:51:45'),
(2632, 2508043, 25, '2025-07-17 15:51:45'),
(2633, 2508043, 26, '2025-07-17 15:51:45'),
(2634, 2508043, 27, '2025-07-17 15:51:45'),
(2635, 2508043, 28, '2025-07-17 15:51:45'),
(2636, 2508043, 29, '2025-07-17 15:51:45'),
(2637, 2508043, 30, '2025-07-17 15:51:45'),
(2638, 2508042, 21, '2025-07-17 15:51:46'),
(2639, 2508042, 22, '2025-07-17 15:51:46'),
(2640, 2508042, 23, '2025-07-17 15:51:46'),
(2641, 2508042, 24, '2025-07-17 15:51:46'),
(2642, 2508042, 25, '2025-07-17 15:51:46'),
(2643, 2508042, 26, '2025-07-17 15:51:46'),
(2644, 2508042, 27, '2025-07-17 15:51:46'),
(2645, 2508042, 28, '2025-07-17 15:51:46'),
(2646, 2508042, 29, '2025-07-17 15:51:46'),
(2647, 2508042, 30, '2025-07-17 15:51:46'),
(2648, 2508040, 21, '2025-07-17 15:51:48'),
(2649, 2508040, 22, '2025-07-17 15:51:48'),
(2650, 2508040, 23, '2025-07-17 15:51:48'),
(2651, 2508040, 24, '2025-07-17 15:51:48'),
(2652, 2508040, 25, '2025-07-17 15:51:48'),
(2653, 2508040, 26, '2025-07-17 15:51:48'),
(2654, 2508040, 27, '2025-07-17 15:51:48'),
(2655, 2508040, 28, '2025-07-17 15:51:48'),
(2656, 2508040, 29, '2025-07-17 15:51:48'),
(2657, 2508040, 30, '2025-07-17 15:51:48'),
(2658, 2508041, 21, '2025-07-17 15:51:49'),
(2659, 2508041, 22, '2025-07-17 15:51:49'),
(2660, 2508041, 23, '2025-07-17 15:51:49'),
(2661, 2508041, 24, '2025-07-17 15:51:49'),
(2662, 2508041, 25, '2025-07-17 15:51:49'),
(2663, 2508041, 26, '2025-07-17 15:51:49'),
(2664, 2508041, 27, '2025-07-17 15:51:49'),
(2665, 2508041, 28, '2025-07-17 15:51:49'),
(2666, 2508041, 29, '2025-07-17 15:51:49'),
(2667, 2508041, 30, '2025-07-17 15:51:49'),
(2668, 2508039, 21, '2025-07-17 15:51:51'),
(2669, 2508039, 22, '2025-07-17 15:51:51'),
(2670, 2508039, 23, '2025-07-17 15:51:51'),
(2671, 2508039, 24, '2025-07-17 15:51:51'),
(2672, 2508039, 25, '2025-07-17 15:51:51'),
(2673, 2508039, 26, '2025-07-17 15:51:51'),
(2674, 2508039, 27, '2025-07-17 15:51:51'),
(2675, 2508039, 28, '2025-07-17 15:51:51'),
(2676, 2508039, 29, '2025-07-17 15:51:51'),
(2677, 2508039, 30, '2025-07-17 15:51:51'),
(2678, 2508038, 21, '2025-07-17 15:51:52'),
(2679, 2508038, 22, '2025-07-17 15:51:52'),
(2680, 2508038, 23, '2025-07-17 15:51:52'),
(2681, 2508038, 24, '2025-07-17 15:51:52'),
(2682, 2508038, 25, '2025-07-17 15:51:52'),
(2683, 2508038, 26, '2025-07-17 15:51:52'),
(2684, 2508038, 27, '2025-07-17 15:51:52'),
(2685, 2508038, 28, '2025-07-17 15:51:52'),
(2686, 2508038, 29, '2025-07-17 15:51:52'),
(2687, 2508038, 30, '2025-07-17 15:51:52'),
(2688, 2508037, 21, '2025-07-17 15:51:53'),
(2689, 2508037, 22, '2025-07-17 15:51:53'),
(2690, 2508037, 23, '2025-07-17 15:51:53'),
(2691, 2508037, 24, '2025-07-17 15:51:53'),
(2692, 2508037, 25, '2025-07-17 15:51:53'),
(2693, 2508037, 26, '2025-07-17 15:51:53'),
(2694, 2508037, 27, '2025-07-17 15:51:53'),
(2695, 2508037, 28, '2025-07-17 15:51:53'),
(2696, 2508037, 29, '2025-07-17 15:51:53'),
(2697, 2508037, 30, '2025-07-17 15:51:53'),
(2698, 2508036, 21, '2025-07-17 15:51:55'),
(2699, 2508036, 22, '2025-07-17 15:51:55'),
(2700, 2508036, 23, '2025-07-17 15:51:55'),
(2701, 2508036, 24, '2025-07-17 15:51:55'),
(2702, 2508036, 25, '2025-07-17 15:51:55'),
(2703, 2508036, 26, '2025-07-17 15:51:55'),
(2704, 2508036, 27, '2025-07-17 15:51:55'),
(2705, 2508036, 28, '2025-07-17 15:51:55'),
(2706, 2508036, 29, '2025-07-17 15:51:55'),
(2707, 2508036, 30, '2025-07-17 15:51:55'),
(2708, 2508035, 21, '2025-07-17 15:51:56'),
(2709, 2508035, 22, '2025-07-17 15:51:56'),
(2710, 2508035, 23, '2025-07-17 15:51:56'),
(2711, 2508035, 24, '2025-07-17 15:51:56'),
(2712, 2508035, 25, '2025-07-17 15:51:56'),
(2713, 2508035, 26, '2025-07-17 15:51:56'),
(2714, 2508035, 27, '2025-07-17 15:51:56'),
(2715, 2508035, 28, '2025-07-17 15:51:56'),
(2716, 2508035, 29, '2025-07-17 15:51:56'),
(2717, 2508035, 30, '2025-07-17 15:51:56'),
(2718, 2508034, 21, '2025-07-17 15:51:58'),
(2719, 2508034, 22, '2025-07-17 15:51:58'),
(2720, 2508034, 23, '2025-07-17 15:51:58'),
(2721, 2508034, 24, '2025-07-17 15:51:58'),
(2722, 2508034, 25, '2025-07-17 15:51:58'),
(2723, 2508034, 26, '2025-07-17 15:51:58'),
(2724, 2508034, 27, '2025-07-17 15:51:58'),
(2725, 2508034, 28, '2025-07-17 15:51:58'),
(2726, 2508034, 29, '2025-07-17 15:51:58'),
(2727, 2508034, 30, '2025-07-17 15:51:58'),
(2728, 2508033, 21, '2025-07-17 15:51:59'),
(2729, 2508033, 22, '2025-07-17 15:51:59'),
(2730, 2508033, 23, '2025-07-17 15:51:59'),
(2731, 2508033, 24, '2025-07-17 15:51:59'),
(2732, 2508033, 25, '2025-07-17 15:51:59'),
(2733, 2508033, 26, '2025-07-17 15:51:59'),
(2734, 2508033, 27, '2025-07-17 15:51:59'),
(2735, 2508033, 28, '2025-07-17 15:51:59'),
(2736, 2508033, 29, '2025-07-17 15:51:59'),
(2737, 2508033, 30, '2025-07-17 15:51:59'),
(2738, 2508032, 21, '2025-07-17 15:52:00'),
(2739, 2508032, 22, '2025-07-17 15:52:00'),
(2740, 2508032, 23, '2025-07-17 15:52:00'),
(2741, 2508032, 24, '2025-07-17 15:52:00'),
(2742, 2508032, 25, '2025-07-17 15:52:00'),
(2743, 2508032, 26, '2025-07-17 15:52:00'),
(2744, 2508032, 27, '2025-07-17 15:52:00'),
(2745, 2508032, 28, '2025-07-17 15:52:00'),
(2746, 2508032, 29, '2025-07-17 15:52:00'),
(2747, 2508032, 30, '2025-07-17 15:52:00'),
(2748, 2508031, 21, '2025-07-17 15:52:02'),
(2749, 2508031, 22, '2025-07-17 15:52:02'),
(2750, 2508031, 23, '2025-07-17 15:52:02'),
(2751, 2508031, 24, '2025-07-17 15:52:02'),
(2752, 2508031, 25, '2025-07-17 15:52:02'),
(2753, 2508031, 26, '2025-07-17 15:52:02'),
(2754, 2508031, 27, '2025-07-17 15:52:02'),
(2755, 2508031, 28, '2025-07-17 15:52:02'),
(2756, 2508031, 29, '2025-07-17 15:52:02'),
(2757, 2508031, 30, '2025-07-17 15:52:02'),
(2758, 2508030, 21, '2025-07-17 15:52:03'),
(2759, 2508030, 22, '2025-07-17 15:52:03'),
(2760, 2508030, 23, '2025-07-17 15:52:03'),
(2761, 2508030, 24, '2025-07-17 15:52:03'),
(2762, 2508030, 25, '2025-07-17 15:52:03'),
(2763, 2508030, 26, '2025-07-17 15:52:03'),
(2764, 2508030, 27, '2025-07-17 15:52:03'),
(2765, 2508030, 28, '2025-07-17 15:52:03'),
(2766, 2508030, 29, '2025-07-17 15:52:03'),
(2767, 2508030, 30, '2025-07-17 15:52:03'),
(2768, 2508029, 21, '2025-07-17 15:52:05'),
(2769, 2508029, 22, '2025-07-17 15:52:05'),
(2770, 2508029, 23, '2025-07-17 15:52:05'),
(2771, 2508029, 24, '2025-07-17 15:52:05'),
(2772, 2508029, 25, '2025-07-17 15:52:05'),
(2773, 2508029, 26, '2025-07-17 15:52:05'),
(2774, 2508029, 27, '2025-07-17 15:52:05'),
(2775, 2508029, 28, '2025-07-17 15:52:05'),
(2776, 2508029, 29, '2025-07-17 15:52:05'),
(2777, 2508029, 30, '2025-07-17 15:52:05'),
(2778, 2508028, 21, '2025-07-17 15:52:06'),
(2779, 2508028, 22, '2025-07-17 15:52:06'),
(2780, 2508028, 23, '2025-07-17 15:52:06'),
(2781, 2508028, 24, '2025-07-17 15:52:06'),
(2782, 2508028, 25, '2025-07-17 15:52:06'),
(2783, 2508028, 26, '2025-07-17 15:52:06'),
(2784, 2508028, 27, '2025-07-17 15:52:06'),
(2785, 2508028, 28, '2025-07-17 15:52:06'),
(2786, 2508028, 29, '2025-07-17 15:52:06'),
(2787, 2508028, 30, '2025-07-17 15:52:06'),
(2788, 2508027, 21, '2025-07-17 15:52:08'),
(2789, 2508027, 22, '2025-07-17 15:52:08'),
(2790, 2508027, 23, '2025-07-17 15:52:08'),
(2791, 2508027, 24, '2025-07-17 15:52:08'),
(2792, 2508027, 25, '2025-07-17 15:52:08'),
(2793, 2508027, 26, '2025-07-17 15:52:08'),
(2794, 2508027, 27, '2025-07-17 15:52:08'),
(2795, 2508027, 28, '2025-07-17 15:52:08'),
(2796, 2508027, 29, '2025-07-17 15:52:08'),
(2797, 2508027, 30, '2025-07-17 15:52:08'),
(2798, 2508026, 21, '2025-07-17 15:52:09'),
(2799, 2508026, 22, '2025-07-17 15:52:09'),
(2800, 2508026, 23, '2025-07-17 15:52:09'),
(2801, 2508026, 24, '2025-07-17 15:52:09'),
(2802, 2508026, 25, '2025-07-17 15:52:09'),
(2803, 2508026, 26, '2025-07-17 15:52:09'),
(2804, 2508026, 27, '2025-07-17 15:52:09'),
(2805, 2508026, 28, '2025-07-17 15:52:09'),
(2806, 2508026, 29, '2025-07-17 15:52:09'),
(2807, 2508026, 30, '2025-07-17 15:52:09'),
(2808, 2508025, 21, '2025-07-17 15:52:11'),
(2809, 2508025, 22, '2025-07-17 15:52:11'),
(2810, 2508025, 23, '2025-07-17 15:52:11'),
(2811, 2508025, 24, '2025-07-17 15:52:11'),
(2812, 2508025, 25, '2025-07-17 15:52:11'),
(2813, 2508025, 26, '2025-07-17 15:52:11'),
(2814, 2508025, 27, '2025-07-17 15:52:11'),
(2815, 2508025, 28, '2025-07-17 15:52:11'),
(2816, 2508025, 29, '2025-07-17 15:52:11'),
(2817, 2508025, 30, '2025-07-17 15:52:11'),
(2818, 2508024, 21, '2025-07-17 15:52:12'),
(2819, 2508024, 22, '2025-07-17 15:52:12'),
(2820, 2508024, 23, '2025-07-17 15:52:12'),
(2821, 2508024, 24, '2025-07-17 15:52:12'),
(2822, 2508024, 25, '2025-07-17 15:52:12'),
(2823, 2508024, 26, '2025-07-17 15:52:12'),
(2824, 2508024, 27, '2025-07-17 15:52:12'),
(2825, 2508024, 28, '2025-07-17 15:52:12'),
(2826, 2508024, 29, '2025-07-17 15:52:12'),
(2827, 2508024, 30, '2025-07-17 15:52:12'),
(2828, 2508023, 21, '2025-07-17 15:52:14'),
(2829, 2508023, 22, '2025-07-17 15:52:14'),
(2830, 2508023, 23, '2025-07-17 15:52:14'),
(2831, 2508023, 24, '2025-07-17 15:52:14'),
(2832, 2508023, 25, '2025-07-17 15:52:14'),
(2833, 2508023, 26, '2025-07-17 15:52:14'),
(2834, 2508023, 27, '2025-07-17 15:52:14'),
(2835, 2508023, 28, '2025-07-17 15:52:14'),
(2836, 2508023, 29, '2025-07-17 15:52:14'),
(2837, 2508023, 30, '2025-07-17 15:52:14'),
(2838, 2508022, 21, '2025-07-17 15:52:15'),
(2839, 2508022, 22, '2025-07-17 15:52:15'),
(2840, 2508022, 23, '2025-07-17 15:52:15'),
(2841, 2508022, 24, '2025-07-17 15:52:15'),
(2842, 2508022, 25, '2025-07-17 15:52:15'),
(2843, 2508022, 26, '2025-07-17 15:52:15'),
(2844, 2508022, 27, '2025-07-17 15:52:15'),
(2845, 2508022, 28, '2025-07-17 15:52:15'),
(2846, 2508022, 29, '2025-07-17 15:52:15'),
(2847, 2508022, 30, '2025-07-17 15:52:15'),
(2848, 2508021, 21, '2025-07-17 15:52:16'),
(2849, 2508021, 22, '2025-07-17 15:52:16'),
(2850, 2508021, 23, '2025-07-17 15:52:16'),
(2851, 2508021, 24, '2025-07-17 15:52:16'),
(2852, 2508021, 25, '2025-07-17 15:52:16'),
(2853, 2508021, 26, '2025-07-17 15:52:16'),
(2854, 2508021, 27, '2025-07-17 15:52:16'),
(2855, 2508021, 28, '2025-07-17 15:52:16'),
(2856, 2508021, 29, '2025-07-17 15:52:16'),
(2857, 2508021, 30, '2025-07-17 15:52:16'),
(2858, 2508020, 21, '2025-07-17 15:52:18'),
(2859, 2508020, 22, '2025-07-17 15:52:18'),
(2860, 2508020, 23, '2025-07-17 15:52:18'),
(2861, 2508020, 24, '2025-07-17 15:52:18'),
(2862, 2508020, 25, '2025-07-17 15:52:18'),
(2863, 2508020, 26, '2025-07-17 15:52:18'),
(2864, 2508020, 27, '2025-07-17 15:52:18'),
(2865, 2508020, 28, '2025-07-17 15:52:18'),
(2866, 2508020, 29, '2025-07-17 15:52:18'),
(2867, 2508020, 30, '2025-07-17 15:52:18'),
(2868, 2508019, 21, '2025-07-17 15:52:19'),
(2869, 2508019, 22, '2025-07-17 15:52:19'),
(2870, 2508019, 23, '2025-07-17 15:52:19'),
(2871, 2508019, 24, '2025-07-17 15:52:19'),
(2872, 2508019, 25, '2025-07-17 15:52:19'),
(2873, 2508019, 26, '2025-07-17 15:52:19'),
(2874, 2508019, 27, '2025-07-17 15:52:19'),
(2875, 2508019, 28, '2025-07-17 15:52:19'),
(2876, 2508019, 29, '2025-07-17 15:52:19'),
(2877, 2508019, 30, '2025-07-17 15:52:19'),
(2878, 2508018, 21, '2025-07-17 15:52:21'),
(2879, 2508018, 22, '2025-07-17 15:52:21'),
(2880, 2508018, 23, '2025-07-17 15:52:21'),
(2881, 2508018, 24, '2025-07-17 15:52:21'),
(2882, 2508018, 25, '2025-07-17 15:52:21'),
(2883, 2508018, 26, '2025-07-17 15:52:21'),
(2884, 2508018, 27, '2025-07-17 15:52:21'),
(2885, 2508018, 28, '2025-07-17 15:52:21'),
(2886, 2508018, 29, '2025-07-17 15:52:21'),
(2887, 2508018, 30, '2025-07-17 15:52:21'),
(2888, 2508017, 21, '2025-07-17 15:52:22'),
(2889, 2508017, 22, '2025-07-17 15:52:22'),
(2890, 2508017, 23, '2025-07-17 15:52:22'),
(2891, 2508017, 24, '2025-07-17 15:52:22'),
(2892, 2508017, 25, '2025-07-17 15:52:22'),
(2893, 2508017, 26, '2025-07-17 15:52:22'),
(2894, 2508017, 27, '2025-07-17 15:52:22'),
(2895, 2508017, 28, '2025-07-17 15:52:22'),
(2896, 2508017, 29, '2025-07-17 15:52:22'),
(2897, 2508017, 30, '2025-07-17 15:52:22'),
(2898, 2508016, 21, '2025-07-17 15:52:23'),
(2899, 2508016, 22, '2025-07-17 15:52:23'),
(2900, 2508016, 23, '2025-07-17 15:52:23'),
(2901, 2508016, 24, '2025-07-17 15:52:23'),
(2902, 2508016, 25, '2025-07-17 15:52:23'),
(2903, 2508016, 26, '2025-07-17 15:52:23'),
(2904, 2508016, 27, '2025-07-17 15:52:23'),
(2905, 2508016, 28, '2025-07-17 15:52:23'),
(2906, 2508016, 29, '2025-07-17 15:52:23'),
(2907, 2508016, 30, '2025-07-17 15:52:23'),
(2908, 2508015, 21, '2025-07-17 15:52:25'),
(2909, 2508015, 22, '2025-07-17 15:52:25'),
(2910, 2508015, 23, '2025-07-17 15:52:25'),
(2911, 2508015, 24, '2025-07-17 15:52:25'),
(2912, 2508015, 25, '2025-07-17 15:52:25'),
(2913, 2508015, 26, '2025-07-17 15:52:25'),
(2914, 2508015, 27, '2025-07-17 15:52:25'),
(2915, 2508015, 28, '2025-07-17 15:52:25'),
(2916, 2508015, 29, '2025-07-17 15:52:25'),
(2917, 2508015, 30, '2025-07-17 15:52:25'),
(2918, 2508014, 21, '2025-07-17 15:52:26'),
(2919, 2508014, 22, '2025-07-17 15:52:26'),
(2920, 2508014, 23, '2025-07-17 15:52:26'),
(2921, 2508014, 24, '2025-07-17 15:52:26'),
(2922, 2508014, 25, '2025-07-17 15:52:26'),
(2923, 2508014, 26, '2025-07-17 15:52:26'),
(2924, 2508014, 27, '2025-07-17 15:52:26'),
(2925, 2508014, 28, '2025-07-17 15:52:26'),
(2926, 2508014, 29, '2025-07-17 15:52:26'),
(2927, 2508014, 30, '2025-07-17 15:52:26'),
(2928, 2508013, 21, '2025-07-17 15:52:28'),
(2929, 2508013, 22, '2025-07-17 15:52:28'),
(2930, 2508013, 23, '2025-07-17 15:52:28'),
(2931, 2508013, 24, '2025-07-17 15:52:28'),
(2932, 2508013, 25, '2025-07-17 15:52:28'),
(2933, 2508013, 26, '2025-07-17 15:52:28'),
(2934, 2508013, 27, '2025-07-17 15:52:28'),
(2935, 2508013, 28, '2025-07-17 15:52:28'),
(2936, 2508013, 29, '2025-07-17 15:52:28'),
(2937, 2508013, 30, '2025-07-17 15:52:28'),
(2948, 2508012, 21, '2025-07-17 15:52:31'),
(2949, 2508012, 22, '2025-07-17 15:52:31'),
(2950, 2508012, 23, '2025-07-17 15:52:31'),
(2951, 2508012, 24, '2025-07-17 15:52:31'),
(2952, 2508012, 25, '2025-07-17 15:52:31'),
(2953, 2508012, 26, '2025-07-17 15:52:31'),
(2954, 2508012, 27, '2025-07-17 15:52:31'),
(2955, 2508012, 28, '2025-07-17 15:52:31'),
(2956, 2508012, 29, '2025-07-17 15:52:31'),
(2957, 2508012, 30, '2025-07-17 15:52:31'),
(2958, 2508011, 21, '2025-07-17 15:52:32'),
(2959, 2508011, 22, '2025-07-17 15:52:32'),
(2960, 2508011, 23, '2025-07-17 15:52:32'),
(2961, 2508011, 24, '2025-07-17 15:52:32'),
(2962, 2508011, 25, '2025-07-17 15:52:32'),
(2963, 2508011, 26, '2025-07-17 15:52:32'),
(2964, 2508011, 27, '2025-07-17 15:52:32'),
(2965, 2508011, 28, '2025-07-17 15:52:32'),
(2966, 2508011, 29, '2025-07-17 15:52:32'),
(2967, 2508011, 30, '2025-07-17 15:52:32'),
(2968, 2508010, 21, '2025-07-17 15:52:33'),
(2969, 2508010, 22, '2025-07-17 15:52:33'),
(2970, 2508010, 23, '2025-07-17 15:52:33'),
(2971, 2508010, 24, '2025-07-17 15:52:33'),
(2972, 2508010, 25, '2025-07-17 15:52:33'),
(2973, 2508010, 26, '2025-07-17 15:52:33'),
(2974, 2508010, 27, '2025-07-17 15:52:33'),
(2975, 2508010, 28, '2025-07-17 15:52:33'),
(2976, 2508010, 29, '2025-07-17 15:52:33'),
(2977, 2508010, 30, '2025-07-17 15:52:33'),
(2978, 2508009, 21, '2025-07-17 15:52:35'),
(2979, 2508009, 22, '2025-07-17 15:52:35'),
(2980, 2508009, 23, '2025-07-17 15:52:35'),
(2981, 2508009, 24, '2025-07-17 15:52:35'),
(2982, 2508009, 25, '2025-07-17 15:52:35'),
(2983, 2508009, 26, '2025-07-17 15:52:35'),
(2984, 2508009, 27, '2025-07-17 15:52:35'),
(2985, 2508009, 28, '2025-07-17 15:52:35'),
(2986, 2508009, 29, '2025-07-17 15:52:35'),
(2987, 2508009, 30, '2025-07-17 15:52:35'),
(2988, 2508008, 21, '2025-07-17 15:52:36'),
(2989, 2508008, 22, '2025-07-17 15:52:36'),
(2990, 2508008, 23, '2025-07-17 15:52:36'),
(2991, 2508008, 24, '2025-07-17 15:52:36'),
(2992, 2508008, 25, '2025-07-17 15:52:36'),
(2993, 2508008, 26, '2025-07-17 15:52:36'),
(2994, 2508008, 27, '2025-07-17 15:52:36'),
(2995, 2508008, 28, '2025-07-17 15:52:36'),
(2996, 2508008, 29, '2025-07-17 15:52:36'),
(2997, 2508008, 30, '2025-07-17 15:52:36'),
(2998, 2508007, 21, '2025-07-17 15:52:38'),
(2999, 2508007, 22, '2025-07-17 15:52:38'),
(3000, 2508007, 23, '2025-07-17 15:52:38'),
(3001, 2508007, 24, '2025-07-17 15:52:38'),
(3002, 2508007, 25, '2025-07-17 15:52:38'),
(3003, 2508007, 26, '2025-07-17 15:52:38'),
(3004, 2508007, 27, '2025-07-17 15:52:38'),
(3005, 2508007, 28, '2025-07-17 15:52:38'),
(3006, 2508007, 29, '2025-07-17 15:52:38'),
(3007, 2508007, 30, '2025-07-17 15:52:38'),
(3008, 2508006, 21, '2025-07-17 15:52:39'),
(3009, 2508006, 22, '2025-07-17 15:52:39'),
(3010, 2508006, 23, '2025-07-17 15:52:39'),
(3011, 2508006, 24, '2025-07-17 15:52:39'),
(3012, 2508006, 25, '2025-07-17 15:52:39'),
(3013, 2508006, 26, '2025-07-17 15:52:39'),
(3014, 2508006, 27, '2025-07-17 15:52:39'),
(3015, 2508006, 28, '2025-07-17 15:52:39'),
(3016, 2508006, 29, '2025-07-17 15:52:39'),
(3017, 2508006, 30, '2025-07-17 15:52:39'),
(3018, 2508005, 21, '2025-07-17 15:52:41'),
(3019, 2508005, 22, '2025-07-17 15:52:41'),
(3020, 2508005, 23, '2025-07-17 15:52:41'),
(3021, 2508005, 24, '2025-07-17 15:52:41'),
(3022, 2508005, 25, '2025-07-17 15:52:41'),
(3023, 2508005, 26, '2025-07-17 15:52:41'),
(3024, 2508005, 27, '2025-07-17 15:52:41'),
(3025, 2508005, 28, '2025-07-17 15:52:41'),
(3026, 2508005, 29, '2025-07-17 15:52:41'),
(3027, 2508005, 30, '2025-07-17 15:52:41');

-- --------------------------------------------------------

--
-- Table structure for table `subjects`
--

CREATE TABLE `subjects` (
  `id` int(11) NOT NULL,
  `class_id` int(20) DEFAULT NULL,
  `subject_name` varchar(100) NOT NULL,
  `subject_code` int(50) DEFAULT NULL,
  `subject_type` enum('Compulsory','Optional') DEFAULT NULL,
  `group` varchar(50) DEFAULT NULL,
  `status` enum('Active','Inactive') DEFAULT 'Active',
  `default_marks` int(11) DEFAULT 100,
  `has_creative` tinyint(1) DEFAULT 1,
  `has_objective` tinyint(1) DEFAULT 1,
  `has_practical` tinyint(1) DEFAULT 0
) ENGINE=InnoDB DEFAULT CHARSET=utf8mb4 COLLATE=utf8mb4_general_ci;

--
-- Dumping data for table `subjects`
--

INSERT INTO `subjects` (`id`, `class_id`, `subject_name`, `subject_code`, `subject_type`, `group`, `status`, `default_marks`, `has_creative`, `has_objective`, `has_practical`) VALUES
(1, 1, 'Bangla I', 101, 'Compulsory', 'none', 'Active', 100, 1, 1, 0),
(2, 1, 'Bangla II', 102, 'Compulsory', 'none', 'Active', 50, 1, 1, 0),
(3, 1, 'English I', 107, 'Compulsory', 'none', 'Active', 100, 1, 0, 0),
(4, 1, 'English II', 108, 'Compulsory', 'none', 'Active', 50, 1, 0, 0),
(5, 1, 'Mathematics', 109, 'Compulsory', 'none', 'Active', 100, 1, 1, 0),
(6, 1, 'Religion', 111, 'Compulsory', 'none', 'Active', 100, 1, 1, 0),
(7, 1, 'Bangladesh And Global Studies', 150, 'Compulsory', 'none', 'Active', 100, 1, 1, 0),
(8, 1, 'Science', 127, 'Compulsory', 'none', 'Active', 100, 1, 1, 0),
(9, 1, 'Information And Communication Technology', 154, 'Compulsory', 'none', 'Active', 50, 1, 0, 1),
(10, 1, 'Physical Education and Health', 147, 'Compulsory', 'none', 'Active', 50, 0, 0, 1),
(11, 2, 'Bangla I', 101, 'Compulsory', 'none', 'Active', 100, 1, 1, 0),
(12, 2, 'Bangla II', 102, 'Compulsory', 'none', 'Active', 50, 1, 1, 0),
(13, 2, 'English I', 107, 'Compulsory', 'none', 'Active', 100, 1, 0, 0),
(14, 2, 'English II', 108, 'Compulsory', 'none', 'Active', 50, 1, 0, 0),
(15, 2, 'Mathematics', 109, 'Compulsory', 'none', 'Active', 100, 1, 1, 0),
(16, 2, 'Religion', 111, 'Compulsory', 'none', 'Active', 100, 1, 1, 0),
(17, 2, 'Bangladesh And Global Studies', 150, 'Compulsory', 'none', 'Active', 100, 1, 1, 0),
(18, 2, 'Science', 127, 'Compulsory', 'none', 'Active', 100, 1, 1, 0),
(19, 2, 'Information And Communication Technology', 154, 'Compulsory', 'none', 'Active', 50, 1, 0, 1),
(20, 2, 'Physical Education and Health', 147, 'Optional', 'none', 'Active', 50, 0, 0, 1),
(21, 3, 'Bangla I', 101, 'Compulsory', 'none', 'Active', 100, 1, 1, 0),
(22, 3, 'Bangla II', 102, 'Compulsory', 'none', 'Active', 50, 1, 1, 0),
(23, 3, 'English I', 107, 'Compulsory', 'none', 'Active', 100, 1, 0, 0),
(24, 3, 'English II', 108, 'Compulsory', 'none', 'Active', 50, 1, 0, 0),
(25, 3, 'Mathematics', 109, 'Compulsory', 'none', 'Active', 100, 1, 1, 0),
(26, 3, 'Religion', 111, 'Compulsory', 'none', 'Active', 100, 1, 1, 0),
(27, 3, 'Bangladesh And Global Studies', 150, 'Compulsory', 'none', 'Active', 100, 1, 1, 0),
(28, 3, 'Science', 127, 'Compulsory', 'none', 'Active', 100, 1, 1, 0),
(29, 3, 'Information And Communication Technology', 154, 'Compulsory', 'none', 'Active', 50, 1, 0, 1),
(30, 3, 'Physical Education and Health', 147, 'Optional', 'none', 'Active', 50, 0, 0, 1),
(47, 4, 'Bangla I', 101, NULL, NULL, 'Active', 100, 1, 1, 0),
(48, 4, 'Bangla II', 102, NULL, NULL, 'Active', 100, 1, 1, 0),
(49, 4, 'English I', 107, NULL, NULL, 'Active', 100, 1, 0, 0),
(50, 4, 'English II', 108, NULL, NULL, 'Active', 100, 1, 0, 0),
(51, 4, 'Mathematics', 109, NULL, NULL, 'Active', 100, 1, 1, 0),
(52, 4, 'Religion', 111, NULL, NULL, 'Active', 100, 1, 1, 0),
(53, 4, 'General Science', 127, NULL, NULL, 'Active', 100, 1, 1, 0),
(54, 4, 'Bangladesh And Global Studies', 150, NULL, NULL, 'Active', 100, 1, 1, 0),
(55, 4, 'Information And Communication Technology', 154, NULL, NULL, 'Active', 50, 0, 1, 1),
(56, 4, 'History Of Bangladesh And World Civilization', 153, NULL, NULL, 'Active', 100, 1, 1, 0),
(57, 4, 'Geography And Environment', 110, NULL, NULL, 'Active', 100, 1, 1, 0),
(58, 4, 'Civics And Citizenship', 140, NULL, NULL, 'Active', 100, 1, 1, 0),
(59, 4, 'Physics', 136, NULL, NULL, 'Active', 100, 1, 1, 1),
(60, 4, 'Chemistry', 137, NULL, NULL, 'Active', 100, 1, 1, 1),
(61, 4, 'Biology', 138, NULL, NULL, 'Active', 100, 1, 1, 1),
(62, 4, 'Higher Mathematics', 126, NULL, NULL, 'Active', 100, 1, 1, 1),
(63, 4, 'Business Entrepreneurship', 143, NULL, NULL, 'Active', 100, 1, 1, 0),
(64, 4, 'Accounting', 146, NULL, NULL, 'Active', 100, 1, 1, 0),
(65, 4, 'Finance And Banking', 152, NULL, NULL, 'Active', 100, 1, 1, 0),
(66, 4, 'Agriculture Studies', 134, NULL, NULL, 'Active', 100, 1, 1, 1);

-- --------------------------------------------------------

--
-- Table structure for table `subject_group_map`
--

CREATE TABLE `subject_group_map` (
  `id` int(11) NOT NULL,
  `class_id` int(10) DEFAULT NULL,
  `subject_id` int(11) NOT NULL,
  `group_name` varchar(50) NOT NULL,
  `type` enum('Compulsory','Optional') NOT NULL DEFAULT 'Compulsory'
) ENGINE=InnoDB DEFAULT CHARSET=utf8mb4 COLLATE=utf8mb4_unicode_ci;

--
-- Dumping data for table `subject_group_map`
--

INSERT INTO `subject_group_map` (`id`, `class_id`, `subject_id`, `group_name`, `type`) VALUES
(1, 1, 1, 'none', 'Compulsory'),
(2, 1, 2, 'none', 'Compulsory'),
(3, 1, 3, 'none', 'Compulsory'),
(4, 1, 4, 'none', 'Compulsory'),
(5, 1, 5, 'none', 'Compulsory'),
(6, 1, 6, 'none', 'Compulsory'),
(7, 1, 7, 'none', 'Compulsory'),
(8, 1, 8, 'none', 'Compulsory'),
(9, 1, 9, 'none', 'Compulsory'),
(10, 1, 10, 'none', 'Compulsory'),
(11, 2, 11, 'none', 'Compulsory'),
(12, 2, 12, 'none', 'Compulsory'),
(13, 2, 13, 'none', 'Compulsory'),
(14, 2, 14, 'none', 'Compulsory'),
(15, 2, 15, 'none', 'Compulsory'),
(16, 2, 16, 'none', 'Compulsory'),
(17, 2, 17, 'none', 'Compulsory'),
(18, 2, 18, 'none', 'Compulsory'),
(19, 2, 19, 'none', 'Compulsory'),
(20, 2, 20, 'none', 'Compulsory'),
(21, 3, 21, 'none', 'Compulsory'),
(22, 3, 22, 'none', 'Compulsory'),
(23, 3, 23, 'none', 'Compulsory'),
(24, 3, 24, 'none', 'Compulsory'),
(25, 3, 25, 'none', 'Compulsory'),
(26, 3, 26, 'none', 'Compulsory'),
(27, 3, 27, 'none', 'Compulsory'),
(28, 3, 28, 'none', 'Compulsory'),
(29, 3, 29, 'none', 'Compulsory'),
(30, 3, 30, 'none', 'Compulsory'),
(85, 4, 53, 'Humanities', 'Compulsory'),
(86, 4, 53, 'Business Studies', 'Compulsory'),
(87, 5, 53, 'Humanities', 'Compulsory'),
(88, 5, 53, 'Business Studies', 'Compulsory'),
(89, 4, 54, 'Science', 'Compulsory'),
(90, 5, 54, 'Science', 'Compulsory'),
(97, 4, 56, 'Humanities', 'Compulsory'),
(98, 5, 56, 'Humanities', 'Compulsory'),
(101, 4, 58, 'Humanities', 'Compulsory'),
(102, 5, 58, 'Humanities', 'Compulsory'),
(103, 4, 59, 'Science', 'Compulsory'),
(104, 5, 59, 'Science', 'Compulsory'),
(105, 4, 60, 'Science', 'Compulsory'),
(106, 5, 60, 'Science', 'Compulsory'),
(107, 4, 61, 'Science', 'Compulsory'),
(108, 4, 61, 'Science', 'Optional'),
(109, 5, 61, 'Science', 'Compulsory'),
(110, 5, 61, 'Science', 'Optional'),
(111, 4, 62, 'Science', 'Compulsory'),
(112, 4, 62, 'Science', 'Optional'),
(113, 5, 62, 'Science', 'Compulsory'),
(114, 5, 62, 'Science', 'Optional'),
(115, 4, 63, 'Business Studies', 'Compulsory'),
(116, 5, 63, 'Business Studies', 'Compulsory'),
(117, 4, 64, 'Business Studies', 'Compulsory'),
(118, 5, 64, 'Business Studies', 'Compulsory'),
(119, 4, 65, 'Business Studies', 'Compulsory'),
(120, 5, 65, 'Business Studies', 'Compulsory'),
(121, 4, 66, 'Humanities', 'Optional'),
(122, 4, 66, 'Business Studies', 'Optional'),
(123, 5, 66, 'Humanities', 'Optional'),
(124, 5, 66, 'Business Studies', 'Optional'),
(125, 4, 57, 'Humanities', 'Compulsory'),
(126, 5, 57, 'Humanities', 'Compulsory'),
(127, 4, 47, 'none', 'Compulsory'),
(128, 5, 47, 'none', 'Compulsory'),
(131, 4, 50, 'none', 'Compulsory'),
(132, 5, 50, 'none', 'Compulsory'),
(134, 4, 48, 'none', 'Compulsory'),
(135, 5, 48, 'none', 'Compulsory'),
(136, 4, 49, 'none', 'Compulsory'),
(137, 5, 49, 'none', 'Compulsory'),
(138, 4, 52, 'none', 'Compulsory'),
(139, 5, 52, 'none', 'Compulsory'),
(140, 4, 51, 'none', 'Compulsory'),
(141, 5, 51, 'none', 'Compulsory'),
(142, 4, 55, 'none', 'Compulsory'),
(143, 5, 55, 'none', 'Compulsory');

-- --------------------------------------------------------

--
-- Table structure for table `teachers`
--

CREATE TABLE `teachers` (
  `id` int(11) NOT NULL,
  `name` varchar(100) NOT NULL,
  `subject` varchar(100) DEFAULT NULL,
  `contact` varchar(20) DEFAULT NULL,
  `email` varchar(100) DEFAULT NULL,
  `address` text DEFAULT NULL,
  `photo` varchar(255) DEFAULT NULL,
  `created_at` timestamp NOT NULL DEFAULT current_timestamp()
) ENGINE=InnoDB DEFAULT CHARSET=utf8mb4 COLLATE=utf8mb4_general_ci;

-- --------------------------------------------------------

--
-- Table structure for table `users`
--

CREATE TABLE `users` (
  `id` int(11) NOT NULL,
  `username` varchar(50) NOT NULL,
  `password` varchar(255) NOT NULL,
  `name` varchar(100) NOT NULL,
  `role` enum('super_admin','teacher') NOT NULL,
  `created_at` timestamp NOT NULL DEFAULT current_timestamp()
) ENGINE=InnoDB DEFAULT CHARSET=utf8mb4 COLLATE=utf8mb4_general_ci;

--
-- Dumping data for table `users`
--

INSERT INTO `users` (`id`, `username`, `password`, `name`, `role`, `created_at`) VALUES
(2, 'teacher1', '$2y$10$kz5qKM/JQjqZ/OMGoUV0xuPHOPG77yOHf5M78nTx09nq6uH0N4Oa6', 'Teacher One', 'teacher', '2025-06-08 14:59:53'),
(3, 'admin', '$2y$10$vEo4nuf6aMepxTy0Q1Scge7SQAh7grf2UC96rMEhE9qUabx85VWnm', '', 'super_admin', '2025-06-08 15:10:46'),
(4, 'ah', '$2y$10$PAOQhIMTG8MmzeFL5fvnZ.bOE0cwo3GaFUKxNUIuXyw4Uu7eS643G', '', 'teacher', '2025-06-08 15:34:21');

--
-- Indexes for dumped tables
--

--
-- Indexes for table `attendance`
--
ALTER TABLE `attendance`
  ADD PRIMARY KEY (`id`),
  ADD KEY `student_id` (`student_id`);

--
-- Indexes for table `classes`
--
ALTER TABLE `classes`
  ADD PRIMARY KEY (`id`),
  ADD UNIQUE KEY `class_code` (`class_code`);

--
-- Indexes for table `exams`
--
ALTER TABLE `exams`
  ADD PRIMARY KEY (`id`);

--
-- Indexes for table `exam_subjects`
--
ALTER TABLE `exam_subjects`
  ADD PRIMARY KEY (`id`),
  ADD KEY `exam_id` (`exam_id`),
  ADD KEY `subject_id` (`subject_id`);

--
-- Indexes for table `fees`
--
ALTER TABLE `fees`
  ADD PRIMARY KEY (`id`),
  ADD KEY `student_id` (`student_id`);

--
-- Indexes for table `marks`
--
ALTER TABLE `marks`
  ADD PRIMARY KEY (`id`);

--
-- Indexes for table `results`
--
ALTER TABLE `results`
  ADD PRIMARY KEY (`id`),
  ADD KEY `student_id` (`student_id`),
  ADD KEY `exam_id` (`exam_id`),
  ADD KEY `subject_id` (`subject_id`);

--
-- Indexes for table `routines`
--
ALTER TABLE `routines`
  ADD PRIMARY KEY (`id`),
  ADD KEY `class_id` (`class_id`),
  ADD KEY `teacher_id` (`teacher_id`);

--
-- Indexes for table `sections`
--
ALTER TABLE `sections`
  ADD PRIMARY KEY (`id`),
  ADD KEY `class_id` (`class_id`);

--
-- Indexes for table `students`
--
ALTER TABLE `students`
  ADD PRIMARY KEY (`id`),
  ADD UNIQUE KEY `student_id` (`student_id`);

--
-- Indexes for table `student_subjects`
--
ALTER TABLE `student_subjects`
  ADD PRIMARY KEY (`id`);

--
-- Indexes for table `subjects`
--
ALTER TABLE `subjects`
  ADD PRIMARY KEY (`id`);

--
-- Indexes for table `subject_group_map`
--
ALTER TABLE `subject_group_map`
  ADD PRIMARY KEY (`id`),
  ADD KEY `subject_id` (`subject_id`);

--
-- Indexes for table `teachers`
--
ALTER TABLE `teachers`
  ADD PRIMARY KEY (`id`);

--
-- Indexes for table `users`
--
ALTER TABLE `users`
  ADD PRIMARY KEY (`id`),
  ADD UNIQUE KEY `username` (`username`);

--
-- AUTO_INCREMENT for dumped tables
--

--
-- AUTO_INCREMENT for table `attendance`
--
ALTER TABLE `attendance`
  MODIFY `id` int(11) NOT NULL AUTO_INCREMENT;

--
-- AUTO_INCREMENT for table `classes`
--
ALTER TABLE `classes`
  MODIFY `id` int(11) NOT NULL AUTO_INCREMENT, AUTO_INCREMENT=6;

--
-- AUTO_INCREMENT for table `exams`
--
ALTER TABLE `exams`
  MODIFY `id` int(11) NOT NULL AUTO_INCREMENT, AUTO_INCREMENT=6;

--
-- AUTO_INCREMENT for table `exam_subjects`
--
ALTER TABLE `exam_subjects`
  MODIFY `id` int(11) NOT NULL AUTO_INCREMENT, AUTO_INCREMENT=61;

--
-- AUTO_INCREMENT for table `fees`
--
ALTER TABLE `fees`
  MODIFY `id` int(11) NOT NULL AUTO_INCREMENT;

--
-- AUTO_INCREMENT for table `marks`
--
ALTER TABLE `marks`
  MODIFY `id` int(11) NOT NULL AUTO_INCREMENT, AUTO_INCREMENT=2932;

--
-- AUTO_INCREMENT for table `results`
--
ALTER TABLE `results`
  MODIFY `id` int(11) NOT NULL AUTO_INCREMENT;

--
-- AUTO_INCREMENT for table `routines`
--
ALTER TABLE `routines`
  MODIFY `id` int(11) NOT NULL AUTO_INCREMENT;

--
-- AUTO_INCREMENT for table `sections`
--
ALTER TABLE `sections`
  MODIFY `id` int(11) NOT NULL AUTO_INCREMENT, AUTO_INCREMENT=19;

--
-- AUTO_INCREMENT for table `students`
--
ALTER TABLE `students`
  MODIFY `id` int(11) NOT NULL AUTO_INCREMENT, AUTO_INCREMENT=448;

--
-- AUTO_INCREMENT for table `student_subjects`
--
ALTER TABLE `student_subjects`
  MODIFY `id` int(11) NOT NULL AUTO_INCREMENT, AUTO_INCREMENT=3028;

--
-- AUTO_INCREMENT for table `subjects`
--
ALTER TABLE `subjects`
  MODIFY `id` int(11) NOT NULL AUTO_INCREMENT, AUTO_INCREMENT=67;

--
-- AUTO_INCREMENT for table `subject_group_map`
--
ALTER TABLE `subject_group_map`
  MODIFY `id` int(11) NOT NULL AUTO_INCREMENT, AUTO_INCREMENT=144;

--
-- AUTO_INCREMENT for table `teachers`
--
ALTER TABLE `teachers`
  MODIFY `id` int(11) NOT NULL AUTO_INCREMENT;

--
-- AUTO_INCREMENT for table `users`
--
ALTER TABLE `users`
  MODIFY `id` int(11) NOT NULL AUTO_INCREMENT, AUTO_INCREMENT=5;

--
-- Constraints for dumped tables
--

--
-- Constraints for table `attendance`
--
ALTER TABLE `attendance`
  ADD CONSTRAINT `attendance_ibfk_1` FOREIGN KEY (`student_id`) REFERENCES `students` (`id`);

--
-- Constraints for table `exam_subjects`
--
ALTER TABLE `exam_subjects`
  ADD CONSTRAINT `exam_subjects_ibfk_1` FOREIGN KEY (`exam_id`) REFERENCES `exams` (`id`),
  ADD CONSTRAINT `exam_subjects_ibfk_2` FOREIGN KEY (`subject_id`) REFERENCES `subjects` (`id`);

--
-- Constraints for table `fees`
--
ALTER TABLE `fees`
  ADD CONSTRAINT `fees_ibfk_1` FOREIGN KEY (`student_id`) REFERENCES `students` (`id`);

--
-- Constraints for table `results`
--
ALTER TABLE `results`
  ADD CONSTRAINT `results_ibfk_1` FOREIGN KEY (`student_id`) REFERENCES `students` (`id`),
  ADD CONSTRAINT `results_ibfk_2` FOREIGN KEY (`exam_id`) REFERENCES `exams` (`id`),
  ADD CONSTRAINT `results_ibfk_3` FOREIGN KEY (`subject_id`) REFERENCES `subjects` (`id`);

--
-- Constraints for table `routines`
--
ALTER TABLE `routines`
  ADD CONSTRAINT `routines_ibfk_1` FOREIGN KEY (`class_id`) REFERENCES `classes` (`id`),
  ADD CONSTRAINT `routines_ibfk_2` FOREIGN KEY (`teacher_id`) REFERENCES `teachers` (`id`);

--
-- Constraints for table `sections`
--
ALTER TABLE `sections`
  ADD CONSTRAINT `sections_ibfk_1` FOREIGN KEY (`class_id`) REFERENCES `classes` (`id`) ON DELETE CASCADE;

--
-- Constraints for table `subject_group_map`
--
ALTER TABLE `subject_group_map`
  ADD CONSTRAINT `subject_group_map_ibfk_1` FOREIGN KEY (`subject_id`) REFERENCES `subjects` (`id`) ON DELETE CASCADE;
COMMIT;

/*!40101 SET CHARACTER_SET_CLIENT=@OLD_CHARACTER_SET_CLIENT */;
/*!40101 SET CHARACTER_SET_RESULTS=@OLD_CHARACTER_SET_RESULTS */;
/*!40101 SET COLLATION_CONNECTION=@OLD_COLLATION_CONNECTION */;
