-- phpMyAdmin SQL Dump
-- version 5.2.1
-- https://www.phpmyadmin.net/
--
-- Host: 127.0.0.1
-- Generation Time: Jul 05, 2025 at 04:29 PM
-- Server version: 10.4.32-MariaDB
-- PHP Version: 8.2.12

SET SQL_MODE = "NO_AUTO_VALUE_ON_ZERO";
START TRANSACTION;
SET time_zone = "+00:00";


/*!40101 SET @OLD_CHARACTER_SET_CLIENT=@@CHARACTER_SET_CLIENT */;
/*!40101 SET @OLD_CHARACTER_SET_RESULTS=@@CHARACTER_SET_RESULTS */;
/*!40101 SET @OLD_COLLATION_CONNECTION=@@COLLATION_CONNECTION */;
/*!40101 SET NAMES utf8mb4 */;

--
-- Database: `batighor_jss`
--

-- --------------------------------------------------------

--
-- Table structure for table `attendance`
--

CREATE TABLE `attendance` (
  `id` int(11) NOT NULL,
  `student_id` int(11) DEFAULT NULL,
  `date` date DEFAULT NULL,
  `status` enum('Present','Absent','Late') DEFAULT 'Present'
) ENGINE=InnoDB DEFAULT CHARSET=utf8mb4 COLLATE=utf8mb4_general_ci;

-- --------------------------------------------------------

--
-- Table structure for table `classes`
--

CREATE TABLE `classes` (
  `id` int(11) NOT NULL,
  `class_name` varchar(50) NOT NULL,
  `class_code` varchar(2) NOT NULL
) ENGINE=InnoDB DEFAULT CHARSET=utf8mb4 COLLATE=utf8mb4_general_ci;

--
-- Dumping data for table `classes`
--

INSERT INTO `classes` (`id`, `class_name`, `class_code`) VALUES
(1, 'Six', '06'),
(2, 'Seven', '07'),
(3, 'Eight', '08'),
(4, 'Nine', '09'),
(5, 'Ten', '10');

-- --------------------------------------------------------

--
-- Table structure for table `exams`
--

CREATE TABLE `exams` (
  `id` int(11) NOT NULL,
  `exam_name` varchar(100) DEFAULT NULL,
  `exam_type` varchar(255) DEFAULT NULL,
  `class_id` int(11) DEFAULT NULL,
  `created_by` varchar(50) DEFAULT NULL,
  `created_at` timestamp NOT NULL DEFAULT current_timestamp()
) ENGINE=InnoDB DEFAULT CHARSET=utf8mb4 COLLATE=utf8mb4_unicode_ci;

--
-- Dumping data for table `exams`
--

INSERT INTO `exams` (`id`, `exam_name`, `exam_type`, `class_id`, `created_by`, `created_at`) VALUES
(1, 'Half Yearly Exam-2025 - Six', 'Half Yearly', 1, NULL, '2025-06-14 12:23:39'),
(2, 'Half Yearly Exam-2025', 'Half Yearly', 4, NULL, '2025-06-18 12:23:22');

-- --------------------------------------------------------

--
-- Table structure for table `exam_subjects`
--

CREATE TABLE `exam_subjects` (
  `id` int(11) NOT NULL,
  `exam_id` int(11) DEFAULT NULL,
  `subject_id` int(11) DEFAULT NULL,
  `exam_date` date DEFAULT NULL,
  `exam_time` time DEFAULT NULL,
  `creative_marks` int(11) DEFAULT 0,
  `objective_marks` int(11) DEFAULT 0,
  `practical_marks` int(11) DEFAULT 0,
  `total_marks` int(11) GENERATED ALWAYS AS (`creative_marks` + `objective_marks` + `practical_marks`) STORED,
  `creative_pass` int(11) DEFAULT NULL,
  `objective_pass` int(11) DEFAULT NULL,
  `practical_pass` int(11) DEFAULT NULL,
  `year` year(4) NOT NULL,
  `pass_type` enum('total','individual') DEFAULT 'total',
  `active` enum('Yes','No') DEFAULT 'Yes'
) ENGINE=InnoDB DEFAULT CHARSET=utf8mb4 COLLATE=utf8mb4_unicode_ci;

--
-- Dumping data for table `exam_subjects`
--

INSERT INTO `exam_subjects` (`id`, `exam_id`, `subject_id`, `exam_date`, `exam_time`, `creative_marks`, `objective_marks`, `practical_marks`, `creative_pass`, `objective_pass`, `practical_pass`, `year`, `pass_type`, `active`) VALUES
(1, 1, 1, '2025-06-14', '10:00:00', 70, 30, 0, 23, 10, 0, '0000', 'total', 'Yes'),
(2, 1, 2, '2025-06-15', '10:00:00', 35, 15, 0, 11, 5, 0, '0000', 'total', 'Yes'),
(3, 1, 3, '2025-06-16', '10:00:00', 100, 0, 0, 33, 0, 0, '0000', 'total', 'Yes'),
(4, 1, 4, '2025-06-17', '10:00:00', 50, 0, 0, 17, 0, 0, '0000', 'total', 'Yes'),
(5, 1, 5, '2025-06-18', '10:00:00', 70, 30, 0, 23, 10, 0, '0000', 'total', 'Yes'),
(6, 1, 6, '2025-06-19', '10:00:00', 70, 30, 0, 23, 10, 0, '0000', 'total', 'Yes'),
(7, 1, 7, '2025-06-20', '10:00:00', 70, 30, 0, 23, 10, 0, '0000', 'total', 'Yes'),
(8, 1, 8, '2025-06-21', '10:00:00', 70, 30, 0, 23, 10, 0, '0000', 'total', 'Yes'),
(9, 1, 9, '2025-06-22', '10:00:00', 25, 0, 25, 8, 0, 8, '0000', 'total', 'Yes'),
(10, 1, 10, '2025-06-23', '10:00:00', 0, 0, 50, 0, 0, 16, '0000', 'total', 'Yes'),
(11, 2, 47, '2025-06-30', '13:30:00', 70, 30, 0, 23, 10, 0, '0000', 'individual', 'Yes'),
(12, 2, 48, '2025-07-01', '13:30:00', 70, 30, 0, 23, 10, 0, '0000', 'individual', 'Yes'),
(13, 2, 49, '2025-06-24', '13:30:00', 100, 0, 0, 100, 0, 0, '0000', 'individual', 'Yes'),
(14, 2, 50, '2025-06-25', '13:30:00', 100, 0, 0, 100, 0, 0, '0000', 'individual', 'Yes'),
(15, 2, 51, '2025-07-07', '13:30:00', 70, 30, 0, 23, 10, 0, '0000', 'individual', 'Yes'),
(16, 2, 57, '2025-07-02', '13:30:00', 70, 30, 0, 23, 10, 0, '0000', 'individual', 'Yes'),
(17, 2, 52, '2025-06-26', '13:30:00', 70, 30, 0, 23, 10, 0, '0000', 'individual', 'Yes'),
(18, 2, 62, '2025-06-29', '13:30:00', 50, 25, 25, 17, 8, 8, '0000', 'individual', 'Yes'),
(19, 2, 54, '2025-07-03', '13:30:00', 70, 30, 0, 23, 10, 0, '0000', 'individual', 'Yes'),
(20, 2, 66, '2025-06-29', '13:30:00', 50, 25, 25, 17, 8, 8, '0000', 'individual', 'Yes'),
(21, 2, 61, '2025-07-08', '13:30:00', 50, 25, 25, 17, 8, 8, '0000', 'individual', 'Yes'),
(22, 2, 60, '2025-07-10', '10:00:00', 50, 25, 25, 17, 8, 8, '0000', 'individual', 'Yes'),
(23, 2, 61, '2025-07-02', '13:30:00', 50, 25, 25, 17, 8, 8, '0000', 'individual', 'Yes'),
(24, 2, 53, '2025-07-10', '10:00:00', 70, 30, 0, 23, 10, 0, '0000', 'individual', 'Yes'),
(25, 2, 63, '2025-07-10', '10:00:00', 70, 30, 0, 23, 10, 0, '0000', 'individual', 'Yes'),
(26, 2, 64, '2025-07-02', '13:30:00', 70, 30, 0, 23, 10, 0, '0000', 'individual', 'Yes'),
(27, 2, 59, '2025-07-03', '13:30:00', 70, 30, 0, 23, 10, 0, '0000', 'individual', 'Yes'),
(28, 2, 56, '2025-07-08', '13:30:00', 70, 30, 0, 23, 10, 0, '0000', 'individual', 'Yes'),
(29, 2, 65, '2025-07-08', '13:30:00', 70, 30, 0, 23, 10, 0, '0000', 'individual', 'Yes'),
(30, 2, 55, '2025-07-09', '10:00:00', 0, 25, 25, 0, 8, 8, '0000', 'individual', 'Yes'),
(31, 2, 58, '2025-07-03', '13:30:00', 70, 30, 0, 23, 10, 0, '0000', 'individual', 'Yes');

-- --------------------------------------------------------

--
-- Table structure for table `fees`
--

CREATE TABLE `fees` (
  `id` int(11) NOT NULL,
  `student_id` int(11) DEFAULT NULL,
  `month` varchar(20) DEFAULT NULL,
  `year` int(11) DEFAULT NULL,
  `amount` decimal(10,2) DEFAULT NULL,
  `status` enum('Paid','Unpaid') DEFAULT 'Unpaid',
  `created_at` timestamp NOT NULL DEFAULT current_timestamp()
) ENGINE=InnoDB DEFAULT CHARSET=utf8mb4 COLLATE=utf8mb4_general_ci;

-- --------------------------------------------------------

--
-- Table structure for table `marks`
--

CREATE TABLE `marks` (
  `id` int(11) NOT NULL,
  `student_id` int(20) DEFAULT NULL,
  `exam_id` int(11) DEFAULT NULL,
  `subject_id` int(11) DEFAULT NULL,
  `creative_marks` float DEFAULT 0,
  `objective_marks` float DEFAULT 0,
  `practical_marks` float DEFAULT 0,
  `total_marks` float GENERATED ALWAYS AS (`creative_marks` + `objective_marks` + `practical_marks`) STORED,
  `created_at` timestamp NOT NULL DEFAULT current_timestamp()
) ENGINE=InnoDB DEFAULT CHARSET=utf8mb4 COLLATE=utf8mb4_unicode_ci;

--
-- Dumping data for table `marks`
--

INSERT INTO `marks` (`id`, `student_id`, `exam_id`, `subject_id`, `creative_marks`, `objective_marks`, `practical_marks`, `created_at`) VALUES
(1, 2506033, 1, 1, 0, 0, 0, '2025-06-15 04:22:21'),
(2, 2506001, 1, 1, 65, 15, 0, '2025-06-15 04:56:17'),
(3, 2506002, 1, 1, 55, 28, 0, '2025-06-15 04:56:20'),
(4, 2506021, 1, 1, 0, 0, 0, '2025-06-15 04:56:23'),
(5, 2506001, 1, 2, 30, 10, 0, '2025-06-15 04:56:51'),
(6, 2506002, 1, 2, 20, 12, 0, '2025-06-15 04:56:55'),
(7, 2506021, 1, 2, 0, 0, 0, '2025-06-15 04:57:01'),
(8, 2506003, 1, 2, 30, 15, 0, '2025-06-15 06:14:12'),
(9, 2506004, 1, 2, 20, 10, 0, '2025-06-15 06:14:18'),
(10, 2506005, 1, 2, 20, 14, 0, '2025-06-15 06:14:24'),
(11, 2506039, 1, 2, 32, 10, 0, '2025-06-15 06:14:30'),
(12, 2506040, 1, 2, 29, 14, 0, '2025-06-15 06:14:35'),
(13, 2506039, 1, 1, 50, 14, 0, '2025-06-15 06:14:58'),
(14, 2506040, 1, 1, 42, 28, 0, '2025-06-15 06:15:01'),
(15, 2506003, 1, 1, 0, 0, 0, '2025-06-15 06:18:46'),
(16, 2506007, 1, 1, 0, 0, 0, '2025-06-15 06:18:46'),
(17, 2506004, 1, 1, 0, 0, 0, '2025-06-15 06:18:46'),
(18, 2506006, 1, 1, 0, 0, 0, '2025-06-15 06:18:46'),
(19, 2506008, 1, 1, 0, 0, 0, '2025-06-15 06:18:46'),
(20, 2506005, 1, 1, 0, 0, 0, '2025-06-15 06:18:46'),
(21, 2506009, 1, 1, 0, 0, 0, '2025-06-15 06:18:46'),
(22, 2506010, 1, 1, 0, 0, 0, '2025-06-15 06:18:46'),
(23, 2506011, 1, 1, 0, 0, 0, '2025-06-15 06:18:46'),
(24, 2506012, 1, 1, 0, 0, 0, '2025-06-15 06:18:46'),
(25, 2506013, 1, 1, 0, 0, 0, '2025-06-15 06:18:46'),
(26, 2506014, 1, 1, 0, 0, 0, '2025-06-15 06:18:47'),
(27, 2506015, 1, 1, 0, 0, 0, '2025-06-15 06:18:47'),
(28, 2506016, 1, 1, 0, 0, 0, '2025-06-15 06:18:47'),
(29, 2506017, 1, 1, 0, 0, 0, '2025-06-15 06:18:47'),
(30, 2506018, 1, 1, 0, 0, 0, '2025-06-15 06:18:47'),
(31, 2506019, 1, 1, 0, 0, 0, '2025-06-15 06:18:48'),
(32, 2506020, 1, 1, 0, 0, 0, '2025-06-15 06:18:48'),
(33, 2506022, 1, 1, 0, 0, 0, '2025-06-15 06:18:48'),
(34, 2506023, 1, 1, 0, 0, 0, '2025-06-15 06:18:48'),
(35, 2506024, 1, 1, 0, 0, 0, '2025-06-15 06:18:48'),
(36, 2506025, 1, 1, 0, 0, 0, '2025-06-15 06:18:48'),
(37, 2506026, 1, 1, 0, 0, 0, '2025-06-15 06:18:48'),
(38, 2506027, 1, 1, 0, 0, 0, '2025-06-15 06:18:48'),
(39, 2506028, 1, 1, 0, 0, 0, '2025-06-15 06:18:48'),
(40, 2506029, 1, 1, 0, 0, 0, '2025-06-15 06:18:49'),
(41, 2506030, 1, 1, 0, 0, 0, '2025-06-15 06:18:49'),
(42, 2506031, 1, 1, 0, 0, 0, '2025-06-15 06:18:50'),
(43, 2506032, 1, 1, 0, 0, 0, '2025-06-15 06:18:50'),
(44, 2506034, 1, 1, 0, 0, 0, '2025-06-15 06:18:50'),
(45, 2506035, 1, 1, 0, 0, 0, '2025-06-15 06:18:50'),
(46, 2506036, 1, 1, 0, 0, 0, '2025-06-15 06:18:51'),
(47, 2506037, 1, 1, 0, 0, 0, '2025-06-15 06:18:51'),
(48, 2506038, 1, 1, 0, 0, 0, '2025-06-15 06:18:51'),
(49, 2506001, 1, 3, 69, 0, 0, '2025-06-15 06:31:28'),
(50, 2506002, 1, 3, 80, 0, 0, '2025-06-15 06:31:29'),
(51, 2506003, 1, 3, 79, 0, 0, '2025-06-15 06:31:29'),
(52, 2506005, 1, 3, 0, 0, 0, '2025-06-15 06:31:29'),
(53, 2506007, 1, 3, 0, 0, 0, '2025-06-15 06:31:29'),
(54, 2506006, 1, 3, 0, 0, 0, '2025-06-15 06:31:29'),
(55, 2506004, 1, 3, 45, 0, 0, '2025-06-15 06:31:29'),
(56, 2506008, 1, 3, 0, 0, 0, '2025-06-15 06:31:29'),
(57, 2506009, 1, 3, 0, 0, 0, '2025-06-15 06:31:30'),
(58, 2506010, 1, 3, 0, 0, 0, '2025-06-15 06:31:30'),
(59, 2506011, 1, 3, 0, 0, 0, '2025-06-15 06:31:30'),
(60, 2506012, 1, 3, 0, 0, 0, '2025-06-15 06:31:30'),
(61, 2506013, 1, 3, 0, 0, 0, '2025-06-15 06:31:30'),
(62, 2506014, 1, 3, 0, 0, 0, '2025-06-15 06:31:30'),
(63, 2506015, 1, 3, 0, 0, 0, '2025-06-15 06:31:30'),
(64, 2506016, 1, 3, 0, 0, 0, '2025-06-15 06:31:30'),
(65, 2506017, 1, 3, 0, 0, 0, '2025-06-15 06:31:30'),
(66, 2506018, 1, 3, 0, 0, 0, '2025-06-15 06:31:30'),
(67, 2506019, 1, 3, 0, 0, 0, '2025-06-15 06:31:31'),
(68, 2506020, 1, 3, 0, 0, 0, '2025-06-15 06:31:31'),
(69, 2506021, 1, 3, 0, 0, 0, '2025-06-15 06:31:31'),
(70, 2506022, 1, 3, 0, 0, 0, '2025-06-15 06:31:31'),
(71, 2506023, 1, 3, 0, 0, 0, '2025-06-15 06:31:31'),
(72, 2506024, 1, 3, 0, 0, 0, '2025-06-15 06:31:31'),
(73, 2506025, 1, 3, 0, 0, 0, '2025-06-15 06:31:31'),
(74, 2506026, 1, 3, 0, 0, 0, '2025-06-15 06:31:31'),
(75, 2506027, 1, 3, 0, 0, 0, '2025-06-15 06:31:31'),
(76, 2506028, 1, 3, 0, 0, 0, '2025-06-15 06:31:31'),
(77, 2506029, 1, 3, 0, 0, 0, '2025-06-15 06:31:32'),
(78, 2506030, 1, 3, 0, 0, 0, '2025-06-15 06:31:32'),
(79, 2506031, 1, 3, 0, 0, 0, '2025-06-15 06:31:32'),
(80, 2506032, 1, 3, 0, 0, 0, '2025-06-15 06:31:32'),
(81, 2506033, 1, 3, 0, 0, 0, '2025-06-15 06:31:32'),
(82, 2506034, 1, 3, 0, 0, 0, '2025-06-15 06:31:32'),
(83, 2506035, 1, 3, 0, 0, 0, '2025-06-15 06:31:32'),
(84, 2506036, 1, 3, 0, 0, 0, '2025-06-15 06:31:32'),
(85, 2506037, 1, 3, 0, 0, 0, '2025-06-15 06:31:32'),
(86, 2506038, 1, 3, 0, 0, 0, '2025-06-15 06:31:32'),
(87, 2506039, 1, 3, 0, 0, 0, '2025-06-15 06:31:33'),
(88, 2506040, 1, 3, 0, 0, 0, '2025-06-15 06:31:33'),
(89, 2506006, 1, 2, 0, 0, 0, '2025-06-15 06:31:40'),
(90, 2506007, 1, 2, 0, 0, 0, '2025-06-15 06:31:40'),
(91, 2506008, 1, 2, 0, 0, 0, '2025-06-15 06:31:40'),
(92, 2506009, 1, 2, 0, 0, 0, '2025-06-15 06:31:40'),
(93, 2506010, 1, 2, 0, 0, 0, '2025-06-15 06:31:41'),
(94, 2506011, 1, 2, 0, 0, 0, '2025-06-15 06:31:41'),
(95, 2506012, 1, 2, 0, 0, 0, '2025-06-15 06:31:41'),
(96, 2506013, 1, 2, 0, 0, 0, '2025-06-15 06:31:41'),
(97, 2506014, 1, 2, 0, 0, 0, '2025-06-15 06:31:41'),
(98, 2506015, 1, 2, 0, 0, 0, '2025-06-15 06:31:41'),
(99, 2506016, 1, 2, 0, 0, 0, '2025-06-15 06:31:41'),
(100, 2506017, 1, 2, 0, 0, 0, '2025-06-15 06:31:41'),
(101, 2506018, 1, 2, 0, 0, 0, '2025-06-15 06:31:41'),
(102, 2506019, 1, 2, 0, 0, 0, '2025-06-15 06:31:41'),
(103, 2506020, 1, 2, 0, 0, 0, '2025-06-15 06:31:42'),
(104, 2506022, 1, 2, 0, 0, 0, '2025-06-15 06:31:42'),
(105, 2506023, 1, 2, 0, 0, 0, '2025-06-15 06:31:42'),
(106, 2506024, 1, 2, 0, 0, 0, '2025-06-15 06:31:42'),
(107, 2506025, 1, 2, 0, 0, 0, '2025-06-15 06:31:42'),
(108, 2506026, 1, 2, 0, 0, 0, '2025-06-15 06:31:44'),
(109, 2506027, 1, 2, 0, 0, 0, '2025-06-15 06:31:44'),
(110, 2506028, 1, 2, 0, 0, 0, '2025-06-15 06:31:44'),
(111, 2506029, 1, 2, 0, 0, 0, '2025-06-15 06:31:44'),
(112, 2506030, 1, 2, 0, 0, 0, '2025-06-15 06:31:44'),
(113, 2506031, 1, 2, 0, 0, 0, '2025-06-15 06:31:44'),
(114, 2506032, 1, 2, 0, 0, 0, '2025-06-15 06:31:44'),
(115, 2506033, 1, 2, 0, 0, 0, '2025-06-15 06:31:44'),
(116, 2506034, 1, 2, 0, 0, 0, '2025-06-15 06:31:44'),
(117, 2506035, 1, 2, 0, 0, 0, '2025-06-15 06:31:44'),
(118, 2506036, 1, 2, 0, 0, 0, '2025-06-15 06:31:45'),
(119, 2506037, 1, 2, 0, 0, 0, '2025-06-15 06:31:45'),
(120, 2506038, 1, 2, 0, 0, 0, '2025-06-15 06:31:45'),
(121, 2506001, 1, 4, 0, 0, 0, '2025-06-15 06:31:54'),
(122, 2506002, 1, 4, 47, 0, 0, '2025-06-15 06:31:54'),
(123, 2506003, 1, 4, 41, 0, 0, '2025-06-15 06:31:54'),
(124, 2506004, 1, 4, 34, 0, 0, '2025-06-15 06:31:54'),
(125, 2506005, 1, 4, 41, 0, 0, '2025-06-15 06:31:54'),
(126, 2506006, 1, 4, 38, 0, 0, '2025-06-15 06:31:55'),
(127, 2506007, 1, 4, 35, 0, 0, '2025-06-15 06:31:55'),
(128, 2506008, 1, 4, 31, 0, 0, '2025-06-15 06:31:55'),
(129, 2506009, 1, 4, 0, 0, 0, '2025-06-15 06:31:55'),
(130, 2506010, 1, 4, 0, 0, 0, '2025-06-15 06:31:55'),
(131, 2506011, 1, 4, 0, 0, 0, '2025-06-15 06:31:55'),
(132, 2506012, 1, 4, 0, 0, 0, '2025-06-15 06:31:55'),
(133, 2506013, 1, 4, 0, 0, 0, '2025-06-15 06:31:55'),
(134, 2506014, 1, 4, 0, 0, 0, '2025-06-15 06:31:55'),
(135, 2506015, 1, 4, 0, 0, 0, '2025-06-15 06:31:55'),
(136, 2506016, 1, 4, 0, 0, 0, '2025-06-15 06:31:55'),
(137, 2506017, 1, 4, 0, 0, 0, '2025-06-15 06:31:56'),
(138, 2506018, 1, 4, 0, 0, 0, '2025-06-15 06:31:56'),
(139, 2506019, 1, 4, 0, 0, 0, '2025-06-15 06:31:56'),
(140, 2506020, 1, 4, 0, 0, 0, '2025-06-15 06:31:57'),
(141, 2506021, 1, 4, 0, 0, 0, '2025-06-15 06:31:57'),
(142, 2506022, 1, 4, 0, 0, 0, '2025-06-15 06:31:57'),
(143, 2506023, 1, 4, 0, 0, 0, '2025-06-15 06:31:57'),
(144, 2506024, 1, 4, 0, 0, 0, '2025-06-15 06:31:58'),
(145, 2506025, 1, 4, 0, 0, 0, '2025-06-15 06:31:58'),
(146, 2506026, 1, 4, 0, 0, 0, '2025-06-15 06:31:58'),
(147, 2506027, 1, 4, 0, 0, 0, '2025-06-15 06:31:58'),
(148, 2506028, 1, 4, 0, 0, 0, '2025-06-15 06:31:58'),
(149, 2506029, 1, 4, 0, 0, 0, '2025-06-15 06:31:58'),
(150, 2506030, 1, 4, 0, 0, 0, '2025-06-15 06:31:58'),
(151, 2506031, 1, 4, 0, 0, 0, '2025-06-15 06:31:59'),
(152, 2506032, 1, 4, 0, 0, 0, '2025-06-15 06:31:59'),
(153, 2506033, 1, 4, 0, 0, 0, '2025-06-15 06:31:59'),
(154, 2506034, 1, 4, 0, 0, 0, '2025-06-15 06:32:00'),
(155, 2506035, 1, 4, 0, 0, 0, '2025-06-15 06:32:00'),
(156, 2506036, 1, 4, 0, 0, 0, '2025-06-15 06:32:00'),
(157, 2506037, 1, 4, 0, 0, 0, '2025-06-15 06:32:00'),
(158, 2506038, 1, 4, 0, 0, 0, '2025-06-15 06:32:00'),
(159, 2506039, 1, 4, 0, 0, 0, '2025-06-15 06:32:00'),
(160, 2506040, 1, 4, 0, 0, 0, '2025-06-15 06:32:01'),
(161, 2506001, 1, 5, 68, 0, 0, '2025-06-15 06:37:58'),
(162, 2506002, 1, 5, 10, 24, 0, '2025-06-15 06:37:58'),
(163, 2506003, 1, 5, 0, 0, 0, '2025-06-15 06:37:58'),
(164, 2506004, 1, 5, 0, 0, 0, '2025-06-15 06:37:58'),
(165, 2506005, 1, 5, 0, 0, 0, '2025-06-15 06:37:59'),
(166, 2506006, 1, 5, 0, 0, 0, '2025-06-15 06:37:59'),
(167, 2506007, 1, 5, 0, 0, 0, '2025-06-15 06:37:59'),
(168, 2506008, 1, 5, 0, 0, 0, '2025-06-15 06:37:59'),
(169, 2506009, 1, 5, 0, 0, 0, '2025-06-15 06:37:59'),
(170, 2506010, 1, 5, 0, 0, 0, '2025-06-15 06:37:59'),
(171, 2506011, 1, 5, 0, 0, 0, '2025-06-15 06:37:59'),
(172, 2506012, 1, 5, 0, 0, 0, '2025-06-15 06:37:59'),
(173, 2506013, 1, 5, 0, 0, 0, '2025-06-15 06:37:59'),
(174, 2506014, 1, 5, 0, 0, 0, '2025-06-15 06:37:59'),
(175, 2506015, 1, 5, 0, 0, 0, '2025-06-15 06:38:00'),
(176, 2506016, 1, 5, 0, 0, 0, '2025-06-15 06:38:00'),
(177, 2506017, 1, 5, 0, 0, 0, '2025-06-15 06:38:00'),
(178, 2506018, 1, 5, 0, 0, 0, '2025-06-15 06:38:00'),
(179, 2506019, 1, 5, 0, 0, 0, '2025-06-15 06:38:00'),
(180, 2506020, 1, 5, 0, 0, 0, '2025-06-15 06:38:00'),
(181, 2506021, 1, 5, 0, 0, 0, '2025-06-15 06:38:00'),
(182, 2506022, 1, 5, 0, 0, 0, '2025-06-15 06:38:00'),
(183, 2506023, 1, 5, 0, 0, 0, '2025-06-15 06:38:00'),
(184, 2506024, 1, 5, 0, 0, 0, '2025-06-15 06:38:00'),
(185, 2506025, 1, 5, 0, 0, 0, '2025-06-15 06:38:01'),
(186, 2506026, 1, 5, 0, 0, 0, '2025-06-15 06:38:01'),
(187, 2506027, 1, 5, 0, 0, 0, '2025-06-15 06:38:01'),
(188, 2506028, 1, 5, 0, 0, 0, '2025-06-15 06:38:01'),
(189, 2506029, 1, 5, 0, 0, 0, '2025-06-15 06:38:01'),
(190, 2506030, 1, 5, 0, 0, 0, '2025-06-15 06:38:01'),
(191, 2506031, 1, 5, 0, 0, 0, '2025-06-15 06:38:01'),
(192, 2506032, 1, 5, 0, 0, 0, '2025-06-15 06:38:01'),
(193, 2506033, 1, 5, 0, 0, 0, '2025-06-15 06:38:01'),
(194, 2506034, 1, 5, 0, 0, 0, '2025-06-15 06:38:01'),
(195, 2506035, 1, 5, 0, 0, 0, '2025-06-15 06:38:02'),
(196, 2506036, 1, 5, 0, 0, 0, '2025-06-15 06:38:02'),
(197, 2506037, 1, 5, 0, 0, 0, '2025-06-15 06:38:02'),
(198, 2506038, 1, 5, 0, 0, 0, '2025-06-15 06:38:02'),
(199, 2506039, 1, 5, 0, 0, 0, '2025-06-15 06:38:02'),
(200, 2506040, 1, 5, 0, 0, 0, '2025-06-15 06:38:02'),
(201, 2506001, 1, 6, 55, 30, 0, '2025-06-15 06:38:07'),
(202, 2506002, 1, 6, 41, 29, 0, '2025-06-15 06:38:08'),
(203, 2506003, 1, 6, 25, 19, 0, '2025-06-15 06:38:08'),
(204, 2506004, 1, 6, 55, 28, 0, '2025-06-15 06:38:08'),
(205, 2506005, 1, 6, 0, 0, 0, '2025-06-15 06:38:08'),
(206, 2506006, 1, 6, 0, 0, 0, '2025-06-15 06:38:08'),
(207, 2506007, 1, 6, 0, 0, 0, '2025-06-15 06:38:08'),
(208, 2506008, 1, 6, 0, 0, 0, '2025-06-15 06:38:08'),
(209, 2506009, 1, 6, 0, 0, 0, '2025-06-15 06:38:08'),
(210, 2506010, 1, 6, 0, 0, 0, '2025-06-15 06:38:08'),
(211, 2506011, 1, 6, 0, 0, 0, '2025-06-15 06:38:08'),
(212, 2506012, 1, 6, 0, 0, 0, '2025-06-15 06:38:09'),
(213, 2506013, 1, 6, 0, 0, 0, '2025-06-15 06:38:09'),
(214, 2506014, 1, 6, 0, 0, 0, '2025-06-15 06:38:09'),
(215, 2506015, 1, 6, 0, 0, 0, '2025-06-15 06:38:09'),
(216, 2506016, 1, 6, 0, 0, 0, '2025-06-15 06:38:09'),
(217, 2506017, 1, 6, 0, 0, 0, '2025-06-15 06:38:09'),
(218, 2506018, 1, 6, 0, 0, 0, '2025-06-15 06:38:10'),
(219, 2506019, 1, 6, 0, 0, 0, '2025-06-15 06:38:10'),
(220, 2506020, 1, 6, 0, 0, 0, '2025-06-15 06:38:11'),
(221, 2506021, 1, 6, 0, 0, 0, '2025-06-15 06:38:11'),
(222, 2506022, 1, 6, 0, 0, 0, '2025-06-15 06:38:11'),
(223, 2506023, 1, 6, 0, 0, 0, '2025-06-15 06:38:11'),
(224, 2506024, 1, 6, 0, 0, 0, '2025-06-15 06:38:11'),
(225, 2506025, 1, 6, 0, 0, 0, '2025-06-15 06:38:11'),
(226, 2506026, 1, 6, 0, 0, 0, '2025-06-15 06:38:11'),
(227, 2506027, 1, 6, 0, 0, 0, '2025-06-15 06:38:11'),
(228, 2506028, 1, 6, 0, 0, 0, '2025-06-15 06:38:11'),
(229, 2506029, 1, 6, 0, 0, 0, '2025-06-15 06:38:11'),
(230, 2506030, 1, 6, 0, 0, 0, '2025-06-15 06:38:13'),
(231, 2506031, 1, 6, 0, 0, 0, '2025-06-15 06:38:13'),
(232, 2506032, 1, 6, 0, 0, 0, '2025-06-15 06:38:13'),
(233, 2506033, 1, 6, 0, 0, 0, '2025-06-15 06:38:13'),
(234, 2506034, 1, 6, 0, 0, 0, '2025-06-15 06:38:13'),
(235, 2506035, 1, 6, 0, 0, 0, '2025-06-15 06:38:13'),
(236, 2506036, 1, 6, 0, 0, 0, '2025-06-15 06:38:13'),
(237, 2506037, 1, 6, 0, 0, 0, '2025-06-15 06:38:13'),
(238, 2506038, 1, 6, 0, 0, 0, '2025-06-15 06:38:13'),
(239, 2506039, 1, 6, 0, 0, 0, '2025-06-15 06:38:13'),
(240, 2506040, 1, 6, 0, 0, 0, '2025-06-15 06:38:14'),
(241, 2506001, 1, 7, 49, 26, 0, '2025-06-15 06:38:21'),
(242, 2506002, 1, 7, 49, 25, 0, '2025-06-15 06:38:22'),
(243, 2506003, 1, 7, 55, 25, 0, '2025-06-15 06:38:22'),
(244, 2506004, 1, 7, 24, 30, 0, '2025-06-15 06:38:22'),
(245, 2506005, 1, 7, 51, 27, 0, '2025-06-15 06:38:22'),
(246, 2506006, 1, 7, 0, 0, 0, '2025-06-15 06:38:22'),
(247, 2506007, 1, 7, 0, 0, 0, '2025-06-15 06:38:22'),
(248, 2506008, 1, 7, 0, 0, 0, '2025-06-15 06:38:22'),
(249, 2506009, 1, 7, 0, 0, 0, '2025-06-15 06:38:22'),
(250, 2506010, 1, 7, 0, 0, 0, '2025-06-15 06:38:22'),
(251, 2506011, 1, 7, 0, 0, 0, '2025-06-15 06:38:22'),
(252, 2506012, 1, 7, 0, 0, 0, '2025-06-15 06:38:22'),
(253, 2506013, 1, 7, 0, 0, 0, '2025-06-15 06:38:23'),
(254, 2506014, 1, 7, 0, 0, 0, '2025-06-15 06:38:23'),
(255, 2506015, 1, 7, 0, 0, 0, '2025-06-15 06:38:23'),
(256, 2506016, 1, 7, 0, 0, 0, '2025-06-15 06:38:23'),
(257, 2506017, 1, 7, 0, 0, 0, '2025-06-15 06:38:23'),
(258, 2506018, 1, 7, 0, 0, 0, '2025-06-15 06:38:24'),
(259, 2506019, 1, 7, 0, 0, 0, '2025-06-15 06:38:24'),
(260, 2506020, 1, 7, 0, 0, 0, '2025-06-15 06:38:24'),
(261, 2506021, 1, 7, 0, 0, 0, '2025-06-15 06:38:25'),
(262, 2506022, 1, 7, 0, 0, 0, '2025-06-15 06:38:25'),
(263, 2506023, 1, 7, 0, 0, 0, '2025-06-15 06:38:25'),
(264, 2506024, 1, 7, 0, 0, 0, '2025-06-15 06:38:25'),
(265, 2506025, 1, 7, 0, 0, 0, '2025-06-15 06:38:25'),
(266, 2506026, 1, 7, 0, 0, 0, '2025-06-15 06:38:25'),
(267, 2506027, 1, 7, 0, 0, 0, '2025-06-15 06:38:25'),
(268, 2506028, 1, 7, 0, 0, 0, '2025-06-15 06:38:25'),
(269, 2506029, 1, 7, 0, 0, 0, '2025-06-15 06:38:25'),
(270, 2506030, 1, 7, 0, 0, 0, '2025-06-15 06:38:25'),
(271, 2506031, 1, 7, 0, 0, 0, '2025-06-15 06:38:26'),
(272, 2506032, 1, 7, 0, 0, 0, '2025-06-15 06:38:26'),
(273, 2506033, 1, 7, 0, 0, 0, '2025-06-15 06:38:27'),
(274, 2506034, 1, 7, 0, 0, 0, '2025-06-15 06:38:27'),
(275, 2506035, 1, 7, 0, 0, 0, '2025-06-15 06:38:27'),
(276, 2506036, 1, 7, 0, 0, 0, '2025-06-15 06:38:27'),
(277, 2506037, 1, 7, 0, 0, 0, '2025-06-15 06:38:27'),
(278, 2506038, 1, 7, 0, 0, 0, '2025-06-15 06:38:27'),
(279, 2506039, 1, 7, 0, 0, 0, '2025-06-15 06:38:27'),
(280, 2506040, 1, 7, 0, 0, 0, '2025-06-15 06:38:27'),
(281, 2506001, 1, 8, 52, 27, 0, '2025-06-15 06:38:33'),
(282, 2506002, 1, 8, 42, 21, 0, '2025-06-15 06:38:34'),
(283, 2506003, 1, 8, 25, 21, 0, '2025-06-15 06:38:34'),
(284, 2506004, 1, 8, 42, 25, 0, '2025-06-15 06:38:34'),
(285, 2506005, 1, 8, 52, 29, 0, '2025-06-15 06:38:34'),
(286, 2506006, 1, 8, 0, 0, 0, '2025-06-15 06:38:34'),
(287, 2506007, 1, 8, 0, 0, 0, '2025-06-15 06:38:34'),
(288, 2506008, 1, 8, 0, 0, 0, '2025-06-15 06:38:34'),
(289, 2506009, 1, 8, 0, 0, 0, '2025-06-15 06:38:34'),
(290, 2506010, 1, 8, 0, 0, 0, '2025-06-15 06:38:35'),
(291, 2506011, 1, 8, 0, 0, 0, '2025-06-15 06:38:35'),
(292, 2506012, 1, 8, 0, 0, 0, '2025-06-15 06:38:35'),
(293, 2506013, 1, 8, 0, 0, 0, '2025-06-15 06:38:35'),
(294, 2506014, 1, 8, 0, 0, 0, '2025-06-15 06:38:35'),
(295, 2506015, 1, 8, 0, 0, 0, '2025-06-15 06:38:35'),
(296, 2506016, 1, 8, 0, 0, 0, '2025-06-15 06:38:35'),
(297, 2506017, 1, 8, 0, 0, 0, '2025-06-15 06:38:35'),
(298, 2506018, 1, 8, 0, 0, 0, '2025-06-15 06:38:35'),
(299, 2506019, 1, 8, 0, 0, 0, '2025-06-15 06:38:35'),
(300, 2506020, 1, 8, 0, 0, 0, '2025-06-15 06:38:36'),
(301, 2506021, 1, 8, 0, 0, 0, '2025-06-15 06:38:36'),
(302, 2506022, 1, 8, 0, 0, 0, '2025-06-15 06:38:36'),
(303, 2506023, 1, 8, 0, 0, 0, '2025-06-15 06:38:36'),
(304, 2506024, 1, 8, 0, 0, 0, '2025-06-15 06:38:36'),
(305, 2506025, 1, 8, 0, 0, 0, '2025-06-15 06:38:36'),
(306, 2506026, 1, 8, 0, 0, 0, '2025-06-15 06:38:36'),
(307, 2506027, 1, 8, 0, 0, 0, '2025-06-15 06:38:36'),
(308, 2506028, 1, 8, 0, 0, 0, '2025-06-15 06:38:36'),
(309, 2506029, 1, 8, 0, 0, 0, '2025-06-15 06:38:36'),
(310, 2506030, 1, 8, 0, 0, 0, '2025-06-15 06:38:37'),
(311, 2506031, 1, 8, 0, 0, 0, '2025-06-15 06:38:37'),
(312, 2506032, 1, 8, 0, 0, 0, '2025-06-15 06:38:37'),
(313, 2506033, 1, 8, 0, 0, 0, '2025-06-15 06:38:37'),
(314, 2506034, 1, 8, 0, 0, 0, '2025-06-15 06:38:37'),
(315, 2506035, 1, 8, 0, 0, 0, '2025-06-15 06:38:37'),
(316, 2506036, 1, 8, 0, 0, 0, '2025-06-15 06:38:37'),
(317, 2506037, 1, 8, 0, 0, 0, '2025-06-15 06:38:37'),
(318, 2506038, 1, 8, 0, 0, 0, '2025-06-15 06:38:37'),
(319, 2506039, 1, 8, 0, 0, 0, '2025-06-15 06:38:37'),
(320, 2506040, 1, 8, 0, 0, 0, '2025-06-15 06:38:38'),
(321, 2506001, 1, 9, 25, 0, 25, '2025-06-15 06:40:31'),
(322, 2506002, 1, 9, 20, 0, 24, '2025-06-15 06:40:31'),
(323, 2506003, 1, 9, 21, 0, 0, '2025-06-15 06:40:32'),
(324, 2506004, 1, 9, 0, 0, 0, '2025-06-15 06:40:32'),
(325, 2506005, 1, 9, 0, 0, 0, '2025-06-15 06:40:32'),
(326, 2506006, 1, 9, 0, 0, 0, '2025-06-15 06:40:32'),
(327, 2506007, 1, 9, 0, 0, 0, '2025-06-15 06:40:32'),
(328, 2506008, 1, 9, 0, 0, 0, '2025-06-15 06:40:32'),
(329, 2506009, 1, 9, 0, 0, 0, '2025-06-15 06:40:32'),
(330, 2506010, 1, 9, 0, 0, 0, '2025-06-15 06:40:32'),
(331, 2506011, 1, 9, 0, 0, 0, '2025-06-15 06:40:32'),
(332, 2506012, 1, 9, 0, 0, 0, '2025-06-15 06:40:32'),
(333, 2506013, 1, 9, 0, 0, 0, '2025-06-15 06:40:33'),
(334, 2506014, 1, 9, 0, 0, 0, '2025-06-15 06:40:33'),
(335, 2506015, 1, 9, 0, 0, 0, '2025-06-15 06:40:33'),
(336, 2506016, 1, 9, 0, 0, 0, '2025-06-15 06:40:33'),
(337, 2506017, 1, 9, 0, 0, 0, '2025-06-15 06:40:33'),
(338, 2506018, 1, 9, 0, 0, 0, '2025-06-15 06:40:33'),
(339, 2506019, 1, 9, 0, 0, 0, '2025-06-15 06:40:33'),
(340, 2506020, 1, 9, 0, 0, 0, '2025-06-15 06:40:33'),
(341, 2506021, 1, 9, 0, 0, 0, '2025-06-15 06:40:33'),
(342, 2506022, 1, 9, 0, 0, 0, '2025-06-15 06:40:33'),
(343, 2506023, 1, 9, 0, 0, 0, '2025-06-15 06:40:34'),
(344, 2506024, 1, 9, 0, 0, 0, '2025-06-15 06:40:34'),
(345, 2506025, 1, 9, 0, 0, 0, '2025-06-15 06:40:34'),
(346, 2506026, 1, 9, 0, 0, 0, '2025-06-15 06:40:34'),
(347, 2506027, 1, 9, 0, 0, 0, '2025-06-15 06:40:34'),
(348, 2506028, 1, 9, 0, 0, 0, '2025-06-15 06:40:34'),
(349, 2506029, 1, 9, 0, 0, 0, '2025-06-15 06:40:34'),
(350, 2506030, 1, 9, 0, 0, 0, '2025-06-15 06:40:34'),
(351, 2506031, 1, 9, 0, 0, 0, '2025-06-15 06:40:34'),
(352, 2506032, 1, 9, 0, 0, 0, '2025-06-15 06:40:34'),
(353, 2506033, 1, 9, 0, 0, 0, '2025-06-15 06:40:35'),
(354, 2506034, 1, 9, 0, 0, 0, '2025-06-15 06:40:35'),
(355, 2506035, 1, 9, 0, 0, 0, '2025-06-15 06:40:35'),
(356, 2506036, 1, 9, 0, 0, 0, '2025-06-15 06:40:35'),
(357, 2506037, 1, 9, 0, 0, 0, '2025-06-15 06:40:35'),
(358, 2506038, 1, 9, 0, 0, 0, '2025-06-15 06:40:35'),
(359, 2506039, 1, 9, 0, 0, 0, '2025-06-15 06:40:35'),
(360, 2506040, 1, 9, 0, 0, 0, '2025-06-15 06:40:35'),
(361, 2506001, 1, 10, 0, 0, 49, '2025-06-15 06:40:42'),
(362, 2506002, 1, 10, 0, 0, 48, '2025-06-15 06:40:43'),
(363, 2506003, 1, 10, 0, 0, 47, '2025-06-15 06:40:43'),
(364, 2506004, 1, 10, 0, 0, 43, '2025-06-15 06:40:43'),
(365, 2506005, 1, 10, 0, 0, 40, '2025-06-15 06:40:43'),
(366, 2506006, 1, 10, 0, 0, 39, '2025-06-15 06:40:43'),
(367, 2506007, 1, 10, 0, 0, 25, '2025-06-15 06:40:43'),
(368, 2506008, 1, 10, 0, 0, 20, '2025-06-15 06:40:43'),
(369, 2506009, 1, 10, 0, 0, 40, '2025-06-15 06:40:44'),
(370, 2506010, 1, 10, 0, 0, 41, '2025-06-15 06:40:44'),
(371, 2506011, 1, 10, 0, 0, 43, '2025-06-15 06:40:44'),
(372, 2506012, 1, 10, 0, 0, 0, '2025-06-15 06:40:44'),
(373, 2506013, 1, 10, 0, 0, 0, '2025-06-15 06:40:44'),
(374, 2506014, 1, 10, 0, 0, 0, '2025-06-15 06:40:44'),
(375, 2506015, 1, 10, 0, 0, 0, '2025-06-15 06:40:44'),
(376, 2506016, 1, 10, 0, 0, 0, '2025-06-15 06:40:44'),
(377, 2506017, 1, 10, 0, 0, 0, '2025-06-15 06:40:44'),
(378, 2506018, 1, 10, 0, 0, 0, '2025-06-15 06:40:44'),
(379, 2506019, 1, 10, 0, 0, 0, '2025-06-15 06:40:45'),
(380, 2506020, 1, 10, 0, 0, 0, '2025-06-15 06:40:45'),
(381, 2506021, 1, 10, 0, 0, 0, '2025-06-15 06:40:45'),
(382, 2506022, 1, 10, 0, 0, 0, '2025-06-15 06:40:45'),
(383, 2506023, 1, 10, 0, 0, 0, '2025-06-15 06:40:45'),
(384, 2506024, 1, 10, 0, 0, 0, '2025-06-15 06:40:45'),
(385, 2506025, 1, 10, 0, 0, 0, '2025-06-15 06:40:45'),
(386, 2506026, 1, 10, 0, 0, 0, '2025-06-15 06:40:45'),
(387, 2506027, 1, 10, 0, 0, 0, '2025-06-15 06:40:45'),
(388, 2506028, 1, 10, 0, 0, 0, '2025-06-15 06:40:45'),
(389, 2506029, 1, 10, 0, 0, 0, '2025-06-15 06:40:46'),
(390, 2506030, 1, 10, 0, 0, 0, '2025-06-15 06:40:46'),
(391, 2506031, 1, 10, 0, 0, 0, '2025-06-15 06:40:46'),
(392, 2506032, 1, 10, 0, 0, 0, '2025-06-15 06:40:46'),
(393, 2506033, 1, 10, 0, 0, 0, '2025-06-15 06:40:46'),
(394, 2506034, 1, 10, 0, 0, 0, '2025-06-15 06:40:46'),
(395, 2506035, 1, 10, 0, 0, 0, '2025-06-15 06:40:46'),
(396, 2506036, 1, 10, 0, 0, 0, '2025-06-15 06:40:46'),
(397, 2506037, 1, 10, 0, 0, 0, '2025-06-15 06:40:46'),
(398, 2506038, 1, 10, 0, 0, 0, '2025-06-15 06:40:46'),
(399, 2506039, 1, 10, 0, 0, 0, '2025-06-15 06:40:47'),
(400, 2506040, 1, 10, 0, 0, 0, '2025-06-15 06:40:47'),
(426, 2504002, 2, 66, 30, 20, 25, '2025-06-20 16:28:11'),
(427, 2504003, 2, 66, 30, 20, 25, '2025-06-20 16:28:13'),
(428, 2504002, 2, 49, 50, 0, 0, '2025-06-20 16:30:33'),
(429, 2504003, 2, 49, 20, 0, 0, '2025-06-20 16:30:37'),
(430, 2504001, 2, 49, 80, 0, 0, '2025-06-20 16:30:38'),
(431, 2504002, 2, 52, 23, 20, 0, '2025-06-21 15:53:58'),
(432, 2504003, 2, 52, 10, 25, 0, '2025-06-21 15:54:02'),
(433, 2504001, 2, 52, 30, 25, 0, '2025-06-21 15:54:08'),
(434, 2504002, 2, 47, 55, 23, 0, '2025-06-22 04:16:11'),
(435, 2504003, 2, 47, 15, 25, 0, '2025-06-22 04:16:11'),
(436, 2504001, 2, 47, 30, 5, 0, '2025-06-22 04:16:12'),
(437, 2504002, 2, 48, 46, 27, 0, '2025-06-22 04:16:56'),
(438, 2504003, 2, 48, 51, 21, 0, '2025-06-22 04:16:57'),
(439, 2504001, 2, 48, 23, 11, 0, '2025-06-22 04:16:57'),
(440, 2504002, 2, 58, 50, 20, 0, '2025-06-22 15:33:59'),
(441, 2504002, 2, 53, 25, 20, 0, '2025-06-22 15:34:05'),
(442, 2504003, 2, 53, 34, 25, 0, '2025-06-22 15:34:10'),
(443, 2504002, 2, 56, 55, 28, 0, '2025-06-22 15:34:16'),
(444, 2504002, 2, 57, 23, 14, 0, '2025-06-22 15:34:26'),
(445, 2504002, 2, 51, 40, 20, 0, '2025-06-22 15:43:58'),
(446, 2504003, 2, 51, 41, 21, 0, '2025-06-22 15:43:59'),
(447, 2504001, 2, 51, 23, 25, 0, '2025-06-22 15:44:02'),
(448, 2504002, 2, 55, 0, 25, 25, '2025-06-22 15:44:11'),
(449, 2504003, 2, 55, 0, 21, 23, '2025-06-22 15:44:15'),
(450, 2504001, 2, 55, 0, 20, 25, '2025-06-22 15:44:17'),
(451, 2504002, 2, 50, 54, 0, 0, '2025-06-22 15:46:52'),
(452, 2504003, 2, 50, 41, 0, 0, '2025-06-22 15:46:54'),
(453, 2504001, 2, 50, 33, 0, 0, '2025-06-22 15:46:55');

-- --------------------------------------------------------

--
-- Table structure for table `results`
--

CREATE TABLE `results` (
  `id` int(11) NOT NULL,
  `student_id` int(11) DEFAULT NULL,
  `exam_id` int(11) DEFAULT NULL,
  `subject_id` int(11) DEFAULT NULL,
  `marks` int(11) DEFAULT NULL,
  `grade` varchar(5) DEFAULT NULL
) ENGINE=InnoDB DEFAULT CHARSET=utf8mb4 COLLATE=utf8mb4_general_ci;

-- --------------------------------------------------------

--
-- Table structure for table `routines`
--

CREATE TABLE `routines` (
  `id` int(11) NOT NULL,
  `class_id` int(11) DEFAULT NULL,
  `subject` varchar(100) DEFAULT NULL,
  `day` varchar(20) DEFAULT NULL,
  `start_time` time DEFAULT NULL,
  `end_time` time DEFAULT NULL,
  `teacher_id` int(11) DEFAULT NULL
) ENGINE=InnoDB DEFAULT CHARSET=utf8mb4 COLLATE=utf8mb4_general_ci;

-- --------------------------------------------------------

--
-- Table structure for table `sections`
--

CREATE TABLE `sections` (
  `id` int(11) NOT NULL,
  `section_name` varchar(50) NOT NULL,
  `class_id` int(11) NOT NULL
) ENGINE=InnoDB DEFAULT CHARSET=utf8mb4 COLLATE=utf8mb4_general_ci;

--
-- Dumping data for table `sections`
--

INSERT INTO `sections` (`id`, `section_name`, `class_id`) VALUES
(1, 'A', 1),
(2, 'B', 1),
(3, 'A', 2),
(4, 'B', 2),
(5, 'A', 3),
(6, 'B', 3),
(7, 'A', 4),
(8, 'B', 4),
(9, 'A', 5),
(10, 'B', 5),
(11, 'C', 1),
(12, 'D', 1),
(13, 'C', 2),
(14, 'D', 2),
(15, 'C', 3),
(16, 'D', 3),
(17, 'C', 4),
(18, 'C', 5);

-- --------------------------------------------------------

--
-- Table structure for table `students`
--

CREATE TABLE `students` (
  `id` int(11) NOT NULL,
  `student_id` int(20) DEFAULT NULL,
  `roll_no` int(10) DEFAULT NULL,
  `student_name` varchar(100) CHARACTER SET utf8mb4 COLLATE utf8mb4_general_ci DEFAULT NULL,
  `father_name` varchar(100) CHARACTER SET utf8mb4 COLLATE utf8mb4_general_ci DEFAULT NULL,
  `mother_name` varchar(100) CHARACTER SET utf8mb4 COLLATE utf8mb4_general_ci DEFAULT NULL,
  `gender` varchar(10) CHARACTER SET utf8mb4 COLLATE utf8mb4_general_ci DEFAULT NULL,
  `mobile_no` varchar(20) CHARACTER SET utf8mb4 COLLATE utf8mb4_general_ci DEFAULT NULL,
  `religion` varchar(50) CHARACTER SET utf8mb4 COLLATE utf8mb4_general_ci DEFAULT NULL,
  `nationality` varchar(50) CHARACTER SET utf8mb4 COLLATE utf8mb4_general_ci DEFAULT NULL,
  `date_of_birth` date DEFAULT NULL,
  `blood_group` varchar(10) CHARACTER SET utf8mb4 COLLATE utf8mb4_general_ci DEFAULT NULL,
  `village` varchar(100) CHARACTER SET utf8mb4 COLLATE utf8mb4_general_ci DEFAULT NULL,
  `post_office` varchar(100) CHARACTER SET utf8mb4 COLLATE utf8mb4_general_ci DEFAULT NULL,
  `upazilla` varchar(100) CHARACTER SET utf8mb4 COLLATE utf8mb4_general_ci DEFAULT NULL,
  `district` varchar(100) CHARACTER SET utf8mb4 COLLATE utf8mb4_general_ci DEFAULT NULL,
  `status` enum('Active','Inactive') CHARACTER SET utf8mb4 COLLATE utf8mb4_general_ci DEFAULT 'Active',
  `class_id` int(20) DEFAULT NULL,
  `section_id` int(10) DEFAULT NULL,
  `student_group` varchar(20) CHARACTER SET utf8mb4 COLLATE utf8mb4_general_ci DEFAULT NULL,
  `year` year(4) DEFAULT NULL,
  `photo` varchar(255) CHARACTER SET utf8mb4 COLLATE utf8mb4_general_ci DEFAULT NULL
) ENGINE=InnoDB DEFAULT CHARSET=utf8mb4 COLLATE=utf8mb4_unicode_ci;

--
-- Dumping data for table `students`
--

INSERT INTO `students` (`id`, `student_id`, `roll_no`, `student_name`, `father_name`, `mother_name`, `gender`, `mobile_no`, `religion`, `nationality`, `date_of_birth`, `blood_group`, `village`, `post_office`, `upazilla`, `district`, `status`, `class_id`, `section_id`, `student_group`, `year`, `photo`) VALUES
(1, 2506001, 1, 'Atlatun Marzana Nimu', 'Md Sharif Uddin', 'Mst Anjuman Ara Khatun', 'Female', '01716791512', 'Islam', 'Bangladeshi', '0000-00-00', '', 'Bhomordah', '', 'Gangni', 'Meherpur', 'Active', 1, 1, 'none', '2025', ''),
(2, 2506002, 2, 'Mst Mollika Khatun', 'Md Osman Goni', 'Mst Champa Khatun', 'Female', '01767732137', 'Islam', 'Bangladeshi', '0000-00-00', '', 'Akubpur', '', 'Gangni', 'Meherpur', 'Active', 1, 1, 'none', '2025', ''),
(3, 2506003, 3, 'Mst Sabiha Jahan Mim', 'Md Jahidul Islam', 'Miss Sadia Farjana', 'Female', '01719970704', 'Islam', 'Bangladeshi', '0000-00-00', '', 'Shohorabaria Jugir Gofa', '', 'Gangni', 'Meherpur', 'Active', 1, 1, 'none', '2025', ''),
(4, 2506004, 4, 'Md As Saif', 'Md Uzzal Hossain', 'Mst Sharmin Sultana', 'Male', '01880439767', 'Islam', 'Bangladeshi', '0000-00-00', '', 'Hogoalbaria', '', 'Gangni', 'Meherpur', 'Active', 1, 1, 'none', '2025', ''),
(5, 2506005, 5, 'Miss Sayma Rahman', 'Md Sayedur Rahman', 'Miss Meherun Nessa', 'Female', '01917942667', 'Islam', 'Bangladeshi', '0000-00-00', '', 'Terail', '', 'Gangni', 'Meherpur', 'Active', 1, 1, 'none', '2025', ''),
(6, 2506006, 6, 'Mst Sadia Afrin', 'Mohammad Ali', 'Mst Bobita Khatun', 'Female', '01720140141', 'Islam', 'Bangladeshi', '0000-00-00', '', 'Bhomordah', '', 'Gangni', 'Meherpur', 'Active', 1, 1, 'none', '2025', ''),
(7, 2506007, 7, 'Wasfiya Jannat Othe', 'Md shahidul Islam', 'Mst Jayhanara Khatun', 'Female', '01721749703', 'Islam', 'Bangladeshi', '0000-00-00', '', 'Nisipur Bamondi', '', 'Gangni', 'Meherpur', 'Active', 1, 1, 'none', '2025', ''),
(8, 2506008, 8, 'Mst Monira', 'Md Abdus Salam', 'Mst Mala', 'Female', '01755705709', 'Islam', 'Bangladeshi', '0000-00-00', '', 'Bamondi', '', 'Gangni', 'Meherpur', 'Active', 1, 1, 'none', '2025', ''),
(9, 2506009, 9, 'Mst Fariha Khatun ', 'Md Selim Hossen', 'Mst Chompa Khatun', 'Female', '01727438628', 'Islam', 'Bangladeshi', '0000-00-00', '', 'Bamondi', '', 'Gangni', 'Meherpur', 'Active', 1, 1, 'none', '2025', ''),
(10, 2506010, 10, 'Md Yeasin Arafat', 'Md Zahidul Islam', 'Mst Rocksana Khatun', 'Male', '01770326024', 'Islam', 'Bangladeshi', '0000-00-00', '', 'Terail', '', 'Gangni', 'Meherpur', 'Active', 1, 1, 'none', '2025', ''),
(11, 2506011, 11, 'Arisha Islam', 'Md Ariful Islam', '', 'Female', '01724844154', 'Islam', 'Bangladeshi', '0000-00-00', '', 'Matmura', '', 'Gangni', 'Meherpur', 'Active', 1, 1, 'none', '2025', ''),
(12, 2506012, 12, 'Mst alifa Israt', 'Md Ashraful Islam', 'Mst Maniara Parven', 'Female', '01758555314', 'Islam', 'Bangladeshi', '0000-00-00', '', 'Moheshpur', '', 'Gangni', 'Meherpur', 'Active', 1, 1, 'none', '2025', ''),
(13, 2506013, 13, 'Mst Asosana Akter mim', 'Md Aklach', 'Mst Razia Sultana', 'Female', '01762743462', 'Islam', 'Bangladeshi', '0000-00-00', '', 'Hogoalbaria', '', 'Gangni', 'Meherpur', 'Active', 1, 1, 'none', '2025', ''),
(14, 2506014, 14, 'Mst razia Sultana', 'Md Shamim Asraf', 'Mst Nargis Pervin', 'Female', '01321585600', 'Islam', 'Bangladeshi', '0000-00-00', '', 'Bhrat', '', 'Gangni', 'Meherpur', 'Active', 1, 1, 'none', '2025', ''),
(15, 2506015, 15, 'Mst Nusrat jahan summa', 'Md Saiful Islam', 'Mst Asama Khatun', 'Female', '01720908150', 'Islam', 'Bangladeshi', '0000-00-00', '', 'Jorepukuria', '', 'Gangni', 'Meherpur', 'Active', 1, 1, 'none', '2025', ''),
(16, 2506016, 16, 'Mst nusrat jahan Nur', 'Md Rayhan Uddin', 'Mst Kakoli Khatun', 'Female', '01855682073', 'Islam', 'Bangladeshi', '0000-00-00', '', 'Jorepukuria', '', 'Gangni', 'Meherpur', 'Active', 1, 1, 'none', '2025', ''),
(17, 2506017, 17, 'Mst khadija khatun', 'Md Hamidul Islam', 'Mst lovely Khatun', 'Female', '01727159221', 'Islam', 'Bangladeshi', '0000-00-00', '', 'Shohorabaria Manikdia', '', 'Gangni', 'Meherpur', 'Active', 1, 1, 'none', '2025', ''),
(18, 2506018, 18, 'Jannatul Rose', 'Mohammad Hasannuzzaman Hasan', 'Mst Asma Khatun', 'Female', '01771843793', 'Islam', 'Bangladeshi', '0000-00-00', '', 'Jorepukuria', '', 'Gangni', 'Meherpur', 'Active', 1, 1, 'none', '2025', ''),
(19, 2506019, 19, 'Md Sanzeed Zaman rafi', 'Md Asadul Zaman', 'Mst Runa Nasrin', 'Male', '01747777359', 'Islam', 'Bangladeshi', '0000-00-00', '', 'Shohorabaria', '', 'Gangni', 'Meherpur', 'Active', 1, 1, 'none', '2025', ''),
(20, 2506020, 20, 'Md Limon', 'Md Liton Ali', 'Mst Fuljhori Khatun', 'Male', '01714367983', 'Islam', 'Bangladeshi', '0000-00-00', '', 'Mailmaria', '', 'Gangni', 'Meherpur', 'Active', 1, 1, 'none', '2025', ''),
(21, 2506021, 21, 'Mst Kamona Khatun', 'Md Fazlu', 'Mst Rozoni Akter', 'Female', '17315990762', 'Islam', 'Bangladeshi', '0000-00-00', '', 'Jorepukuria', '', 'Gangni', 'Meherpur', 'Active', 1, 1, 'none', '2025', ''),
(22, 2506022, 22, 'Md Hamim', 'Md Zillur Rohoman', 'Mst Khadija Khatun', 'Male', '01893272448', 'Islam', 'Bangladeshi', '0000-00-00', '', 'Bamondi', '', 'Gangni', 'Meherpur', 'Active', 1, 1, 'none', '2025', ''),
(23, 2506023, 23, 'Umme Jarin Tabassum', 'Kh. Mohiuddin Bitas', 'Mst Kaniz Fatema', 'Female', '01875337670', 'Islam', 'Bangladeshi', '0000-00-00', '', 'Jorepukuria', '', 'Gangni', 'Meherpur', 'Active', 1, 1, 'none', '2025', ''),
(24, 2506024, 24, 'Mst Abu Ismat Bintti', 'Md Abu Bokor', 'Mst Mohsina Parvin', 'Female', '01727154452', 'Islam', 'Bangladeshi', '0000-00-00', '', 'Garabaria', '', 'Gangni', 'Meherpur', 'Active', 1, 1, 'none', '2025', ''),
(25, 2506025, 25, 'Mst Roja Islam', 'Md Asraful Islam', 'Sharmin', 'Female', '01763757311', 'Islam', 'Bangladeshi', '0000-00-00', '', 'Sholotaka', '', 'Gangni', 'Meherpur', 'Active', 1, 1, 'none', '2025', ''),
(26, 2506026, 26, 'Md tahmid Islam', 'Md Masud Rana', 'Mst Jasmen Akter', 'Male', '01323237591', 'Islam', 'Bangladeshi', '0000-00-00', '', 'Chargoalgram', '', 'Gangni', 'Meherpur', 'Active', 1, 1, 'none', '2025', ''),
(27, 2506027, 27, 'Kumari Supti Karmokar', 'Kamol Karmakar', 'Sreemoti Mita Rani Karmokar', 'Female', '01719456376', 'Islam', 'Bangladeshi', '0000-00-00', '', 'Sholotaka', '', 'Gangni', 'Meherpur', 'Active', 1, 1, 'none', '2025', ''),
(28, 2506028, 28, 'Md Junaid Bagdadi', 'Md Jahidul Islam', 'Miss Sadia Farjana', 'Male', '01719970704', 'Islam', 'Bangladeshi', '0000-00-00', '', 'Shohorabaria', '', 'Gangni', 'Meherpur', 'Active', 1, 1, 'none', '2025', ''),
(29, 2506029, 29, 'Mst Jannatul Mouwa', 'Md Abdur Rashid', 'Mst Halima Khanom', 'Female', '01725916175', 'Islam', 'Bangladeshi', '0000-00-00', '', 'Motmura', '', 'Gangni', 'Meherpur', 'Active', 1, 1, 'none', '2025', ''),
(30, 2506030, 30, 'Mst Jenat', 'md Abubakkor Siddique', 'Mst Kamrunnahar', 'Female', '01744212256', 'Islam', 'Bangladeshi', '0000-00-00', '', 'Jorepukuria', '', 'Gangni', 'Meherpur', 'Active', 1, 1, 'none', '2025', ''),
(31, 2506031, 31, 'Mst Abu Israt Bushra', 'Md Abu Bakar ', 'MSt Mohsina Parvin', 'Female', '01727158852', 'Islam', 'Bangladeshi', '0000-00-00', '', 'Garabaria', '', 'Gangni', 'Meherpur', 'Active', 1, 1, 'none', '2025', ''),
(32, 2506032, 32, 'Md sanaullah', 'Md Mohibul Huqe', 'Murashida', 'Male', '01305956657', 'Islam', 'Bangladeshi', '0000-00-00', '', 'terail Jorepukuria', '', 'Gangni', 'Meherpur', 'Active', 1, 1, 'none', '2025', ''),
(33, 2506033, 33, 'Mst Jinia aktar ', 'Md Jinarul Islam ', 'Mst sharmin Aktar', 'Female', '01319940408', 'Islam', 'Bangladeshi', '0000-00-00', '', 'Motmura', '', 'Gangni', 'Meherpur', 'Active', 1, 1, 'none', '2025', ''),
(34, 2506034, 34, 'Mst Summa Khatun ', 'MD Abdul Karim', 'Mst Rehana Khatun', 'Female', '01814324146', 'Islam', 'Bangladeshi', '0000-00-00', '', 'Bharat', '', 'Gangni', 'Meherpur', 'Active', 1, 1, 'none', '2025', ''),
(35, 2506035, 35, 'Mst raisa Afrin ', 'MD Biplab Hossen ', 'Mst Razia Khatun', 'Female', '01873683593', 'Islam', 'Bangladeshi', '0000-00-00', '', 'Jorpukuria', '', 'Gangni', 'Meherpur', 'Active', 1, 1, 'none', '2025', ''),
(36, 2506036, 36, 'Mst Tawrin Tabassum', 'Md Gahangir Hasan', 'Mst Helena Khatun', 'Female', '01718655703', 'Islam', 'Bangladeshi', '0000-00-00', '', 'Moheshpur', '', 'Gangni', 'Meherpur', 'Active', 1, 1, 'none', '2025', ''),
(37, 2506037, 37, 'MD Al Imran', 'MdMaruf Hossain', 'Mst Esmotara', 'Male', '01754999166', 'Islam', 'Bangladeshi', '0000-00-00', '', 'Jorepukuria', '', 'Gangni', 'Meherpur', 'Active', 1, 1, 'none', '2025', ''),
(38, 2506038, 38, 'Md Arafat Rahman', 'MD Hasan Ali ', 'Monira Easmin', 'Male', '01726127613', 'Islam', 'Bangladeshi', '0000-00-00', '', 'Jorepukuria', '', 'Gangni', 'Meherpur', 'Active', 1, 1, 'none', '2025', ''),
(39, 2506039, 39, 'Md Galib Ahmed', 'Altab Hossain', 'Mst Ratna Khatun', 'Male', '', 'Islam', 'Bangladeshi', '0000-00-00', '', 'Baot', '', 'Gangni', 'Meherpur', 'Active', 1, 1, 'none', '2025', ''),
(40, 2506040, 40, 'Md Tamim ', 'md Zillur Rohoman', 'Mst Khadija Khatun', 'Male', '01893272418', 'Islam', 'Bangladeshi', '0000-00-00', '', 'terail Jorepukuria', '', 'Gangni', 'Meherpur', 'Active', 1, 1, 'none', '2025', ''),
(41, 2504001, 15, 'Class nine student', 'test', 'test', 'Male', '01', 'Islam', NULL, '2002-02-01', 'A+', 'f sdgfj ', 'f dhf ', ' hf ', 'sd  ', 'Active', 4, 8, 'Science', '2025', '6851a81b49678_fahad_img_1.jpg'),
(42, 2504002, 11, 'Humanities student', 'ha', 'ha', 'Male', '01885926363', 'Islam', NULL, '1996-06-20', 'A+', 'fh sd', 'h f ', ' jkgh ks', ' gjkdfhk', 'Active', 4, 17, 'Humanities', '2025', '6852ab7f75d86_fahad_img.png'),
(43, 2504003, 12, 'business Student', 'kf sk', 'eak k', 'Female', '01885926363', 'Islam', NULL, '2005-02-01', 'A+', 'jk shk', ' h', ' df `', 'jkh k', 'Active', 4, 8, 'Business Studies', '2025', '6852abf4bd1d5_WhatsApp Image 2025-06-13 at 20.37.34_b1508922.png');

-- --------------------------------------------------------

--
-- Table structure for table `student_subjects`
--

CREATE TABLE `student_subjects` (
  `id` int(11) NOT NULL,
  `student_id` int(20) DEFAULT NULL,
  `subject_id` int(11) DEFAULT NULL,
  `created_at` timestamp NOT NULL DEFAULT current_timestamp()
) ENGINE=InnoDB DEFAULT CHARSET=utf8mb4 COLLATE=utf8mb4_unicode_ci;

--
-- Dumping data for table `student_subjects`
--

INSERT INTO `student_subjects` (`id`, `student_id`, `subject_id`, `created_at`) VALUES
(1, 2506040, 1, '2025-06-13 12:02:12'),
(2, 2506040, 2, '2025-06-13 12:02:12'),
(3, 2506040, 3, '2025-06-13 12:02:12'),
(4, 2506040, 4, '2025-06-13 12:02:12'),
(5, 2506040, 5, '2025-06-13 12:02:13'),
(6, 2506040, 6, '2025-06-13 12:02:13'),
(7, 2506040, 7, '2025-06-13 12:02:13'),
(8, 2506040, 8, '2025-06-13 12:02:13'),
(9, 2506040, 9, '2025-06-13 12:02:13'),
(10, 2506040, 10, '2025-06-13 12:02:13'),
(11, 2506039, 1, '2025-06-13 12:02:47'),
(12, 2506039, 2, '2025-06-13 12:02:48'),
(13, 2506039, 3, '2025-06-13 12:02:48'),
(14, 2506039, 4, '2025-06-13 12:02:48'),
(15, 2506039, 5, '2025-06-13 12:02:48'),
(16, 2506039, 6, '2025-06-13 12:02:48'),
(17, 2506039, 7, '2025-06-13 12:02:48'),
(18, 2506039, 8, '2025-06-13 12:02:48'),
(19, 2506039, 9, '2025-06-13 12:02:48'),
(20, 2506039, 10, '2025-06-13 12:02:48'),
(21, 2506038, 1, '2025-06-13 12:02:52'),
(22, 2506038, 2, '2025-06-13 12:02:52'),
(23, 2506038, 3, '2025-06-13 12:02:52'),
(24, 2506038, 4, '2025-06-13 12:02:52'),
(25, 2506038, 5, '2025-06-13 12:02:52'),
(26, 2506038, 6, '2025-06-13 12:02:52'),
(27, 2506038, 7, '2025-06-13 12:02:52'),
(28, 2506038, 8, '2025-06-13 12:02:52'),
(29, 2506038, 9, '2025-06-13 12:02:52'),
(30, 2506038, 10, '2025-06-13 12:02:52'),
(31, 2506037, 1, '2025-06-13 12:03:10'),
(32, 2506037, 2, '2025-06-13 12:03:10'),
(33, 2506037, 3, '2025-06-13 12:03:10'),
(34, 2506037, 4, '2025-06-13 12:03:10'),
(35, 2506037, 5, '2025-06-13 12:03:10'),
(36, 2506037, 6, '2025-06-13 12:03:10'),
(37, 2506037, 7, '2025-06-13 12:03:10'),
(38, 2506037, 8, '2025-06-13 12:03:10'),
(39, 2506037, 9, '2025-06-13 12:03:10'),
(40, 2506037, 10, '2025-06-13 12:03:10'),
(51, 2506036, 1, '2025-06-14 17:47:38'),
(52, 2506036, 2, '2025-06-14 17:47:38'),
(53, 2506036, 3, '2025-06-14 17:47:38'),
(54, 2506036, 4, '2025-06-14 17:47:38'),
(55, 2506036, 5, '2025-06-14 17:47:38'),
(56, 2506036, 6, '2025-06-14 17:47:38'),
(57, 2506036, 7, '2025-06-14 17:47:38'),
(58, 2506036, 8, '2025-06-14 17:47:38'),
(59, 2506036, 9, '2025-06-14 17:47:38'),
(60, 2506036, 10, '2025-06-14 17:47:38'),
(81, 2506033, 1, '2025-06-15 04:12:59'),
(82, 2506033, 2, '2025-06-15 04:12:59'),
(83, 2506033, 3, '2025-06-15 04:12:59'),
(84, 2506033, 4, '2025-06-15 04:12:59'),
(85, 2506033, 5, '2025-06-15 04:12:59'),
(86, 2506033, 6, '2025-06-15 04:12:59'),
(87, 2506033, 7, '2025-06-15 04:12:59'),
(88, 2506033, 8, '2025-06-15 04:12:59'),
(89, 2506033, 9, '2025-06-15 04:12:59'),
(90, 2506033, 10, '2025-06-15 04:12:59'),
(107, 2506002, 1, '2025-06-15 04:27:00'),
(108, 2506002, 2, '2025-06-15 04:27:00'),
(109, 2506002, 3, '2025-06-15 04:27:00'),
(110, 2506002, 4, '2025-06-15 04:27:00'),
(111, 2506002, 5, '2025-06-15 04:27:00'),
(112, 2506002, 6, '2025-06-15 04:27:00'),
(113, 2506002, 7, '2025-06-15 04:27:00'),
(114, 2506002, 8, '2025-06-15 04:27:00'),
(115, 2506002, 9, '2025-06-15 04:27:00'),
(116, 2506002, 10, '2025-06-15 04:27:00'),
(117, 2506001, 1, '2025-06-15 04:27:06'),
(118, 2506001, 2, '2025-06-15 04:27:06'),
(119, 2506001, 3, '2025-06-15 04:27:06'),
(120, 2506001, 4, '2025-06-15 04:27:06'),
(121, 2506001, 5, '2025-06-15 04:27:06'),
(122, 2506001, 6, '2025-06-15 04:27:06'),
(123, 2506001, 7, '2025-06-15 04:27:06'),
(124, 2506001, 8, '2025-06-15 04:27:06'),
(125, 2506001, 9, '2025-06-15 04:27:06'),
(126, 2506001, 10, '2025-06-15 04:27:06'),
(127, 2506034, 1, '2025-06-15 04:27:13'),
(128, 2506034, 2, '2025-06-15 04:27:13'),
(129, 2506034, 3, '2025-06-15 04:27:13'),
(130, 2506034, 4, '2025-06-15 04:27:13'),
(131, 2506034, 5, '2025-06-15 04:27:13'),
(132, 2506034, 6, '2025-06-15 04:27:13'),
(133, 2506034, 7, '2025-06-15 04:27:13'),
(134, 2506034, 8, '2025-06-15 04:27:13'),
(135, 2506034, 9, '2025-06-15 04:27:13'),
(136, 2506034, 10, '2025-06-15 04:27:13'),
(137, 2506035, 1, '2025-06-15 04:27:21'),
(138, 2506035, 2, '2025-06-15 04:27:21'),
(139, 2506035, 3, '2025-06-15 04:27:21'),
(140, 2506035, 4, '2025-06-15 04:27:21'),
(141, 2506035, 5, '2025-06-15 04:27:21'),
(142, 2506035, 6, '2025-06-15 04:27:21'),
(143, 2506035, 7, '2025-06-15 04:27:21'),
(144, 2506035, 8, '2025-06-15 04:27:21'),
(145, 2506035, 9, '2025-06-15 04:27:21'),
(146, 2506035, 10, '2025-06-15 04:27:21'),
(147, 2506032, 1, '2025-06-15 04:54:21'),
(148, 2506032, 2, '2025-06-15 04:54:21'),
(149, 2506032, 3, '2025-06-15 04:54:21'),
(150, 2506032, 4, '2025-06-15 04:54:21'),
(151, 2506032, 5, '2025-06-15 04:54:21'),
(152, 2506032, 6, '2025-06-15 04:54:21'),
(153, 2506032, 7, '2025-06-15 04:54:21'),
(154, 2506032, 8, '2025-06-15 04:54:21'),
(155, 2506032, 9, '2025-06-15 04:54:21'),
(156, 2506032, 10, '2025-06-15 04:54:21'),
(157, 2506031, 1, '2025-06-15 04:54:26'),
(158, 2506031, 2, '2025-06-15 04:54:26'),
(159, 2506031, 3, '2025-06-15 04:54:26'),
(160, 2506031, 4, '2025-06-15 04:54:26'),
(161, 2506031, 5, '2025-06-15 04:54:26'),
(162, 2506031, 6, '2025-06-15 04:54:26'),
(163, 2506031, 7, '2025-06-15 04:54:26'),
(164, 2506031, 8, '2025-06-15 04:54:26'),
(165, 2506031, 9, '2025-06-15 04:54:26'),
(166, 2506031, 10, '2025-06-15 04:54:26'),
(167, 2506030, 1, '2025-06-15 04:54:33'),
(168, 2506030, 2, '2025-06-15 04:54:33'),
(169, 2506030, 3, '2025-06-15 04:54:33'),
(170, 2506030, 4, '2025-06-15 04:54:33'),
(171, 2506030, 5, '2025-06-15 04:54:33'),
(172, 2506030, 6, '2025-06-15 04:54:33'),
(173, 2506030, 7, '2025-06-15 04:54:33'),
(174, 2506030, 8, '2025-06-15 04:54:33'),
(175, 2506030, 9, '2025-06-15 04:54:33'),
(176, 2506030, 10, '2025-06-15 04:54:33'),
(177, 2506029, 1, '2025-06-15 04:54:38'),
(178, 2506029, 2, '2025-06-15 04:54:38'),
(179, 2506029, 3, '2025-06-15 04:54:38'),
(180, 2506029, 4, '2025-06-15 04:54:38'),
(181, 2506029, 5, '2025-06-15 04:54:38'),
(182, 2506029, 6, '2025-06-15 04:54:38'),
(183, 2506029, 7, '2025-06-15 04:54:38'),
(184, 2506029, 8, '2025-06-15 04:54:38'),
(185, 2506029, 9, '2025-06-15 04:54:38'),
(186, 2506029, 10, '2025-06-15 04:54:38'),
(187, 2506028, 1, '2025-06-15 04:54:44'),
(188, 2506028, 2, '2025-06-15 04:54:44'),
(189, 2506028, 3, '2025-06-15 04:54:44'),
(190, 2506028, 4, '2025-06-15 04:54:44'),
(191, 2506028, 5, '2025-06-15 04:54:44'),
(192, 2506028, 6, '2025-06-15 04:54:44'),
(193, 2506028, 7, '2025-06-15 04:54:44'),
(194, 2506028, 8, '2025-06-15 04:54:44'),
(195, 2506028, 9, '2025-06-15 04:54:44'),
(196, 2506028, 10, '2025-06-15 04:54:44'),
(197, 2506027, 1, '2025-06-15 04:54:51'),
(198, 2506027, 2, '2025-06-15 04:54:51'),
(199, 2506027, 3, '2025-06-15 04:54:51'),
(200, 2506027, 4, '2025-06-15 04:54:51'),
(201, 2506027, 5, '2025-06-15 04:54:51'),
(202, 2506027, 6, '2025-06-15 04:54:51'),
(203, 2506027, 7, '2025-06-15 04:54:51'),
(204, 2506027, 8, '2025-06-15 04:54:51'),
(205, 2506027, 9, '2025-06-15 04:54:51'),
(206, 2506027, 10, '2025-06-15 04:54:51'),
(207, 2506026, 1, '2025-06-15 04:55:04'),
(208, 2506026, 2, '2025-06-15 04:55:04'),
(209, 2506026, 3, '2025-06-15 04:55:04'),
(210, 2506026, 4, '2025-06-15 04:55:04'),
(211, 2506026, 5, '2025-06-15 04:55:04'),
(212, 2506026, 6, '2025-06-15 04:55:04'),
(213, 2506026, 7, '2025-06-15 04:55:04'),
(214, 2506026, 8, '2025-06-15 04:55:04'),
(215, 2506026, 9, '2025-06-15 04:55:04'),
(216, 2506026, 10, '2025-06-15 04:55:04'),
(217, 2506025, 1, '2025-06-15 04:55:14'),
(218, 2506025, 2, '2025-06-15 04:55:14'),
(219, 2506025, 3, '2025-06-15 04:55:14'),
(220, 2506025, 4, '2025-06-15 04:55:14'),
(221, 2506025, 5, '2025-06-15 04:55:14'),
(222, 2506025, 6, '2025-06-15 04:55:14'),
(223, 2506025, 7, '2025-06-15 04:55:14'),
(224, 2506025, 8, '2025-06-15 04:55:14'),
(225, 2506025, 9, '2025-06-15 04:55:14'),
(226, 2506025, 10, '2025-06-15 04:55:14'),
(227, 2506024, 1, '2025-06-15 04:55:20'),
(228, 2506024, 2, '2025-06-15 04:55:20'),
(229, 2506024, 3, '2025-06-15 04:55:20'),
(230, 2506024, 4, '2025-06-15 04:55:20'),
(231, 2506024, 5, '2025-06-15 04:55:20'),
(232, 2506024, 6, '2025-06-15 04:55:20'),
(233, 2506024, 7, '2025-06-15 04:55:20'),
(234, 2506024, 8, '2025-06-15 04:55:20'),
(235, 2506024, 9, '2025-06-15 04:55:20'),
(236, 2506024, 10, '2025-06-15 04:55:20'),
(237, 2506023, 1, '2025-06-15 04:55:26'),
(238, 2506023, 2, '2025-06-15 04:55:26'),
(239, 2506023, 3, '2025-06-15 04:55:26'),
(240, 2506023, 4, '2025-06-15 04:55:26'),
(241, 2506023, 5, '2025-06-15 04:55:26'),
(242, 2506023, 6, '2025-06-15 04:55:26'),
(243, 2506023, 7, '2025-06-15 04:55:26'),
(244, 2506023, 8, '2025-06-15 04:55:26'),
(245, 2506023, 9, '2025-06-15 04:55:26'),
(246, 2506023, 10, '2025-06-15 04:55:26'),
(247, 2506022, 1, '2025-06-15 04:55:33'),
(248, 2506022, 2, '2025-06-15 04:55:33'),
(249, 2506022, 3, '2025-06-15 04:55:33'),
(250, 2506022, 4, '2025-06-15 04:55:33'),
(251, 2506022, 5, '2025-06-15 04:55:33'),
(252, 2506022, 6, '2025-06-15 04:55:33'),
(253, 2506022, 7, '2025-06-15 04:55:33'),
(254, 2506022, 8, '2025-06-15 04:55:33'),
(255, 2506022, 9, '2025-06-15 04:55:33'),
(256, 2506022, 10, '2025-06-15 04:55:33'),
(257, 2506021, 1, '2025-06-15 04:55:56'),
(258, 2506021, 2, '2025-06-15 04:55:56'),
(259, 2506021, 3, '2025-06-15 04:55:56'),
(260, 2506021, 4, '2025-06-15 04:55:56'),
(261, 2506021, 5, '2025-06-15 04:55:56'),
(262, 2506021, 6, '2025-06-15 04:55:56'),
(263, 2506021, 7, '2025-06-15 04:55:56'),
(264, 2506021, 8, '2025-06-15 04:55:56'),
(265, 2506021, 9, '2025-06-15 04:55:56'),
(266, 2506021, 10, '2025-06-15 04:55:56'),
(267, 2506003, 1, '2025-06-15 06:10:33'),
(268, 2506003, 2, '2025-06-15 06:10:33'),
(269, 2506003, 3, '2025-06-15 06:10:33'),
(270, 2506003, 4, '2025-06-15 06:10:33'),
(271, 2506003, 5, '2025-06-15 06:10:33'),
(272, 2506003, 6, '2025-06-15 06:10:33'),
(273, 2506003, 7, '2025-06-15 06:10:33'),
(274, 2506003, 8, '2025-06-15 06:10:33'),
(275, 2506003, 9, '2025-06-15 06:10:33'),
(276, 2506003, 10, '2025-06-15 06:10:33'),
(277, 2506020, 1, '2025-06-15 06:10:37'),
(278, 2506020, 2, '2025-06-15 06:10:37'),
(279, 2506020, 3, '2025-06-15 06:10:37'),
(280, 2506020, 4, '2025-06-15 06:10:37'),
(281, 2506020, 5, '2025-06-15 06:10:37'),
(282, 2506020, 6, '2025-06-15 06:10:37'),
(283, 2506020, 7, '2025-06-15 06:10:37'),
(284, 2506020, 8, '2025-06-15 06:10:37'),
(285, 2506020, 9, '2025-06-15 06:10:37'),
(286, 2506020, 10, '2025-06-15 06:10:37'),
(296, 2506018, 1, '2025-06-15 06:10:58'),
(297, 2506018, 2, '2025-06-15 06:10:58'),
(298, 2506018, 3, '2025-06-15 06:10:58'),
(299, 2506018, 4, '2025-06-15 06:10:58'),
(300, 2506018, 5, '2025-06-15 06:10:58'),
(301, 2506018, 6, '2025-06-15 06:10:58'),
(302, 2506018, 7, '2025-06-15 06:10:58'),
(303, 2506018, 8, '2025-06-15 06:10:58'),
(304, 2506018, 9, '2025-06-15 06:10:58'),
(305, 2506018, 10, '2025-06-15 06:10:58'),
(306, 2506019, 1, '2025-06-15 06:11:02'),
(307, 2506019, 2, '2025-06-15 06:11:02'),
(308, 2506019, 3, '2025-06-15 06:11:02'),
(309, 2506019, 4, '2025-06-15 06:11:02'),
(310, 2506019, 5, '2025-06-15 06:11:02'),
(311, 2506019, 6, '2025-06-15 06:11:02'),
(312, 2506019, 7, '2025-06-15 06:11:02'),
(313, 2506019, 8, '2025-06-15 06:11:02'),
(314, 2506019, 9, '2025-06-15 06:11:02'),
(315, 2506019, 10, '2025-06-15 06:11:02'),
(316, 2506016, 1, '2025-06-15 06:11:04'),
(317, 2506016, 2, '2025-06-15 06:11:04'),
(318, 2506016, 3, '2025-06-15 06:11:04'),
(319, 2506016, 4, '2025-06-15 06:11:04'),
(320, 2506016, 5, '2025-06-15 06:11:04'),
(321, 2506016, 6, '2025-06-15 06:11:04'),
(322, 2506016, 7, '2025-06-15 06:11:04'),
(323, 2506016, 8, '2025-06-15 06:11:04'),
(324, 2506016, 9, '2025-06-15 06:11:04'),
(325, 2506016, 10, '2025-06-15 06:11:04'),
(326, 2506015, 1, '2025-06-15 06:11:09'),
(327, 2506015, 2, '2025-06-15 06:11:09'),
(328, 2506015, 3, '2025-06-15 06:11:09'),
(329, 2506015, 4, '2025-06-15 06:11:09'),
(330, 2506015, 5, '2025-06-15 06:11:09'),
(331, 2506015, 6, '2025-06-15 06:11:09'),
(332, 2506015, 7, '2025-06-15 06:11:09'),
(333, 2506015, 8, '2025-06-15 06:11:09'),
(334, 2506015, 9, '2025-06-15 06:11:09'),
(335, 2506015, 10, '2025-06-15 06:11:09'),
(336, 2506017, 1, '2025-06-15 06:11:32'),
(337, 2506017, 2, '2025-06-15 06:11:32'),
(338, 2506017, 3, '2025-06-15 06:11:32'),
(339, 2506017, 4, '2025-06-15 06:11:32'),
(340, 2506017, 5, '2025-06-15 06:11:32'),
(341, 2506017, 6, '2025-06-15 06:11:32'),
(342, 2506017, 7, '2025-06-15 06:11:32'),
(343, 2506017, 8, '2025-06-15 06:11:32'),
(344, 2506017, 9, '2025-06-15 06:11:32'),
(345, 2506017, 10, '2025-06-15 06:11:32'),
(346, 2506014, 1, '2025-06-15 06:11:39'),
(347, 2506014, 2, '2025-06-15 06:11:39'),
(348, 2506014, 3, '2025-06-15 06:11:39'),
(349, 2506014, 4, '2025-06-15 06:11:39'),
(350, 2506014, 5, '2025-06-15 06:11:39'),
(351, 2506014, 6, '2025-06-15 06:11:39'),
(352, 2506014, 7, '2025-06-15 06:11:39'),
(353, 2506014, 8, '2025-06-15 06:11:39'),
(354, 2506014, 9, '2025-06-15 06:11:39'),
(355, 2506014, 10, '2025-06-15 06:11:39'),
(356, 2506013, 1, '2025-06-15 06:11:48'),
(357, 2506013, 2, '2025-06-15 06:11:48'),
(358, 2506013, 3, '2025-06-15 06:11:48'),
(359, 2506013, 4, '2025-06-15 06:11:48'),
(360, 2506013, 5, '2025-06-15 06:11:48'),
(361, 2506013, 6, '2025-06-15 06:11:48'),
(362, 2506013, 7, '2025-06-15 06:11:48'),
(363, 2506013, 8, '2025-06-15 06:11:48'),
(364, 2506013, 9, '2025-06-15 06:11:48'),
(365, 2506013, 10, '2025-06-15 06:11:48'),
(366, 2506012, 1, '2025-06-15 06:11:54'),
(367, 2506012, 2, '2025-06-15 06:11:54'),
(368, 2506012, 3, '2025-06-15 06:11:54'),
(369, 2506012, 4, '2025-06-15 06:11:54'),
(370, 2506012, 5, '2025-06-15 06:11:54'),
(371, 2506012, 6, '2025-06-15 06:11:54'),
(372, 2506012, 7, '2025-06-15 06:11:54'),
(373, 2506012, 8, '2025-06-15 06:11:54'),
(374, 2506012, 9, '2025-06-15 06:11:54'),
(375, 2506012, 10, '2025-06-15 06:11:54'),
(376, 2506011, 1, '2025-06-15 06:11:56'),
(377, 2506011, 2, '2025-06-15 06:11:56'),
(378, 2506011, 3, '2025-06-15 06:11:56'),
(379, 2506011, 4, '2025-06-15 06:11:56'),
(380, 2506011, 5, '2025-06-15 06:11:56'),
(381, 2506011, 6, '2025-06-15 06:11:56'),
(382, 2506011, 7, '2025-06-15 06:11:56'),
(383, 2506011, 8, '2025-06-15 06:11:56'),
(384, 2506011, 9, '2025-06-15 06:11:56'),
(385, 2506011, 10, '2025-06-15 06:11:56'),
(386, 2506010, 1, '2025-06-15 06:11:58'),
(387, 2506010, 2, '2025-06-15 06:11:58'),
(388, 2506010, 3, '2025-06-15 06:11:58'),
(389, 2506010, 4, '2025-06-15 06:11:58'),
(390, 2506010, 5, '2025-06-15 06:11:58'),
(391, 2506010, 6, '2025-06-15 06:11:58'),
(392, 2506010, 7, '2025-06-15 06:11:58'),
(393, 2506010, 8, '2025-06-15 06:11:58'),
(394, 2506010, 9, '2025-06-15 06:11:58'),
(395, 2506010, 10, '2025-06-15 06:11:58'),
(396, 2506009, 1, '2025-06-15 06:11:59'),
(397, 2506009, 2, '2025-06-15 06:11:59'),
(398, 2506009, 3, '2025-06-15 06:11:59'),
(399, 2506009, 4, '2025-06-15 06:11:59'),
(400, 2506009, 5, '2025-06-15 06:11:59'),
(401, 2506009, 6, '2025-06-15 06:11:59'),
(402, 2506009, 7, '2025-06-15 06:11:59'),
(403, 2506009, 8, '2025-06-15 06:11:59'),
(404, 2506009, 9, '2025-06-15 06:11:59'),
(405, 2506009, 10, '2025-06-15 06:11:59'),
(406, 2506008, 1, '2025-06-15 06:12:18'),
(407, 2506008, 2, '2025-06-15 06:12:18'),
(408, 2506008, 3, '2025-06-15 06:12:18'),
(409, 2506008, 4, '2025-06-15 06:12:18'),
(410, 2506008, 5, '2025-06-15 06:12:18'),
(411, 2506008, 6, '2025-06-15 06:12:18'),
(412, 2506008, 7, '2025-06-15 06:12:18'),
(413, 2506008, 8, '2025-06-15 06:12:18'),
(414, 2506008, 9, '2025-06-15 06:12:18'),
(415, 2506008, 10, '2025-06-15 06:12:18'),
(416, 2506007, 1, '2025-06-15 06:12:20'),
(417, 2506007, 2, '2025-06-15 06:12:20'),
(418, 2506007, 3, '2025-06-15 06:12:20'),
(419, 2506007, 4, '2025-06-15 06:12:20'),
(420, 2506007, 5, '2025-06-15 06:12:20'),
(421, 2506007, 6, '2025-06-15 06:12:20'),
(422, 2506007, 7, '2025-06-15 06:12:20'),
(423, 2506007, 8, '2025-06-15 06:12:20'),
(424, 2506007, 9, '2025-06-15 06:12:20'),
(425, 2506007, 10, '2025-06-15 06:12:20'),
(426, 2506006, 1, '2025-06-15 06:12:22'),
(427, 2506006, 2, '2025-06-15 06:12:22'),
(428, 2506006, 3, '2025-06-15 06:12:22'),
(429, 2506006, 4, '2025-06-15 06:12:22'),
(430, 2506006, 5, '2025-06-15 06:12:22'),
(431, 2506006, 6, '2025-06-15 06:12:22'),
(432, 2506006, 7, '2025-06-15 06:12:22'),
(433, 2506006, 8, '2025-06-15 06:12:22'),
(434, 2506006, 9, '2025-06-15 06:12:22'),
(435, 2506006, 10, '2025-06-15 06:12:22'),
(436, 2506005, 1, '2025-06-15 06:12:25'),
(437, 2506005, 2, '2025-06-15 06:12:25'),
(438, 2506005, 3, '2025-06-15 06:12:25'),
(439, 2506005, 4, '2025-06-15 06:12:25'),
(440, 2506005, 5, '2025-06-15 06:12:25'),
(441, 2506005, 6, '2025-06-15 06:12:25'),
(442, 2506005, 7, '2025-06-15 06:12:25'),
(443, 2506005, 8, '2025-06-15 06:12:25'),
(444, 2506005, 9, '2025-06-15 06:12:25'),
(445, 2506005, 10, '2025-06-15 06:12:25'),
(446, 2506004, 1, '2025-06-15 06:12:27'),
(447, 2506004, 2, '2025-06-15 06:12:27'),
(448, 2506004, 3, '2025-06-15 06:12:27'),
(449, 2506004, 4, '2025-06-15 06:12:27'),
(450, 2506004, 5, '2025-06-15 06:12:27'),
(451, 2506004, 6, '2025-06-15 06:12:27'),
(452, 2506004, 7, '2025-06-15 06:12:27'),
(453, 2506004, 8, '2025-06-15 06:12:27'),
(454, 2506004, 9, '2025-06-15 06:12:27'),
(455, 2506004, 10, '2025-06-15 06:12:27'),
(456, 2504001, 47, '2025-06-18 12:03:39'),
(457, 2504001, 48, '2025-06-18 12:03:39'),
(458, 2504001, 49, '2025-06-18 12:03:39'),
(459, 2504001, 50, '2025-06-18 12:03:39'),
(460, 2504001, 51, '2025-06-18 12:03:39'),
(461, 2504001, 52, '2025-06-18 12:03:39'),
(462, 2504001, 54, '2025-06-18 12:03:40'),
(463, 2504001, 55, '2025-06-18 12:03:40'),
(464, 2504001, 59, '2025-06-18 12:03:40'),
(465, 2504001, 60, '2025-06-18 12:03:40'),
(466, 2504001, 61, '2025-06-18 12:03:40'),
(467, 2504001, 62, '2025-06-18 12:03:40'),
(468, 2504002, 47, '2025-06-18 12:06:08'),
(469, 2504002, 48, '2025-06-18 12:06:08'),
(470, 2504002, 49, '2025-06-18 12:06:08'),
(471, 2504002, 50, '2025-06-18 12:06:08'),
(472, 2504002, 51, '2025-06-18 12:06:08'),
(473, 2504002, 52, '2025-06-18 12:06:08'),
(474, 2504002, 53, '2025-06-18 12:06:08'),
(475, 2504002, 55, '2025-06-18 12:06:08'),
(476, 2504002, 56, '2025-06-18 12:06:08'),
(477, 2504002, 57, '2025-06-18 12:06:08'),
(478, 2504002, 58, '2025-06-18 12:06:08'),
(479, 2504002, 66, '2025-06-18 12:06:08'),
(480, 2504003, 47, '2025-06-18 12:08:27'),
(481, 2504003, 48, '2025-06-18 12:08:27'),
(482, 2504003, 49, '2025-06-18 12:08:27'),
(483, 2504003, 50, '2025-06-18 12:08:27'),
(484, 2504003, 51, '2025-06-18 12:08:27'),
(485, 2504003, 52, '2025-06-18 12:08:27'),
(486, 2504003, 53, '2025-06-18 12:08:27'),
(487, 2504003, 55, '2025-06-18 12:08:27'),
(488, 2504003, 63, '2025-06-18 12:08:27'),
(489, 2504003, 64, '2025-06-18 12:08:27'),
(490, 2504003, 65, '2025-06-18 12:08:27'),
(491, 2504003, 66, '2025-06-18 12:08:27');

-- --------------------------------------------------------

--
-- Table structure for table `subjects`
--

CREATE TABLE `subjects` (
  `id` int(11) NOT NULL,
  `class_id` int(20) DEFAULT NULL,
  `subject_name` varchar(100) NOT NULL,
  `subject_code` int(50) DEFAULT NULL,
  `subject_type` enum('Compulsory','Optional') DEFAULT NULL,
  `group` varchar(50) DEFAULT NULL,
  `status` enum('Active','Inactive') DEFAULT 'Active',
  `default_marks` int(11) DEFAULT 100,
  `has_creative` tinyint(1) DEFAULT 1,
  `has_objective` tinyint(1) DEFAULT 1,
  `has_practical` tinyint(1) DEFAULT 0
) ENGINE=InnoDB DEFAULT CHARSET=utf8mb4 COLLATE=utf8mb4_general_ci;

--
-- Dumping data for table `subjects`
--

INSERT INTO `subjects` (`id`, `class_id`, `subject_name`, `subject_code`, `subject_type`, `group`, `status`, `default_marks`, `has_creative`, `has_objective`, `has_practical`) VALUES
(1, 1, 'Bangla I', 101, 'Compulsory', 'none', 'Active', 100, 1, 1, 0),
(2, 1, 'Bangla II', 102, 'Compulsory', 'none', 'Active', 50, 1, 1, 0),
(3, 1, 'English I', 107, 'Compulsory', 'none', 'Active', 100, 1, 0, 0),
(4, 1, 'English II', 108, 'Compulsory', 'none', 'Active', 50, 1, 0, 0),
(5, 1, 'Mathematics', 109, 'Compulsory', 'none', 'Active', 100, 1, 1, 0),
(6, 1, 'Religion', 111, 'Compulsory', 'none', 'Active', 100, 1, 1, 0),
(7, 1, 'Bangladesh And Global Studies', 150, 'Compulsory', 'none', 'Active', 100, 1, 1, 0),
(8, 1, 'Science', 127, 'Compulsory', 'none', 'Active', 100, 1, 1, 0),
(9, 1, 'Information And Communication Technology', 154, 'Compulsory', 'none', 'Active', 50, 1, 0, 1),
(10, 1, 'Physical Education and Health', 147, 'Compulsory', 'none', 'Active', 50, 0, 0, 1),
(11, 2, 'Bangla I', 101, 'Compulsory', 'none', 'Active', 100, 1, 1, 0),
(12, 2, 'Bangla II', 102, 'Compulsory', 'none', 'Active', 50, 1, 1, 0),
(13, 2, 'English I', 107, 'Compulsory', 'none', 'Active', 100, 1, 0, 0),
(14, 2, 'English II', 108, 'Compulsory', 'none', 'Active', 50, 1, 0, 0),
(15, 2, 'Mathematics', 109, 'Compulsory', 'none', 'Active', 100, 1, 1, 0),
(16, 2, 'Religion', 111, 'Compulsory', 'none', 'Active', 100, 1, 1, 0),
(17, 2, 'Bangladesh And Global Studies', 150, 'Compulsory', 'none', 'Active', 100, 1, 1, 0),
(18, 2, 'Science', 127, 'Compulsory', 'none', 'Active', 100, 1, 1, 0),
(19, 2, 'Information And Communication Technology', 154, 'Compulsory', 'none', 'Active', 50, 1, 0, 1),
(20, 2, 'Physical Education and Health', 147, 'Optional', 'none', 'Active', 50, 0, 0, 1),
(21, 3, 'Bangla I', 101, 'Compulsory', 'none', 'Active', 100, 1, 1, 0),
(22, 3, 'Bangla II', 102, 'Compulsory', 'none', 'Active', 50, 1, 1, 0),
(23, 3, 'English I', 107, 'Compulsory', 'none', 'Active', 100, 1, 0, 0),
(24, 3, 'English II', 108, 'Compulsory', 'none', 'Active', 50, 1, 0, 0),
(25, 3, 'Mathematics', 109, 'Compulsory', 'none', 'Active', 100, 1, 1, 0),
(26, 3, 'Religion', 111, 'Compulsory', 'none', 'Active', 100, 1, 1, 0),
(27, 3, 'Bangladesh And Global Studies', 150, 'Compulsory', 'none', 'Active', 100, 1, 1, 0),
(28, 3, 'Science', 127, 'Compulsory', 'none', 'Active', 100, 1, 1, 0),
(29, 3, 'Information And Communication Technology', 154, 'Compulsory', 'none', 'Active', 50, 1, 0, 1),
(30, 3, 'Physical Education and Health', 147, 'Optional', 'none', 'Active', 50, 0, 0, 1),
(47, 4, 'Bangla I', 101, NULL, NULL, 'Active', 100, 1, 1, 0),
(48, 4, 'Bangla II', 102, NULL, NULL, 'Active', 100, 1, 1, 0),
(49, 4, 'English I', 107, NULL, NULL, 'Active', 100, 1, 0, 0),
(50, 4, 'English II', 108, NULL, NULL, 'Active', 100, 1, 0, 0),
(51, 4, 'Mathematics', 109, NULL, NULL, 'Active', 100, 1, 1, 0),
(52, 4, 'Religion', 111, NULL, NULL, 'Active', 100, 1, 1, 0),
(53, 4, 'General Science', 127, NULL, NULL, 'Active', 100, 1, 1, 0),
(54, 4, 'Bangladesh And Global Studies', 150, NULL, NULL, 'Active', 100, 1, 1, 0),
(55, 4, 'Information And Communication Technology', 154, NULL, NULL, 'Active', 50, 0, 1, 1),
(56, 4, 'History Of Bangladesh And World Civilization', 153, NULL, NULL, 'Active', 100, 1, 1, 0),
(57, 4, 'Geography And Environment', 110, NULL, NULL, 'Active', 100, 1, 1, 0),
(58, 4, 'Civics And Citizenship', 140, NULL, NULL, 'Active', 100, 1, 1, 0),
(59, 4, 'Physics', 136, NULL, NULL, 'Active', 100, 1, 1, 1),
(60, 4, 'Chemistry', 137, NULL, NULL, 'Active', 100, 1, 1, 1),
(61, 4, 'Biology', 138, NULL, NULL, 'Active', 100, 1, 1, 1),
(62, 4, 'Higher Mathematics', 126, NULL, NULL, 'Active', 100, 1, 1, 1),
(63, 4, 'Business Entrepreneurship', 143, NULL, NULL, 'Active', 100, 1, 1, 0),
(64, 4, 'Accounting', 146, NULL, NULL, 'Active', 100, 1, 1, 0),
(65, 4, 'Finance And Banking', 152, NULL, NULL, 'Active', 100, 1, 1, 0),
(66, 4, 'Agriculture Studies', 134, NULL, NULL, 'Active', 100, 1, 1, 1);

-- --------------------------------------------------------

--
-- Table structure for table `subject_group_map`
--

CREATE TABLE `subject_group_map` (
  `id` int(11) NOT NULL,
  `class_id` int(10) DEFAULT NULL,
  `subject_id` int(11) NOT NULL,
  `group_name` varchar(50) NOT NULL,
  `type` enum('Compulsory','Optional') NOT NULL DEFAULT 'Compulsory'
) ENGINE=InnoDB DEFAULT CHARSET=utf8mb4 COLLATE=utf8mb4_unicode_ci;

--
-- Dumping data for table `subject_group_map`
--

INSERT INTO `subject_group_map` (`id`, `class_id`, `subject_id`, `group_name`, `type`) VALUES
(1, 1, 1, 'none', 'Compulsory'),
(2, 1, 2, 'none', 'Compulsory'),
(3, 1, 3, 'none', 'Compulsory'),
(4, 1, 4, 'none', 'Compulsory'),
(5, 1, 5, 'none', 'Compulsory'),
(6, 1, 6, 'none', 'Compulsory'),
(7, 1, 7, 'none', 'Compulsory'),
(8, 1, 8, 'none', 'Compulsory'),
(9, 1, 9, 'none', 'Compulsory'),
(10, 1, 10, 'none', 'Compulsory'),
(11, 2, 11, 'none', 'Compulsory'),
(12, 2, 12, 'none', 'Compulsory'),
(13, 2, 13, 'none', 'Compulsory'),
(14, 2, 14, 'none', 'Compulsory'),
(15, 2, 15, 'none', 'Compulsory'),
(16, 2, 16, 'none', 'Compulsory'),
(17, 2, 17, 'none', 'Compulsory'),
(18, 2, 18, 'none', 'Compulsory'),
(19, 2, 19, 'none', 'Compulsory'),
(20, 2, 20, 'none', 'Compulsory'),
(21, 3, 21, 'none', 'Compulsory'),
(22, 3, 22, 'none', 'Compulsory'),
(23, 3, 23, 'none', 'Compulsory'),
(24, 3, 24, 'none', 'Compulsory'),
(25, 3, 25, 'none', 'Compulsory'),
(26, 3, 26, 'none', 'Compulsory'),
(27, 3, 27, 'none', 'Compulsory'),
(28, 3, 28, 'none', 'Compulsory'),
(29, 3, 29, 'none', 'Compulsory'),
(30, 3, 30, 'none', 'Compulsory'),
(85, 4, 53, 'Humanities', 'Compulsory'),
(86, 4, 53, 'Business Studies', 'Compulsory'),
(87, 5, 53, 'Humanities', 'Compulsory'),
(88, 5, 53, 'Business Studies', 'Compulsory'),
(89, 4, 54, 'Science', 'Compulsory'),
(90, 5, 54, 'Science', 'Compulsory'),
(97, 4, 56, 'Humanities', 'Compulsory'),
(98, 5, 56, 'Humanities', 'Compulsory'),
(101, 4, 58, 'Humanities', 'Compulsory'),
(102, 5, 58, 'Humanities', 'Compulsory'),
(103, 4, 59, 'Science', 'Compulsory'),
(104, 5, 59, 'Science', 'Compulsory'),
(105, 4, 60, 'Science', 'Compulsory'),
(106, 5, 60, 'Science', 'Compulsory'),
(107, 4, 61, 'Science', 'Compulsory'),
(108, 4, 61, 'Science', 'Optional'),
(109, 5, 61, 'Science', 'Compulsory'),
(110, 5, 61, 'Science', 'Optional'),
(111, 4, 62, 'Science', 'Compulsory'),
(112, 4, 62, 'Science', 'Optional'),
(113, 5, 62, 'Science', 'Compulsory'),
(114, 5, 62, 'Science', 'Optional'),
(115, 4, 63, 'Business Studies', 'Compulsory'),
(116, 5, 63, 'Business Studies', 'Compulsory'),
(117, 4, 64, 'Business Studies', 'Compulsory'),
(118, 5, 64, 'Business Studies', 'Compulsory'),
(119, 4, 65, 'Business Studies', 'Compulsory'),
(120, 5, 65, 'Business Studies', 'Compulsory'),
(121, 4, 66, 'Humanities', 'Optional'),
(122, 4, 66, 'Business Studies', 'Optional'),
(123, 5, 66, 'Humanities', 'Optional'),
(124, 5, 66, 'Business Studies', 'Optional'),
(125, 4, 57, 'Humanities', 'Compulsory'),
(126, 5, 57, 'Humanities', 'Compulsory'),
(127, 4, 47, 'none', 'Compulsory'),
(128, 5, 47, 'none', 'Compulsory'),
(131, 4, 50, 'none', 'Compulsory'),
(132, 5, 50, 'none', 'Compulsory'),
(134, 4, 48, 'none', 'Compulsory'),
(135, 5, 48, 'none', 'Compulsory'),
(136, 4, 49, 'none', 'Compulsory'),
(137, 5, 49, 'none', 'Compulsory'),
(138, 4, 52, 'none', 'Compulsory'),
(139, 5, 52, 'none', 'Compulsory'),
(140, 4, 51, 'none', 'Compulsory'),
(141, 5, 51, 'none', 'Compulsory'),
(142, 4, 55, 'none', 'Compulsory'),
(143, 5, 55, 'none', 'Compulsory');

-- --------------------------------------------------------

--
-- Table structure for table `teachers`
--

CREATE TABLE `teachers` (
  `id` int(11) NOT NULL,
  `name` varchar(100) NOT NULL,
  `subject` varchar(100) DEFAULT NULL,
  `contact` varchar(20) DEFAULT NULL,
  `email` varchar(100) DEFAULT NULL,
  `address` text DEFAULT NULL,
  `photo` varchar(255) DEFAULT NULL,
  `created_at` timestamp NOT NULL DEFAULT current_timestamp()
) ENGINE=InnoDB DEFAULT CHARSET=utf8mb4 COLLATE=utf8mb4_general_ci;

-- --------------------------------------------------------

--
-- Table structure for table `users`
--

CREATE TABLE `users` (
  `id` int(11) NOT NULL,
  `username` varchar(50) NOT NULL,
  `password` varchar(255) NOT NULL,
  `name` varchar(100) NOT NULL,
  `role` enum('super_admin','teacher') NOT NULL,
  `created_at` timestamp NOT NULL DEFAULT current_timestamp()
) ENGINE=InnoDB DEFAULT CHARSET=utf8mb4 COLLATE=utf8mb4_general_ci;

--
-- Dumping data for table `users`
--

INSERT INTO `users` (`id`, `username`, `password`, `name`, `role`, `created_at`) VALUES
(2, 'teacher1', '$2y$10$kz5qKM/JQjqZ/OMGoUV0xuPHOPG77yOHf5M78nTx09nq6uH0N4Oa6', 'Teacher One', 'teacher', '2025-06-08 14:59:53'),
(3, 'admin', '$2y$10$vEo4nuf6aMepxTy0Q1Scge7SQAh7grf2UC96rMEhE9qUabx85VWnm', '', 'super_admin', '2025-06-08 15:10:46'),
(4, 'ah', '$2y$10$PAOQhIMTG8MmzeFL5fvnZ.bOE0cwo3GaFUKxNUIuXyw4Uu7eS643G', '', 'teacher', '2025-06-08 15:34:21');

--
-- Indexes for dumped tables
--

--
-- Indexes for table `attendance`
--
ALTER TABLE `attendance`
  ADD PRIMARY KEY (`id`),
  ADD KEY `student_id` (`student_id`);

--
-- Indexes for table `classes`
--
ALTER TABLE `classes`
  ADD PRIMARY KEY (`id`),
  ADD UNIQUE KEY `class_code` (`class_code`);

--
-- Indexes for table `exams`
--
ALTER TABLE `exams`
  ADD PRIMARY KEY (`id`);

--
-- Indexes for table `exam_subjects`
--
ALTER TABLE `exam_subjects`
  ADD PRIMARY KEY (`id`),
  ADD KEY `exam_id` (`exam_id`),
  ADD KEY `subject_id` (`subject_id`);

--
-- Indexes for table `fees`
--
ALTER TABLE `fees`
  ADD PRIMARY KEY (`id`),
  ADD KEY `student_id` (`student_id`);

--
-- Indexes for table `marks`
--
ALTER TABLE `marks`
  ADD PRIMARY KEY (`id`);

--
-- Indexes for table `results`
--
ALTER TABLE `results`
  ADD PRIMARY KEY (`id`),
  ADD KEY `student_id` (`student_id`),
  ADD KEY `exam_id` (`exam_id`),
  ADD KEY `subject_id` (`subject_id`);

--
-- Indexes for table `routines`
--
ALTER TABLE `routines`
  ADD PRIMARY KEY (`id`),
  ADD KEY `class_id` (`class_id`),
  ADD KEY `teacher_id` (`teacher_id`);

--
-- Indexes for table `sections`
--
ALTER TABLE `sections`
  ADD PRIMARY KEY (`id`),
  ADD KEY `class_id` (`class_id`);

--
-- Indexes for table `students`
--
ALTER TABLE `students`
  ADD PRIMARY KEY (`id`),
  ADD UNIQUE KEY `student_id` (`student_id`);

--
-- Indexes for table `student_subjects`
--
ALTER TABLE `student_subjects`
  ADD PRIMARY KEY (`id`);

--
-- Indexes for table `subjects`
--
ALTER TABLE `subjects`
  ADD PRIMARY KEY (`id`);

--
-- Indexes for table `subject_group_map`
--
ALTER TABLE `subject_group_map`
  ADD PRIMARY KEY (`id`),
  ADD KEY `subject_id` (`subject_id`);

--
-- Indexes for table `teachers`
--
ALTER TABLE `teachers`
  ADD PRIMARY KEY (`id`);

--
-- Indexes for table `users`
--
ALTER TABLE `users`
  ADD PRIMARY KEY (`id`),
  ADD UNIQUE KEY `username` (`username`);

--
-- AUTO_INCREMENT for dumped tables
--

--
-- AUTO_INCREMENT for table `attendance`
--
ALTER TABLE `attendance`
  MODIFY `id` int(11) NOT NULL AUTO_INCREMENT;

--
-- AUTO_INCREMENT for table `classes`
--
ALTER TABLE `classes`
  MODIFY `id` int(11) NOT NULL AUTO_INCREMENT, AUTO_INCREMENT=6;

--
-- AUTO_INCREMENT for table `exams`
--
ALTER TABLE `exams`
  MODIFY `id` int(11) NOT NULL AUTO_INCREMENT, AUTO_INCREMENT=3;

--
-- AUTO_INCREMENT for table `exam_subjects`
--
ALTER TABLE `exam_subjects`
  MODIFY `id` int(11) NOT NULL AUTO_INCREMENT, AUTO_INCREMENT=32;

--
-- AUTO_INCREMENT for table `fees`
--
ALTER TABLE `fees`
  MODIFY `id` int(11) NOT NULL AUTO_INCREMENT;

--
-- AUTO_INCREMENT for table `marks`
--
ALTER TABLE `marks`
  MODIFY `id` int(11) NOT NULL AUTO_INCREMENT, AUTO_INCREMENT=454;

--
-- AUTO_INCREMENT for table `results`
--
ALTER TABLE `results`
  MODIFY `id` int(11) NOT NULL AUTO_INCREMENT;

--
-- AUTO_INCREMENT for table `routines`
--
ALTER TABLE `routines`
  MODIFY `id` int(11) NOT NULL AUTO_INCREMENT;

--
-- AUTO_INCREMENT for table `sections`
--
ALTER TABLE `sections`
  MODIFY `id` int(11) NOT NULL AUTO_INCREMENT, AUTO_INCREMENT=19;

--
-- AUTO_INCREMENT for table `students`
--
ALTER TABLE `students`
  MODIFY `id` int(11) NOT NULL AUTO_INCREMENT, AUTO_INCREMENT=44;

--
-- AUTO_INCREMENT for table `student_subjects`
--
ALTER TABLE `student_subjects`
  MODIFY `id` int(11) NOT NULL AUTO_INCREMENT, AUTO_INCREMENT=492;

--
-- AUTO_INCREMENT for table `subjects`
--
ALTER TABLE `subjects`
  MODIFY `id` int(11) NOT NULL AUTO_INCREMENT, AUTO_INCREMENT=67;

--
-- AUTO_INCREMENT for table `subject_group_map`
--
ALTER TABLE `subject_group_map`
  MODIFY `id` int(11) NOT NULL AUTO_INCREMENT, AUTO_INCREMENT=144;

--
-- AUTO_INCREMENT for table `teachers`
--
ALTER TABLE `teachers`
  MODIFY `id` int(11) NOT NULL AUTO_INCREMENT;

--
-- AUTO_INCREMENT for table `users`
--
ALTER TABLE `users`
  MODIFY `id` int(11) NOT NULL AUTO_INCREMENT, AUTO_INCREMENT=5;

--
-- Constraints for dumped tables
--

--
-- Constraints for table `attendance`
--
ALTER TABLE `attendance`
  ADD CONSTRAINT `attendance_ibfk_1` FOREIGN KEY (`student_id`) REFERENCES `students` (`id`);

--
-- Constraints for table `exam_subjects`
--
ALTER TABLE `exam_subjects`
  ADD CONSTRAINT `exam_subjects_ibfk_1` FOREIGN KEY (`exam_id`) REFERENCES `exams` (`id`),
  ADD CONSTRAINT `exam_subjects_ibfk_2` FOREIGN KEY (`subject_id`) REFERENCES `subjects` (`id`);

--
-- Constraints for table `fees`
--
ALTER TABLE `fees`
  ADD CONSTRAINT `fees_ibfk_1` FOREIGN KEY (`student_id`) REFERENCES `students` (`id`);

--
-- Constraints for table `results`
--
ALTER TABLE `results`
  ADD CONSTRAINT `results_ibfk_1` FOREIGN KEY (`student_id`) REFERENCES `students` (`id`),
  ADD CONSTRAINT `results_ibfk_2` FOREIGN KEY (`exam_id`) REFERENCES `exams` (`id`),
  ADD CONSTRAINT `results_ibfk_3` FOREIGN KEY (`subject_id`) REFERENCES `subjects` (`id`);

--
-- Constraints for table `routines`
--
ALTER TABLE `routines`
  ADD CONSTRAINT `routines_ibfk_1` FOREIGN KEY (`class_id`) REFERENCES `classes` (`id`),
  ADD CONSTRAINT `routines_ibfk_2` FOREIGN KEY (`teacher_id`) REFERENCES `teachers` (`id`);

--
-- Constraints for table `sections`
--
ALTER TABLE `sections`
  ADD CONSTRAINT `sections_ibfk_1` FOREIGN KEY (`class_id`) REFERENCES `classes` (`id`) ON DELETE CASCADE;

--
-- Constraints for table `subject_group_map`
--
ALTER TABLE `subject_group_map`
  ADD CONSTRAINT `subject_group_map_ibfk_1` FOREIGN KEY (`subject_id`) REFERENCES `subjects` (`id`) ON DELETE CASCADE;
COMMIT;

/*!40101 SET CHARACTER_SET_CLIENT=@OLD_CHARACTER_SET_CLIENT */;
/*!40101 SET CHARACTER_SET_RESULTS=@OLD_CHARACTER_SET_RESULTS */;
/*!40101 SET COLLATION_CONNECTION=@OLD_COLLATION_CONNECTION */;
